Order ID,Amount,Profit,Quantity,Category,Sub-Category,PaymentMode,,,,, 
B-25681,1096,658,7,Electronics,Electronic Games,COD,,,,,
B-26055,5729,64,14,Furniture,Chairs,EMI,,,,,
B-25955,2927,146,8,Furniture,Bookcases,EMI,,,,,
B-26093,2847,712,8,Electronics,Printers,Credit Card,,,,,
B-25602,2617,1151,4,Electronics,Phones,Credit Card,,,,,
B-25881,2244,247,4,Clothing,Trousers,Credit Card,,,,,
B-25696,275,-275,4,Clothing,Saree,COD,,,,,
B-25687,387,-213,5,Clothing,Saree,UPI,,,,,
B-25643,50,-44,2,Clothing,Hankerchief,UPI,,,,,
B-25851,135,-54,5,Clothing,Kurti,COD,,,,,
B-25703,231,-190,9,Clothing,Hankerchief,COD,,,,,
B-25887,2125,-234,6,Electronics,Printers,EMI,,,,,
B-25923,3873,-891,6,Electronics,Phones,Credit Card,,,,,
B-25756,729,-492,5,Furniture,Bookcases,UPI,,,,,
B-25761,2188,1050,5,Furniture,Bookcases,Credit Card,,,,,
B-25655,6,-3,1,Clothing,Hankerchief,UPI,,,,,
B-25786,1854,433,5,Furniture,Bookcases,Credit Card,,,,,
B-26095,6,1,1,Clothing,Kurti,UPI,,,,,
B-25853,2093,721,5,Furniture,Chairs,Credit Card,,,,,
B-25735,7,-1,2,Clothing,Skirt,UPI,,,,,
B-25910,1622,-624,5,Furniture,Tables,Credit Card,,,,,
B-25950,1622,95,5,Electronics,Printers,Credit Card,,,,,
B-25744,373,254,6,Electronics,Printers,UPI,,,,,
B-25845,82,-33,4,Clothing,Kurti,COD,,,,,
B-26001,8,2,2,Clothing,Skirt,UPI,,,,,
B-25830,1954,782,3,Electronics,Phones,Credit Card,,,,,
B-25842,1543,370,8,Electronics,Printers,Credit Card,,,,,
B-25778,1506,-266,6,Electronics,Printers,Credit Card,,,,,
B-25686,1829,-56,6,Furniture,Tables,Credit Card,,,,,
B-25754,9,-1,3,Clothing,Skirt,UPI,,,,,
B-26048,1461,202,5,Furniture,Tables,EMI,,,,,
B-25816,391,113,8,Clothing,Stole,COD,,,,,
B-26022,1824,1303,8,Electronics,Phones,Credit Card,,,,,
B-25883,16,-15,4,Clothing,Hankerchief,UPI,,,,,
B-26003,1745,122,2,Furniture,Tables,Credit Card,,,,,
B-26097,663,-212,5,Electronics,Printers,UPI,,,,,
B-25710,10,-1,1,Clothing,Leggings,UPI,,,,,
B-25797,1630,802,5,Furniture,Tables,EMI,,,,,
B-25618,12,0,2,Clothing,Hankerchief,UPI,,,,,
B-25723,12,-7,2,Clothing,Leggings,UPI,,,,,
B-25755,1709,564,3,Clothing,Trousers,Credit Card,,,,,
B-25788,12,3,1,Clothing,Stole,UPI,,,,,
B-25681,1625,-77,3,Electronics,Phones,EMI,,,,,
B-25991,13,5,2,Clothing,Hankerchief,UPI,,,,,
B-25779,1361,980,3,Furniture,Tables,COD,,,,,
B-25909,1622,-448,3,Electronics,Phones,EMI,,,,,
B-25943,1547,340,6,Electronics,Accessories,EMI,,,,,
B-25935,1657,460,4,Furniture,Chairs,Credit Card,,,,,
B-25613,1603,0,9,Clothing,Saree,Credit Card,,,,,
B-25729,1549,-439,4,Electronics,Phones,Credit Card,,,,,
B-25772,1183,106,4,Electronics,Printers,EMI,,,,,
B-25655,74,-123,8,Clothing,Skirt,UPI,,,,,
B-25640,1499,239,13,Clothing,Saree,Credit Card,,,,,
B-25810,1120,199,6,Clothing,Saree,EMI,,,,,
B-25801,15,-2,1,Clothing,T-shirt,Debit Card,,,,,
B-26085,1487,624,3,Clothing,Trousers,Credit Card,,,,,
B-25868,1118,206,2,Furniture,Tables,Credit Card,,,,,
B-25714,11,-5,2,Clothing,Hankerchief,COD,,,,,
B-25784,15,4,1,Clothing,Hankerchief,Debit Card,,,,,
B-25608,1364,1864,5,Furniture,Tables,Credit Card,,,,,
B-26051,1337,147,7,Electronics,Printers,Credit Card,,,,,
B-25900,15,2,1,Clothing,Leggings,Debit Card,,,,,
B-25760,322,-193,5,Electronics,Printers,UPI,,,,,
B-25762,1316,527,7,Electronics,Electronic Games,Credit Card,,,,,
B-25995,1314,342,3,Furniture,Bookcases,Credit Card,,,,,
B-25965,17,7,3,Clothing,Hankerchief,Debit Card,,,,,
B-25967,17,2,2,Clothing,Skirt,Debit Card,,,,,
B-25674,17,-12,5,Clothing,Skirt,Debit Card,,,,,
B-25929,1308,536,3,Furniture,Bookcases,Credit Card,,,,,
B-25777,1076,-38,4,Electronics,Printers,Credit Card,,,,,
B-26006,1301,573,5,Electronics,Accessories,Credit Card,,,,,
B-25697,1300,-16,8,Electronics,Printers,Credit Card,,,,,
B-25667,11,-2,4,Clothing,Hankerchief,COD,,,,,
B-25836,1298,65,9,Electronics,Printers,EMI,,,,,
B-25984,304,97,6,Clothing,Stole,UPI,,,,,
B-25728,1055,264,4,Electronics,Printers,EMI,,,,,
B-25757,17,-13,4,Clothing,Skirt,Debit Card,,,,,
B-25957,147,73,3,Clothing,Stole,COD,,,,,
B-26061,965,-68,3,Electronics,Printers,COD,,,,,
B-25735,12,-2,3,Clothing,Hankerchief,COD,,,,,
B-25616,14,-2,3,Clothing,Hankerchief,UPI,,,,,
B-25666,934,-916,7,Electronics,Electronic Games,COD,,,,,
B-25675,929,-93,9,Clothing,Saree,COD,,,,,
B-26079,18,3,2,Clothing,Hankerchief,Debit Card,,,,,
B-25850,916,192,11,Electronics,Phones,COD,,,,,
B-25693,76,-72,9,Clothing,Hankerchief,COD,,,,,
B-25852,869,67,4,Furniture,Tables,COD,,,,,
B-25860,112,24,3,Clothing,Kurti,COD,,,,,
B-25853,39,16,6,Clothing,Skirt,UPI,,,,,
B-25898,857,-274,2,Furniture,Tables,COD,,,,,
B-26100,828,230,2,Furniture,Chairs,COD,,,,,
B-25653,1279,-640,8,Electronics,Printers,EMI,,,,,
B-25839,1250,486,7,Clothing,Saree,EMI,,,,,
B-25651,823,-18,7,Furniture,Chairs,COD,,,,,
B-25957,1157,-13,9,Furniture,Bookcases,Credit Card,,,,,
B-25704,126,-63,3,Electronics,Accessories,UPI,,,,,
B-25730,1145,-706,3,Electronics,Phones,Credit Card,,,,,
B-26052,774,170,3,Electronics,Accessories,COD,,,,,
B-25656,24,-1,2,Clothing,Hankerchief,COD,,,,,
B-26033,774,170,3,Electronics,Accessories,COD,,,,,
B-25850,93,-1,2,Clothing,Hankerchief,COD,,,,,
B-25945,765,-36,3,Electronics,Electronic Games,COD,,,,,
B-26086,762,101,6,Electronics,Printers,COD,,,,,
B-25752,761,266,9,Electronics,Electronic Games,COD,,,,,
B-26098,96,-48,5,Clothing,Leggings,UPI,,,,,
B-26067,1137,-14,7,Electronics,Printers,EMI,,,,,
B-25730,18,8,2,Clothing,Hankerchief,Debit Card,,,,,
B-25986,749,-307,7,Furniture,Furnishings,COD,,,,,
B-26067,1120,199,6,Clothing,Saree,EMI,,,,,
B-25953,744,119,6,Electronics,Printers,COD,,,,,
B-25952,14,0,4,Clothing,Hankerchief,UPI,,,,,
B-25903,19,8,2,Clothing,Hankerchief,Debit Card,,,,,
B-25650,512,-225,5,Clothing,Saree,COD,,,,,
B-25970,742,198,2,Furniture,Bookcases,COD,,,,,
B-26062,44,-40,3,Clothing,Stole,COD,,,,,
B-25643,1061,-36,8,Furniture,Bookcases,EMI,,,,,
B-25632,19,-2,2,Clothing,Leggings,Debit Card,,,,,
B-25821,17,0,1,Clothing,Hankerchief,COD,,,,,
B-25878,741,267,5,Furniture,Bookcases,COD,,,,,
B-25752,735,-235,6,Electronics,Printers,COD,,,,,
B-25750,19,-1,1,Clothing,Shirt,Debit Card,,,,,
B-25657,1021,-48,4,Electronics,Electronic Games,EMI,,,,,
B-25787,556,-209,7,Clothing,Saree,COD,,,,,
B-25808,63,-17,6,Clothing,Leggings,COD,,,,,
B-25885,734,248,2,Furniture,Chairs,COD,,,,,
B-25778,933,166,5,Clothing,Saree,Credit Card,,,,,
B-25759,20,-9,6,Clothing,Hankerchief,Debit Card,,,,,
B-25747,877,395,2,Furniture,Bookcases,Credit Card,,,,,
B-25878,719,303,6,Furniture,Chairs,COD,,,,,
B-25603,12,1,2,Clothing,Hankerchief,COD,,,,,
B-25691,714,56,4,Clothing,Saree,COD,,,,,
B-25607,50,-15,4,Clothing,Leggings,COD,,,,,
B-25708,709,-100,5,Electronics,Phones,COD,,,,,
B-26021,21,-12,3,Clothing,Hankerchief,Debit Card,,,,,
B-25831,693,254,6,Clothing,Saree,COD,,,,,
B-25850,24,1,4,Clothing,Hankerchief,COD,,,,,
B-25670,24,1,2,Clothing,Hankerchief,UPI,,,,,
B-25852,24,1,2,Clothing,Hankerchief,COD,,,,,
B-26029,21,10,1,Clothing,T-shirt,Debit Card,,,,,
B-25959,681,259,4,Furniture,Chairs,COD,,,,,
B-25676,674,-187,2,Furniture,Tables,COD,,,,,
B-26097,671,-309,5,Electronics,Electronic Games,COD,,,,,
B-25888,646,-213,3,Electronics,Electronic Games,COD,,,,,
B-25911,40,15,1,Clothing,Kurti,COD,,,,,
B-25662,24,-2,2,Clothing,T-shirt,COD,,,,,
B-25950,644,167,2,Electronics,Printers,COD,,,,,
B-25847,643,225,2,Electronics,Printers,COD,,,,,
B-25796,632,-316,6,Clothing,Saree,COD,,,,,
B-25693,632,316,6,Clothing,Saree,COD,,,,,
B-25993,610,208,3,Electronics,Printers,COD,,,,,
B-26052,78,-28,6,Clothing,Kurti,UPI,,,,,
B-25930,595,119,4,Furniture,Bookcases,COD,,,,,
B-25785,595,292,3,Clothing,Saree,COD,,,,,
B-26093,852,51,5,Furniture,Bookcases,Credit Card,,,,,
B-26053,594,89,3,Furniture,Bookcases,COD,,,,,
B-26019,585,175,13,Clothing,T-shirt,COD,,,,,
B-26070,582,262,5,Furniture,Furnishings,COD,,,,,
B-25870,845,84,7,Clothing,Saree,Credit Card,,,,,
B-25855,829,19,4,Electronics,Printers,Credit Card,,,,,
B-25602,561,212,3,Clothing,Saree,COD,,,,,
B-25728,771,-424,2,Electronics,Phones,Credit Card,,,,,
B-25803,765,8,6,Clothing,Saree,EMI,,,,,
B-25996,31,2,2,Clothing,Hankerchief,COD,,,,,
B-26078,557,-111,2,Electronics,Electronic Games,COD,,,,,
B-25803,757,371,2,Electronics,Printers,Credit Card,,,,,
B-25682,545,-73,11,Electronics,Phones,COD,,,,,
B-25749,1052,-82,3,Furniture,Bookcases,UPI,,,,,
B-25962,544,-152,3,Furniture,Bookcases,COD,,,,,
B-25899,22,9,2,Clothing,Leggings,Debit Card,,,,,
B-25845,757,371,2,Electronics,Printers,Credit Card,,,,,
B-25951,742,198,2,Furniture,Bookcases,Credit Card,,,,,
B-25828,537,107,3,Clothing,Saree,COD,,,,,
B-25803,536,91,1,Clothing,Trousers,COD,,,,,
B-25656,6,3,1,Clothing,Hankerchief,COD,,,,,
B-25681,523,204,7,Clothing,Trousers,COD,,,,,
B-25658,27,9,2,Clothing,T-shirt,UPI,,,,,
B-25698,516,392,8,Furniture,Chairs,COD,,,,,
B-25832,504,116,3,Furniture,Bookcases,COD,,,,,
B-25886,502,84,4,Electronics,Phones,COD,,,,,
B-25897,734,213,6,Electronics,Electronic Games,Credit Card,,,,,
B-25873,42,12,2,Clothing,Kurti,COD,,,,,
B-25858,29,11,4,Clothing,Skirt,COD,,,,,
B-25867,240,12,6,Clothing,Kurti,UPI,,,,,
B-25633,496,-79,2,Clothing,Trousers,COD,,,,,
B-25609,485,29,4,Electronics,Electronic Games,COD,,,,,
B-25896,31,-11,3,Clothing,Skirt,UPI,,,,,
B-26000,676,151,3,Electronics,Printers,Credit Card,,,,,
B-25959,23,8,2,Clothing,Hankerchief,Debit Card,,,,,
B-25940,13,3,2,Clothing,Hankerchief,COD,,,,,
B-26087,180,0,8,Clothing,Stole,COD,,,,,
B-26055,671,114,9,Electronics,Phones,Credit Card,,,,,
B-25980,22,11,3,Clothing,Kurti,COD,,,,,
B-25653,668,-31,3,Electronics,Printers,Credit Card,,,,,
B-26052,145,0,3,Clothing,Saree,UPI,,,,,
B-25877,24,8,2,Clothing,Skirt,Debit Card,,,,,
B-25608,476,0,3,Furniture,Chairs,COD,,,,,
B-25897,24,11,5,Clothing,Hankerchief,Debit Card,,,,,
B-25881,37,3,3,Clothing,Hankerchief,COD,,,,,
B-25905,152,50,6,Clothing,Stole,UPI,,,,,
B-25818,32,11,2,Clothing,Leggings,UPI,,,,,
B-25835,52,11,5,Clothing,Leggings,COD,,,,,
B-26081,24,11,3,Clothing,Hankerchief,Debit Card,,,,,
B-25730,473,42,4,Furniture,Chairs,COD,,,,,
B-25837,263,50,5,Clothing,Stole,COD,,,,,
B-25893,61,11,3,Clothing,Kurti,COD,,,,,
B-25689,469,-459,3,Electronics,Electronic Games,COD,,,,,
B-26028,1272,547,2,Electronics,Phones,COD,,,,,
B-26081,169,0,3,Electronics,Accessories,COD,,,,,
B-25903,25,11,3,Clothing,Leggings,Debit Card,,,,,
B-25651,457,-41,4,Clothing,Saree,COD,,,,,
B-25903,455,77,8,Electronics,Accessories,COD,,,,,
B-26086,25,2,2,Clothing,Hankerchief,Debit Card,,,,,
B-25654,450,-90,3,Electronics,Printers,COD,,,,,
B-25720,30,-35,1,Furniture,Chairs,COD,,,,,
B-26057,659,-37,2,Furniture,Bookcases,Credit Card,,,,,
B-25798,448,148,2,Electronics,Printers,COD,,,,,
B-25961,446,53,3,Electronics,Printers,COD,,,,,
B-25701,98,-45,2,Furniture,Chairs,UPI,,,,,
B-26055,443,11,1,Clothing,Saree,COD,,,,,
B-25653,427,-50,7,Electronics,Phones,COD,,,,,
B-25670,656,-36,2,Furniture,Bookcases,Credit Card,,,,,
B-26056,424,161,2,Clothing,Saree,COD,,,,,
B-26061,27,8,2,Clothing,T-shirt,Debit Card,,,,,
B-25602,424,-272,5,Electronics,Phones,COD,,,,,
B-26016,202,4,4,Clothing,Hankerchief,COD,,,,,
B-25873,1275,357,2,Electronics,Phones,UPI,,,,,
B-25761,418,70,7,Electronics,Phones,COD,,,,,
B-25819,417,49,3,Electronics,Electronic Games,COD,,,,,
B-25853,199,48,4,Clothing,Stole,UPI,,,,,
B-25662,385,-77,11,Furniture,Furnishings,UPI,,,,,
B-25993,414,199,3,Electronics,Phones,COD,,,,,
B-25703,97,-45,4,Clothing,Saree,COD,,,,,
B-25848,648,50,6,Electronics,Electronic Games,Credit Card,,,,,
B-25678,27,-25,2,Clothing,Shirt,Debit Card,,,,,
B-25925,27,12,1,Clothing,Stole,Debit Card,,,,,
B-25977,27,1,1,Clothing,Stole,UPI,,,,,
B-25797,413,-314,9,Furniture,Chairs,COD,,,,,
B-26067,53,2,4,Clothing,Hankerchief,COD,,,,,
B-25810,29,8,5,Clothing,Hankerchief,UPI,,,,,
B-25648,30,13,1,Clothing,T-shirt,UPI,,,,,
B-25933,412,412,6,Clothing,Saree,COD,,,,,
B-25942,646,-23,2,Electronics,Printers,Credit Card,,,,,
B-25656,30,-5,5,Clothing,Stole,UPI,,,,,
B-26067,618,27,4,Furniture,Bookcases,Credit Card,,,,,
B-25673,143,-124,5,Clothing,Saree,UPI,,,,,
B-25797,31,1,2,Clothing,Hankerchief,UPI,,,,,
B-26098,409,86,3,Clothing,Saree,COD,,,,,
B-25656,406,126,2,Clothing,Saree,COD,,,,,
B-25791,565,66,7,Clothing,Saree,Credit Card,,,,,
B-26053,85,2,6,Clothing,Stole,COD,,,,,
B-25983,561,118,5,Furniture,Bookcases,Credit Card,,,,,
B-25743,503,-56,2,Clothing,Trousers,COD,,,,,
B-25867,31,14,3,Clothing,Stole,UPI,,,,,
B-25973,398,111,8,Clothing,Hankerchief,COD,,,,,
B-25895,388,93,2,Furniture,Bookcases,COD,,,,,
B-26003,498,-116,4,Clothing,Saree,UPI,,,,,
B-25717,561,212,3,Clothing,Saree,Credit Card,,,,,
B-26064,61,3,4,Clothing,Hankerchief,COD,,,,,
B-25630,34,-22,4,Clothing,T-shirt,COD,,,,,
B-26050,32,6,3,Clothing,Shirt,UPI,,,,,
B-25786,623,-192,3,Furniture,Tables,UPI,,,,,
B-26035,520,151,3,Electronics,Phones,Credit Card,,,,,
B-25693,32,-16,6,Clothing,Saree,UPI,,,,,
B-25703,32,-5,5,Clothing,Hankerchief,UPI,,,,,
B-25966,510,234,6,Electronics,Electronic Games,EMI,,,,,
B-26060,382,68,3,Clothing,Saree,COD,,,,,
B-25898,33,13,3,Clothing,Leggings,UPI,,,,,
B-25686,381,-13,2,Clothing,Saree,COD,,,,,
B-26051,490,88,2,Electronics,Accessories,EMI,,,,,
B-25854,381,144,2,Clothing,Saree,COD,,,,,
B-26050,487,143,4,Electronics,Phones,EMI,,,,,
B-25961,366,84,3,Furniture,Bookcases,COD,,,,,
B-25701,33,-29,3,Clothing,Shirt,UPI,,,,,
B-25970,365,107,3,Electronics,Phones,COD,,,,,
B-25933,207,-100,2,Clothing,Saree,UPI,,,,,
B-26081,359,-338,5,Furniture,Bookcases,COD,,,,,
B-25650,351,-47,8,Electronics,Phones,COD,,,,,
B-25850,485,199,4,Clothing,Saree,EMI,,,,,
B-25643,37,-23,4,Clothing,Shirt,UPI,,,,,
B-26100,34,10,2,Clothing,T-shirt,Debit Card,,,,,
B-25964,346,108,3,Furniture,Chairs,COD,,,,,
B-25676,342,-103,4,Electronics,Electronic Games,COD,,,,,
B-25628,35,-8,2,Furniture,Furnishings,Debit Card,,,,,
B-25891,121,41,4,Clothing,Stole,UPI,,,,,
B-25903,336,57,2,Electronics,Phones,COD,,,,,
B-25851,336,71,3,Furniture,Bookcases,COD,,,,,
B-26089,27,4,1,Clothing,Hankerchief,COD,,,,,
B-25996,333,50,2,Electronics,Phones,COD,,,,,
B-25881,36,7,3,Clothing,Leggings,Debit Card,,,,,
B-25621,333,-15,3,Electronics,Phones,COD,,,,,
B-25727,327,114,4,Clothing,Trousers,COD,,,,,
B-25843,18,6,3,Clothing,Hankerchief,UPI,,,,,
B-26050,325,32,7,Clothing,T-shirt,COD,,,,,
B-25741,482,-6,7,Electronics,Electronic Games,EMI,,,,,
B-25756,465,-33,4,Electronics,Phones,EMI,,,,,
B-25787,40,-12,3,Clothing,Shirt,COD,,,,,
B-25603,107,36,6,Clothing,Stole,COD,,,,,
B-25655,312,-312,7,Furniture,Chairs,COD,,,,,
B-26096,451,25,3,Electronics,Phones,EMI,,,,,
B-25962,312,62,1,Electronics,Electronic Games,COD,,,,,
B-26007,311,72,2,Furniture,Bookcases,COD,,,,,
B-26088,11,5,2,Clothing,Hankerchief,UPI,,,,,
B-25673,37,-5,3,Clothing,T-shirt,Debit Card,,,,,
B-25664,444,-200,4,Electronics,Phones,EMI,,,,,
B-25642,434,26,11,Clothing,Shirt,Credit Card,,,,,
B-25987,299,0,6,Clothing,Stole,COD,,,,,
B-25903,37,17,3,Clothing,Hankerchief,Debit Card,,,,,
B-25770,299,113,2,Furniture,Bookcases,COD,,,,,
B-25840,298,74,2,Furniture,Bookcases,COD,,,,,
B-25846,94,7,7,Clothing,Leggings,UPI,,,,,
B-25745,296,225,11,Clothing,Saree,COD,,,,,
B-26073,37,17,3,Clothing,Hankerchief,Debit Card,,,,,
B-26030,291,93,2,Electronics,Printers,COD,,,,,
B-25678,327,-39,1,Electronics,Phones,COD,,,,,
B-26035,291,119,11,Clothing,Saree,COD,,,,,
B-25896,287,-66,6,Clothing,Kurti,COD,,,,,
B-25989,42,15,1,Electronics,Accessories,UPI,,,,,
B-26016,429,61,3,Electronics,Electronic Games,Credit Card,,,,,
B-26009,285,128,2,Electronics,Printers,COD,,,,,
B-25915,277,3,1,Electronics,Electronic Games,COD,,,,,
B-25845,274,-7,4,Electronics,Phones,COD,,,,,
B-25645,273,-87,4,Electronics,Phones,COD,,,,,
B-25803,269,91,1,Electronics,Electronic Games,COD,,,,,
B-26030,11,5,1,Clothing,Skirt,COD,,,,,
B-25955,39,2,2,Clothing,Saree,Debit Card,,,,,
B-26096,264,-26,3,Clothing,Trousers,COD,,,,,
B-25635,40,16,3,Clothing,Hankerchief,Debit Card,,,,,
B-26038,41,19,2,Clothing,T-shirt,Debit Card,,,,,
B-25791,253,-63,2,Clothing,Saree,UPI,,,,,
B-26014,406,97,7,Furniture,Chairs,Credit Card,,,,,
B-25751,32,7,3,Clothing,Hankerchief,COD,,,,,
B-25962,260,68,2,Electronics,Printers,COD,,,,,
B-26025,41,19,5,Clothing,Hankerchief,Debit Card,,,,,
B-26048,401,13,6,Furniture,Chairs,Credit Card,,,,,
B-25635,382,30,3,Clothing,Saree,Credit Card,,,,,
B-25981,867,251,5,Electronics,Phones,COD,,,,,
B-25610,43,0,3,Clothing,Saree,Debit Card,,,,,
B-25733,43,-43,7,Clothing,Stole,Debit Card,,,,,
B-25977,74,29,3,Clothing,Stole,COD,,,,,
B-25655,44,-26,3,Clothing,Hankerchief,Debit Card,,,,,
B-25612,259,-55,2,Furniture,Chairs,COD,,,,,
B-25608,257,23,5,Clothing,Hankerchief,COD,,,,,
B-25752,76,27,5,Clothing,Stole,COD,,,,,
B-25700,44,-32,3,Clothing,Stole,Debit Card,,,,,
B-25856,257,3,2,Clothing,Saree,COD,,,,,
B-26026,255,76,9,Clothing,Hankerchief,COD,,,,,
B-25861,44,14,3,Clothing,Hankerchief,Debit Card,,,,,
B-25673,45,-2,4,Clothing,Shirt,COD,,,,,
B-25681,44,-3,1,Clothing,Saree,Debit Card,,,,,
B-26051,382,119,2,Clothing,Saree,Credit Card,,,,,
B-25951,250,100,3,Clothing,Trousers,COD,,,,,
B-25799,45,-15,2,Furniture,Chairs,COD,,,,,
B-26053,246,61,2,Furniture,Bookcases,COD,,,,,
B-26030,50,25,5,Clothing,Stole,COD,,,,,
B-26054,246,98,5,Clothing,Hankerchief,COD,,,,,
B-25696,44,99,3,Clothing,Kurti,Debit Card,,,,,
B-25660,245,-78,3,Clothing,Saree,COD,,,,,
B-25858,245,30,2,Clothing,Saree,COD,,,,,
B-26045,376,0,7,Clothing,Stole,Credit Card,,,,,
B-25850,45,1,3,Clothing,T-shirt,Debit Card,,,,,
B-25781,45,-28,2,Clothing,Stole,Debit Card,,,,,
B-25918,244,-122,5,Furniture,Furnishings,COD,,,,,
B-25971,244,83,2,Furniture,Bookcases,COD,,,,,
B-25870,10,4,1,Clothing,Kurti,UPI,,,,,
B-25770,375,180,3,Furniture,Bookcases,Credit Card,,,,,
B-25757,46,14,5,Clothing,Skirt,Debit Card,,,,,
B-25699,49,-31,2,Clothing,Stole,UPI,,,,,
B-25776,47,-20,2,Clothing,Kurti,Debit Card,,,,,
B-25893,355,-114,7,Clothing,Stole,Credit Card,,,,,
B-25985,32,8,5,Clothing,Hankerchief,UPI,,,,,
B-25681,243,-14,2,Furniture,Chairs,COD,,,,,
B-26063,241,-77,4,Electronics,Electronic Games,COD,,,,,
B-26032,47,15,5,Clothing,Saree,Debit Card,,,,,
B-26001,50,-10,6,Clothing,Skirt,Debit Card,,,,,
B-26056,15,6,2,Clothing,Hankerchief,COD,,,,,
B-25850,148,24,3,Clothing,Stole,COD,,,,,
B-25767,299,-28,3,Electronics,Electronic Games,UPI,,,,,
B-25693,68,-30,1,Electronics,Phones,UPI,,,,,
B-25850,52,18,5,Clothing,Leggings,Debit Card,,,,,
B-25796,239,-162,5,Furniture,Chairs,COD,,,,,
B-26053,27,6,3,Clothing,Skirt,COD,,,,,
B-25650,238,20,2,Clothing,Saree,COD,,,,,
B-25961,48,16,3,Clothing,Shirt,COD,,,,,
B-26023,66,22,3,Clothing,Stole,UPI,,,,,
B-25809,53,24,1,Clothing,Hankerchief,Debit Card,,,,,
B-25621,233,-10,5,Electronics,Electronic Games,COD,,,,,
B-25854,53,-2,3,Clothing,Saree,Debit Card,,,,,
B-26057,54,8,4,Clothing,T-shirt,Debit Card,,,,,
B-25688,352,-345,5,Clothing,Saree,Credit Card,,,,,
B-25885,349,0,7,Clothing,Stole,Credit Card,,,,,
B-25753,341,-85,6,Clothing,Trousers,Credit Card,,,,,
B-25981,54,12,3,Clothing,Saree,Debit Card,,,,,
B-26055,57,7,2,Clothing,Shirt,UPI,,,,,
B-25714,340,20,7,Clothing,Shirt,Credit Card,,,,,
B-26055,227,48,5,Clothing,Stole,COD,,,,,
B-25989,330,81,1,Furniture,Bookcases,Credit Card,,,,,
B-25710,216,-38,6,Furniture,Furnishings,UPI,,,,,
B-25773,224,-143,3,Furniture,Chairs,COD,,,,,
B-25661,55,-33,2,Furniture,Chairs,Debit Card,,,,,
B-26021,49,21,1,Clothing,Stole,UPI,,,,,
B-26057,224,87,3,Clothing,Trousers,COD,,,,,
B-25858,223,27,2,Furniture,Bookcases,COD,,,,,
B-25857,324,39,8,Electronics,Accessories,Credit Card,,,,,
B-25656,56,18,2,Clothing,Hankerchief,Debit Card,,,,,
B-25999,223,62,7,Clothing,Shirt,COD,,,,,
B-25856,10,2,2,Clothing,Skirt,COD,,,,,
B-25926,57,6,5,Clothing,Leggings,Debit Card,,,,,
B-25728,322,-113,4,Clothing,Saree,Credit Card,,,,,
B-26076,219,4,2,Clothing,Saree,COD,,,,,
B-25913,103,21,7,Clothing,Stole,UPI,,,,,
B-25703,47,-27,4,Clothing,Saree,COD,,,,,
B-25858,219,0,1,Clothing,Saree,COD,,,,,
B-25727,57,-48,6,Clothing,Leggings,Debit Card,,,,,
B-26020,319,102,6,Electronics,Accessories,Credit Card,,,,,
B-26003,315,-8,3,Furniture,Chairs,Credit Card,,,,,
B-25925,314,-41,3,Electronics,Electronic Games,Credit Card,,,,,
B-26087,311,40,1,Electronics,Electronic Games,EMI,,,,,
B-25810,307,74,3,Electronics,Accessories,EMI,,,,,
B-25858,294,109,7,Electronics,Accessories,EMI,,,,,
B-25861,216,-83,3,Electronics,Electronic Games,COD,,,,,
B-25661,58,-42,2,Furniture,Chairs,Debit Card,,,,,
B-25943,48,20,4,Clothing,Stole,UPI,,,,,
B-25955,54,14,3,Clothing,T-shirt,UPI,,,,,
B-26051,216,50,4,Clothing,Stole,COD,,,,,
B-25999,215,-30,2,Clothing,Saree,COD,,,,,
B-26083,43,8,3,Clothing,Leggings,COD,,,,,
B-25950,136,-33,5,Clothing,Saree,COD,,,,,
B-25625,59,-30,3,Clothing,Leggings,Debit Card,,,,,
B-26055,213,4,14,Clothing,Shirt,COD,,,,,
B-26023,59,21,2,Clothing,Stole,Debit Card,,,,,
B-26010,55,3,3,Clothing,T-shirt,COD,,,,,
B-25955,294,62,9,Clothing,T-shirt,EMI,,,,,
B-25900,210,62,2,Electronics,Phones,COD,,,,,
B-26089,59,24,6,Clothing,Kurti,Debit Card,,,,,
B-25655,396,-31,9,Clothing,Saree,COD,,,,,
B-25979,284,45,2,Furniture,Bookcases,EMI,,,,,
B-26002,276,52,5,Clothing,Saree,EMI,,,,,
B-25635,23,2,2,Clothing,Skirt,UPI,,,,,
B-26084,209,-63,4,Electronics,Electronic Games,COD,,,,,
B-25998,50,-28,5,Furniture,Furnishings,COD,,,,,
B-25872,57,27,2,Clothing,Shirt,COD,,,,,
B-25795,276,-21,2,Electronics,Phones,EMI,,,,,
B-25902,268,6,2,Furniture,Bookcases,UPI,,,,,
B-25650,269,111,3,Clothing,Trousers,EMI,,,,,
B-25957,209,2,1,Clothing,Saree,COD,,,,,
B-25793,60,-12,4,Clothing,Hankerchief,Debit Card,,,,,
B-25654,269,-86,2,Electronics,Electronic Games,EMI,,,,,
B-25750,208,-25,2,Clothing,Saree,COD,,,,,
B-25835,27,2,2,Clothing,Leggings,UPI,,,,,
B-25652,206,-206,3,Clothing,Saree,COD,,,,,
B-26018,61,8,4,Clothing,Hankerchief,Debit Card,,,,,
B-25750,212,-24,2,Furniture,Chairs,COD,,,,,
B-25840,262,64,6,Clothing,Saree,EMI,,,,,
B-25756,204,276,3,Furniture,Bookcases,COD,,,,,
B-25777,59,-46,7,Clothing,T-shirt,UPI,,,,,
B-25750,199,-18,2,Clothing,Saree,COD,,,,,
B-25823,59,6,1,Electronics,Accessories,UPI,,,,,
B-26096,45,9,3,Clothing,Leggings,UPI,,,,,
B-25757,211,19,8,Clothing,Stole,COD,,,,,
B-25698,65,-16,2,Electronics,Phones,Debit Card,,,,,
B-25710,25,0,4,Clothing,Skirt,UPI,,,,,
B-25994,196,-7,5,Electronics,Phones,COD,,,,,
B-25950,261,13,6,Clothing,Shirt,Credit Card,,,,,
B-25653,195,-117,5,Electronics,Phones,COD,,,,,
B-25785,192,-146,3,Clothing,Saree,COD,,,,,
B-25863,189,87,7,Clothing,Stole,COD,,,,,
B-25959,32,2,2,Clothing,Kurti,UPI,,,,,
B-25991,188,13,7,Clothing,Shirt,COD,,,,,
B-25680,73,-25,3,Clothing,Saree,COD,,,,,
B-25910,259,47,5,Clothing,Hankerchief,Credit Card,,,,,
B-25737,187,-15,3,Clothing,Trousers,COD,,,,,
B-25853,26,11,2,Clothing,Hankerchief,UPI,,,,,
B-26097,185,-26,6,Furniture,Chairs,COD,,,,,
B-25875,248,8,2,Clothing,Saree,Credit Card,,,,,
B-26031,67,9,4,Clothing,Leggings,Debit Card,,,,,
B-25773,248,-70,3,Furniture,Chairs,Credit Card,,,,,
B-25840,246,61,2,Furniture,Bookcases,Credit Card,,,,,
B-25908,179,-25,5,Clothing,Kurti,COD,,,,,
B-26041,176,-28,5,Furniture,Furnishings,COD,,,,,
B-26010,176,-13,5,Furniture,Furnishings,COD,,,,,
B-25640,68,-62,2,Clothing,Trousers,Debit Card,,,,,
B-25794,176,37,6,Electronics,Accessories,COD,,,,,
B-25987,88,11,7,Clothing,Hankerchief,UPI,,,,,
B-25615,68,20,5,Clothing,Hankerchief,Debit Card,,,,,
B-25997,231,99,2,Electronics,Electronic Games,Credit Card,,,,,
B-25981,62,8,2,Clothing,T-shirt,UPI,,,,,
B-25791,175,77,3,Clothing,Saree,COD,,,,,
B-25986,71,4,5,Clothing,Leggings,Debit Card,,,,,
B-25652,174,-70,3,Electronics,Accessories,COD,,,,,
B-25952,173,69,3,Furniture,Chairs,COD,,,,,
B-25898,171,2,2,Electronics,Electronic Games,COD,,,,,
B-25785,268,-25,3,Clothing,Saree,COD,,,,,
B-25990,71,32,3,Clothing,Saree,Debit Card,,,,,
B-26091,29,10,4,Clothing,Hankerchief,UPI,,,,,
B-25604,65,17,2,Clothing,T-shirt,UPI,,,,,
B-25754,72,-46,7,Clothing,Kurti,Debit Card,,,,,
B-25724,168,-51,2,Furniture,Bookcases,COD,,,,,
B-25757,165,30,3,Clothing,Stole,COD,,,,,
B-25767,74,-59,2,Electronics,Accessories,Debit Card,,,,,
B-25886,89,17,2,Clothing,Stole,UPI,,,,,
B-25621,228,63,3,Electronics,Electronic Games,Credit Card,,,,,
B-25967,119,-24,4,Furniture,Furnishings,COD,,,,,
B-25691,75,-25,3,Clothing,Stole,UPI,,,,,
B-25953,67,20,4,Clothing,T-shirt,UPI,,,,,
B-25651,7,0,1,Clothing,Leggings,COD,,,,,
B-25828,222,35,5,Clothing,Saree,Credit Card,,,,,
B-25628,219,-9,4,Clothing,Saree,Credit Card,,,,,
B-25703,42,-23,2,Furniture,Furnishings,UPI,,,,,
B-25929,216,-135,3,Furniture,Chairs,Credit Card,,,,,
B-25748,47,-21,2,Electronics,Electronic Games,COD,,,,,
B-25610,68,-55,5,Electronics,Accessories,UPI,,,,,
B-25903,74,33,2,Clothing,Shirt,Debit Card,,,,,
B-25878,165,46,3,Furniture,Furnishings,COD,,,,,
B-26056,101,11,2,Clothing,Hankerchief,UPI,,,,,
B-26004,162,73,2,Electronics,Electronic Games,COD,,,,,
B-25699,20,-22,1,Furniture,Furnishings,UPI,,,,,
B-26053,162,55,3,Clothing,Stole,COD,,,,,
B-25654,229,-23,2,Clothing,Saree,UPI,,,,,
B-25954,27,0,2,Clothing,Leggings,COD,,,,,
B-25910,685,7,7,Clothing,Trousers,UPI,,,,,
B-26064,75,2,5,Clothing,Leggings,Debit Card,,,,,
B-25983,161,-229,8,Furniture,Furnishings,COD,,,,,
B-26002,71,19,3,Clothing,T-shirt,COD,,,,,
B-25650,211,-105,2,Clothing,Saree,Credit Card,,,,,
B-26043,79,5,6,Clothing,Hankerchief,Debit Card,,,,,
B-25657,32,-22,5,Clothing,Saree,UPI,,,,,
B-25838,161,40,3,Clothing,Stole,COD,,,,,
B-25651,159,4,1,Clothing,Saree,COD,,,,,
B-25808,210,-50,4,Clothing,Hankerchief,Credit Card,,,,,
B-25973,79,39,2,Clothing,Shirt,Debit Card,,,,,
B-25698,207,153,3,Clothing,Saree,Credit Card,,,,,
B-25818,36,0,4,Clothing,Kurti,COD,,,,,
B-26061,206,12,1,Electronics,Printers,Credit Card,,,,,
B-25878,46,0,4,Clothing,Leggings,COD,,,,,
B-26054,156,23,3,Clothing,Stole,COD,,,,,
B-25809,154,54,3,Clothing,Hankerchief,COD,,,,,
B-26042,36,15,3,Clothing,Stole,UPI,,,,,
B-26008,206,51,4,Clothing,Hankerchief,Credit Card,,,,,
B-25927,200,7,4,Electronics,Electronic Games,Credit Card,,,,,
B-26008,199,-1,1,Clothing,Saree,Credit Card,,,,,
B-25753,154,22,7,Clothing,T-shirt,COD,,,,,
B-25948,152,23,3,Furniture,Furnishings,COD,,,,,
B-26094,152,50,6,Clothing,Stole,COD,,,,,
B-25654,122,-21,3,Furniture,Furnishings,UPI,,,,,
B-25854,149,48,6,Clothing,Stole,COD,,,,,
B-25623,149,-87,4,Clothing,Saree,COD,,,,,
B-25985,197,20,4,Clothing,Kurti,Credit Card,,,,,
B-25723,76,-54,3,Electronics,Electronic Games,COD,,,,,
B-25751,221,-15,2,Electronics,Electronic Games,COD,,,,,
B-26050,79,32,3,Clothing,Saree,Debit Card,,,,,
B-25800,45,12,7,Clothing,Hankerchief,UPI,,,,,
B-25673,149,-1,1,Clothing,Saree,COD,,,,,
B-26002,80,22,3,Clothing,Stole,Debit Card,,,,,
B-26009,195,12,9,Clothing,Shirt,Credit Card,,,,,
B-25754,19,0,3,Clothing,Skirt,UPI,,,,,
B-25953,81,41,3,Clothing,Stole,Debit Card,,,,,
B-26039,83,34,5,Clothing,Shirt,Debit Card,,,,,
B-26001,149,17,4,Furniture,Furnishings,COD,,,,,
B-25620,193,46,1,Electronics,Printers,Credit Card,,,,,
B-26051,85,24,10,Clothing,Hankerchief,Debit Card,,,,,
B-25673,44,-17,5,Clothing,Saree,UPI,,,,,
B-25721,149,-40,2,Electronics,Phones,COD,,,,,
B-25764,26,0,2,Clothing,Kurti,COD,,,,,
B-25645,86,0,4,Clothing,T-shirt,Debit Card,,,,,
B-26066,86,22,2,Clothing,Saree,Debit Card,,,,,
B-26003,79,16,3,Clothing,T-shirt,COD,,,,,
B-25712,193,-275,3,Electronics,Phones,Credit Card,,,,,
B-25796,148,0,3,Clothing,Saree,COD,,,,,
B-25738,70,-14,2,Furniture,Furnishings,UPI,,,,,
B-25771,148,59,3,Clothing,Hankerchief,COD,,,,,
B-25950,190,19,9,Furniture,Furnishings,Credit Card,,,,,
B-26038,52,14,2,Clothing,Stole,COD,,,,,
B-26004,147,44,3,Clothing,Saree,COD,,,,,
B-25896,190,68,8,Clothing,T-shirt,Credit Card,,,,,
B-25601,80,-56,4,Electronics,Electronic Games,UPI,,,,,
B-25952,147,48,3,Clothing,Saree,COD,,,,,
B-25873,66,12,3,Clothing,Stole,COD,,,,,
B-25844,86,8,2,Clothing,Saree,Debit Card,,,,,
B-26054,88,19,2,Clothing,Shirt,Debit Card,,,,,
B-25953,188,-193,2,Electronics,Electronic Games,Credit Card,,,,,
B-25951,89,29,2,Clothing,Stole,UPI,,,,,
B-26065,146,19,5,Clothing,Stole,COD,,,,,
B-26033,143,32,1,Furniture,Bookcases,COD,,,,,
B-25781,25,-1,4,Clothing,Kurti,COD,,,,,
B-26043,30,12,3,Clothing,Skirt,UPI,,,,,
B-25787,140,-58,4,Furniture,Furnishings,COD,,,,,
B-25664,83,-48,1,Furniture,Bookcases,UPI,,,,,
B-25825,140,6,5,Clothing,Saree,COD,,,,,
B-25818,28,14,4,Clothing,Hankerchief,COD,,,,,
B-25765,139,14,3,Clothing,Stole,COD,,,,,
B-25853,30,14,3,Clothing,Hankerchief,UPI,,,,,
B-26030,89,36,3,Clothing,Shirt,UPI,,,,,
B-25730,187,30,4,Electronics,Accessories,Credit Card,,,,,
B-26054,139,21,3,Electronics,Accessories,COD,,,,,
B-25773,437,-14,2,Clothing,Saree,UPI,,,,,
B-25717,138,-3,5,Clothing,Saree,COD,,,,,
B-26010,85,13,2,Clothing,Shirt,UPI,,,,,
B-25893,83,12,3,Clothing,Stole,UPI,,,,,
B-26076,91,22,2,Clothing,Stole,UPI,,,,,
B-25803,137,5,5,Clothing,Shirt,COD,,,,,
B-25709,33,-12,7,Clothing,Saree,UPI,,,,,
B-25755,134,-34,2,Furniture,Chairs,COD,,,,,
B-25684,134,42,2,Furniture,Chairs,COD,,,,,
B-25739,133,-56,2,Furniture,Chairs,COD,,,,,
B-26081,93,-84,3,Clothing,Saree,UPI,,,,,
B-25662,86,-21,1,Electronics,Electronic Games,UPI,,,,,
B-25845,132,54,5,Clothing,Stole,COD,,,,,
B-26085,132,-10,3,Clothing,Saree,COD,,,,,
B-25745,132,-79,5,Furniture,Furnishings,COD,,,,,
B-25999,93,-65,4,Clothing,Stole,UPI,,,,,
B-26082,95,5,2,Clothing,Stole,UPI,,,,,
B-26097,97,12,2,Clothing,Hankerchief,UPI,,,,,
B-25731,131,-154,8,Furniture,Furnishings,COD,,,,,
B-25625,97,29,2,Clothing,Hankerchief,UPI,,,,,
B-25853,128,4,3,Clothing,Saree,COD,,,,,
B-25703,186,241,9,Clothing,Shirt,Credit Card,,,,,
B-26003,128,47,4,Clothing,Hankerchief,COD,,,,,
B-25803,185,48,4,Clothing,Stole,Credit Card,,,,,
B-25719,29,10,2,Clothing,Stole,COD,,,,,
B-25883,127,29,3,Furniture,Furnishings,COD,,,,,
B-25891,97,36,7,Clothing,Hankerchief,UPI,,,,,
B-25821,125,0,3,Electronics,Accessories,COD,,,,,
B-25646,299,-8,2,Clothing,Saree,COD,,,,,
B-25874,124,54,5,Clothing,T-shirt,COD,,,,,
B-25717,90,17,3,Clothing,Shirt,COD,,,,,
B-26073,122,11,4,Clothing,Hankerchief,COD,,,,,
B-25800,122,-66,9,Electronics,Accessories,COD,,,,,
B-25991,90,30,2,Furniture,Chairs,UPI,,,,,
B-25638,182,-11,3,Furniture,Bookcases,Credit Card,,,,,
B-26021,122,59,7,Furniture,Furnishings,COD,,,,,
B-25882,121,19,4,Clothing,Stole,COD,,,,,
B-26053,120,1,1,Furniture,Chairs,COD,,,,,
B-25951,120,23,5,Clothing,Stole,COD,,,,,
B-25757,34,-11,5,Clothing,T-shirt,COD,,,,,
B-25777,117,17,6,Clothing,Kurti,COD,,,,,
B-26040,38,9,2,Clothing,Stole,COD,,,,,
B-25696,117,-6,3,Electronics,Phones,COD,,,,,
B-25977,180,54,4,Clothing,T-shirt,Credit Card,,,,,
B-25743,99,-5,1,Clothing,Saree,UPI,,,,,
B-25651,172,-103,3,Furniture,Chairs,EMI,,,,,
B-25603,116,16,4,Clothing,Stole,COD,,,,,
B-25696,116,-4,1,Clothing,Saree,COD,,,,,
B-26037,171,68,7,Clothing,Stole,EMI,,,,,
B-26098,46,14,5,Clothing,Skirt,COD,,,,,
B-25697,115,-39,3,Clothing,Trousers,COD,,,,,
B-25920,100,7,2,Clothing,T-shirt,UPI,,,,,
B-25993,44,8,2,Clothing,Stole,COD,,,,,
B-26089,139,14,3,Clothing,Kurti,COD,,,,,
B-25960,171,-140,2,Furniture,Bookcases,EMI,,,,,
B-25917,100,12,2,Clothing,T-shirt,UPI,,,,,
B-25825,115,25,6,Clothing,Stole,COD,,,,,
B-25696,168,-9,3,Clothing,Saree,COD,,,,,
B-25972,115,47,2,Electronics,Accessories,COD,,,,,
B-25602,168,-111,2,Electronics,Phones,EMI,,,,,
B-25736,31,-7,5,Clothing,Skirt,UPI,,,,,
B-26003,114,41,6,Furniture,Furnishings,COD,,,,,
B-25970,111,9,4,Clothing,Stole,COD,,,,,
B-25742,11,-8,2,Clothing,Skirt,UPI,,,,,
B-25770,110,35,1,Furniture,Furnishings,COD,,,,,
B-26098,59,15,2,Clothing,T-shirt,UPI,,,,,
B-26050,166,27,2,Electronics,Accessories,EMI,,,,,
B-25778,109,-6,6,Clothing,Saree,COD,,,,,
B-25652,34,-6,4,Clothing,Leggings,COD,,,,,
B-25999,109,40,1,Furniture,Furnishings,COD,,,,,
B-25909,108,22,3,Electronics,Accessories,COD,,,,,
B-25823,103,50,2,Furniture,Furnishings,UPI,,,,,
B-25701,10,-8,2,Clothing,Skirt,COD,,,,,
B-25855,90,17,3,Clothing,Hankerchief,COD,,,,,
B-25654,105,46,2,Clothing,Stole,UPI,,,,,
B-25623,105,20,2,Clothing,Stole,Debit Card,,,,,
B-25641,22,-6,1,Furniture,Furnishings,COD,,,,,
B-25852,105,-33,5,Clothing,Kurti,COD,,,,,
B-25958,105,25,2,Clothing,Hankerchief,EMI,,,,,
B-25802,25,-7,5,Clothing,Saree,UPI,,,,,
B-25823,104,2,2,Furniture,Furnishings,COD,,,,,
B-25834,16,5,1,Clothing,Stole,UPI,,,,,
B-25678,64,-7,3,Clothing,Saree,COD,,,,,
B-25774,38,-6,2,Furniture,Furnishings,UPI,,,,,
B-25904,83,12,2,Furniture,Chairs,COD,,,,,
B-25896,103,36,2,Clothing,Hankerchief,COD,,,,,
B-25796,37,-6,1,Clothing,Saree,UPI,,,,,
B-25934,105,33,6,Clothing,Saree,EMI,,,,,
B-25750,78,-6,2,Furniture,Furnishings,UPI,,,,,
B-25761,102,-90,1,Clothing,Saree,COD,,,,,
B-25912,102,11,6,Clothing,T-shirt,COD,,,,,
B-25751,10,-8,1,Clothing,Kurti,UPI,,,,,
B-25656,101,18,9,Clothing,Skirt,COD,,,,,
B-25647,42,-6,4,Clothing,Saree,UPI,,,,,
B-25861,56,18,2,Clothing,Hankerchief,UPI,,,,,
B-25802,95,5,2,Clothing,Stole,COD,,,,,
B-25901,159,2,3,Furniture,Furnishings,EMI,,,,,
B-25623,158,69,3,Clothing,Stole,EMI,,,,,
B-25751,106,0,2,Electronics,Phones,EMI,,,,,
B-26052,101,16,4,Clothing,T-shirt,COD,,,,,
B-25886,107,37,3,Clothing,Shirt,COD,,,,,
B-25804,156,36,5,Clothing,T-shirt,EMI,,,,,
B-25734,108,-19,3,Electronics,Electronic Games,UPI,,,,,
B-25610,107,-54,4,Clothing,Stole,EMI,,,,,
B-25711,100,-58,4,Clothing,Hankerchief,COD,,,,,
B-25985,108,26,4,Clothing,Shirt,UPI,,,,,
B-25864,100,6,4,Clothing,Stole,COD,,,,,
B-25648,100,-23,1,Electronics,Phones,COD,,,,,
B-26086,43,17,2,Clothing,T-shirt,UPI,,,,,
B-25835,155,26,3,Clothing,Stole,EMI,,,,,
B-25949,151,9,3,Clothing,Hankerchief,EMI,,,,,
B-25930,151,29,5,Clothing,Hankerchief,EMI,,,,,
B-25655,110,-68,4,Clothing,Saree,EMI,,,,,
B-25757,98,9,2,Furniture,Furnishings,COD,,,,,
B-25655,97,-62,2,Clothing,Trousers,COD,,,,,
B-26033,111,35,5,Clothing,Shirt,COD,,,,,
B-26083,45,17,1,Electronics,Accessories,COD,,,,,
B-25805,112,15,2,Furniture,Chairs,COD,,,,,
B-25955,110,20,5,Clothing,Stole,Debit Card,,,,,
B-25762,98,-5,2,Clothing,Saree,UPI,,,,,
B-25919,110,12,7,Clothing,Stole,Debit Card,,,,,
B-25853,95,11,4,Furniture,Furnishings,COD,,,,,
B-25925,1228,14,3,Furniture,Chairs,UPI,,,,,
B-26023,29,0,3,Furniture,Furnishings,COD,,,,,
B-26055,94,27,2,Clothing,T-shirt,COD,,,,,
B-25653,115,25,1,Electronics,Accessories,COD,,,,,
B-25893,149,15,3,Clothing,Saree,EMI,,,,,
B-26052,148,23,4,Clothing,Kurti,EMI,,,,,
B-25830,93,15,2,Electronics,Accessories,COD,,,,,
B-26040,113,24,4,Clothing,Hankerchief,Debit Card,,,,,
B-25981,48,2,3,Clothing,Stole,COD,,,,,
B-25954,148,9,1,Electronics,Electronic Games,UPI,,,,,
B-25889,114,11,4,Clothing,T-shirt,Debit Card,,,,,
B-25810,92,42,2,Clothing,Stole,COD,,,,,
B-25637,117,14,3,Clothing,Shirt,UPI,,,,,
B-25801,21,-10,4,Clothing,Leggings,COD,,,,,
B-25783,33,-10,6,Clothing,Leggings,UPI,,,,,
B-25697,114,8,3,Electronics,Accessories,Debit Card,,,,,
B-26028,115,0,1,Electronics,Accessories,Debit Card,,,,,
B-25851,90,29,5,Clothing,T-shirt,COD,,,,,
B-25938,61,1,2,Furniture,Furnishings,COD,,,,,
B-25820,119,1,1,Furniture,Chairs,COD,,,,,
B-25850,117,36,2,Clothing,Trousers,Debit Card,,,,,
B-25924,148,54,2,Furniture,Chairs,UPI,,,,,
B-25609,249,-5,4,Clothing,Saree,COD,,,,,
B-25898,147,73,3,Clothing,Stole,UPI,,,,,
B-25814,118,35,7,Clothing,T-shirt,EMI,,,,,
B-26087,119,56,7,Clothing,Saree,EMI,,,,,
B-25901,90,27,2,Clothing,T-shirt,COD,,,,,
B-26025,32,1,2,Clothing,Stole,COD,,,,,
B-25631,89,-89,2,Furniture,Furnishings,COD,,,,,
B-25954,146,66,1,Electronics,Phones,UPI,,,,,
B-25956,89,-37,4,Clothing,Shirt,COD,,,,,
B-26096,88,11,3,Electronics,Accessories,COD,,,,,
B-25862,121,41,4,Clothing,Stole,EMI,,,,,
B-26054,88,20,2,Clothing,Saree,COD,,,,,
B-25698,87,-83,5,Clothing,Kurti,COD,,,,,
B-25606,87,4,2,Clothing,Shirt,COD,,,,,
B-25928,122,15,3,Electronics,Accessories,EMI,,,,,
B-26005,87,10,3,Clothing,Stole,COD,,,,,
B-25963,53,8,3,Furniture,Furnishings,UPI,,,,,
B-25952,87,-32,9,Clothing,Skirt,COD,,,,,
B-25683,86,-55,6,Clothing,Saree,COD,,,,,
B-25914,125,22,3,Clothing,Stole,EMI,,,,,
B-25828,128,-3,3,Clothing,Saree,Debit Card,,,,,
B-25743,143,-124,5,Clothing,Saree,UPI,,,,,
B-26085,86,22,2,Clothing,Saree,COD,,,,,
B-25869,86,9,3,Clothing,Saree,COD,,,,,
B-25773,85,-9,4,Clothing,Saree,COD,,,,,
B-25700,129,-75,5,Clothing,Shirt,Debit Card,,,,,
B-25921,84,-42,2,Electronics,Accessories,COD,,,,,
B-25730,83,-81,3,Furniture,Chairs,COD,,,,,
B-26083,143,6,2,Electronics,Accessories,UPI,,,,,
B-25849,336,123,3,Electronics,Phones,UPI,,,,,
B-25909,323,122,5,Electronics,Phones,UPI,,,,,
B-26038,130,61,3,Clothing,Shirt,Debit Card,,,,,
B-25999,152,-3,5,Clothing,Saree,COD,,,,,
B-25928,25,10,1,Furniture,Furnishings,UPI,,,,,
B-25878,140,15,5,Clothing,Stole,UPI,,,,,
B-25843,45,0,2,Clothing,Stole,UPI,,,,,
B-25959,132,49,3,Clothing,Shirt,COD,,,,,
B-25630,133,12,5,Clothing,Stole,Debit Card,,,,,
B-25858,82,13,2,Clothing,Shirt,COD,,,,,
B-26096,140,56,4,Clothing,Shirt,UPI,,,,,
B-25838,81,19,7,Clothing,Hankerchief,COD,,,,,
B-25943,137,38,5,Clothing,Hankerchief,Debit Card,,,,,
B-25780,137,-41,3,Electronics,Phones,Debit Card,,,,,
B-25949,140,57,2,Clothing,Trousers,Debit Card,,,,,
B-25892,139,30,3,Clothing,Shirt,UPI,,,,,
B-26054,138,11,5,Clothing,Stole,UPI,,,,,
B-25988,79,-124,9,Clothing,Skirt,COD,,,,,
B-25939,136,41,3,Electronics,Accessories,UPI,,,,,
B-26083,145,16,3,Clothing,T-shirt,Debit Card,,,,,
B-26078,44,20,2,Clothing,T-shirt,UPI,,,,,
B-25902,79,6,7,Clothing,Saree,COD,,,,,
B-25676,79,36,4,Clothing,Shirt,COD,,,,,
B-26016,134,-13,3,Electronics,Electronic Games,UPI,,,,,
B-25950,133,5,5,Clothing,Stole,UPI,,,,,
B-26056,47,20,7,Clothing,Hankerchief,UPI,,,,,
B-25645,133,-42,1,Electronics,Printers,UPI,,,,,
B-25906,78,27,3,Clothing,Stole,COD,,,,,
B-26017,78,7,1,Furniture,Chairs,COD,,,,,
B-25644,76,-92,8,Furniture,Furnishings,COD,,,,,
B-25679,76,-50,1,Clothing,Saree,COD,,,,,
B-25854,76,19,3,Clothing,Hankerchief,COD,,,,,
B-25670,74,29,3,Clothing,Stole,COD,,,,,
B-25792,74,-25,3,Clothing,Stole,COD,,,,,
B-25808,146,-63,3,Electronics,Electronic Games,Debit Card,,,,,
B-25750,73,-31,1,Furniture,Bookcases,COD,,,,,
B-26051,80,22,3,Clothing,Stole,UPI,,,,,
B-26076,133,46,5,Clothing,Shirt,EMI,,,,,
B-25946,146,7,2,Electronics,Phones,Debit Card,,,,,
B-25648,130,-41,4,Clothing,Saree,EMI,,,,,
B-25992,141,41,3,Clothing,Shirt,UPI,,,,,
B-25848,147,21,3,Furniture,Furnishings,Debit Card,,,,,
B-25697,73,-7,1,Electronics,Phones,COD,,,,,
B-25659,148,72,7,Clothing,T-shirt,Debit Card,,,,,
B-25716,58,0,4,Clothing,Saree,UPI,,,,,
B-25652,21,-13,3,Clothing,Leggings,UPI,,,,,
B-26093,148,25,3,Clothing,Saree,Debit Card,,,,,
B-25725,144,-7,4,Electronics,Electronic Games,COD,,,,,
B-25661,145,-104,5,Furniture,Chairs,UPI,,,,,
B-25693,72,-49,1,Electronics,Phones,COD,,,,,
B-25910,125,15,5,Clothing,Shirt,EMI,,,,,
B-25943,149,15,3,Clothing,Saree,Debit Card,,,,,
B-26100,72,16,2,Clothing,Shirt,COD,,,,,
B-25830,71,0,8,Clothing,Skirt,COD,,,,,
B-25932,71,-14,4,Furniture,Furnishings,COD,,,,,
B-25929,154,-85,3,Furniture,Chairs,EMI,,,,,
B-25708,191,13,8,Furniture,Furnishings,COD,,,,,
B-25921,170,19,5,Clothing,T-shirt,UPI,,,,,
B-25755,47,-3,2,Clothing,Stole,UPI,,,,,
B-25640,122,-47,4,Clothing,Saree,EMI,,,,,
B-25838,70,26,5,Clothing,Hankerchief,COD,,,,,
B-26025,155,5,3,Clothing,Stole,EMI,,,,,
B-25789,67,-86,9,Furniture,Furnishings,COD,,,,,
B-25697,67,-42,3,Clothing,Stole,COD,,,,,
B-25797,148,-101,2,Furniture,Bookcases,UPI,,,,,
B-26064,122,38,6,Clothing,T-shirt,Credit Card,,,,,
B-25732,16,-5,2,Clothing,Stole,UPI,,,,,
B-25654,121,-17,3,Furniture,Furnishings,Credit Card,,,,,
B-25750,42,-15,12,Clothing,Skirt,UPI,,,,,
B-25751,65,-4,6,Clothing,Hankerchief,COD,,,,,
B-25889,119,-43,7,Clothing,Kurti,Credit Card,,,,,
B-25683,155,56,3,Furniture,Furnishings,EMI,,,,,
B-25602,119,-5,8,Clothing,Saree,Credit Card,,,,,
B-25871,118,25,4,Clothing,Hankerchief,Credit Card,,,,,
B-25953,116,22,1,Electronics,Accessories,Credit Card,,,,,
B-25950,158,-29,10,Clothing,Hankerchief,EMI,,,,,
B-26091,158,69,3,Clothing,Stole,EMI,,,,,
B-25753,65,-52,3,Electronics,Accessories,COD,,,,,
B-25611,160,-59,2,Clothing,Saree,EMI,,,,,
B-25935,162,20,3,Furniture,Chairs,EMI,,,,,
B-25886,63,1,4,Clothing,T-shirt,COD,,,,,
B-25833,64,27,5,Clothing,Hankerchief,UPI,,,,,
B-25665,166,-113,4,Electronics,Accessories,EMI,,,,,
B-25694,167,43,7,Clothing,T-shirt,EMI,,,,,
B-25668,123,17,3,Furniture,Furnishings,COD,,,,,
B-25945,63,14,2,Clothing,Shirt,COD,,,,,
B-25954,891,0,5,Clothing,Saree,COD,,,,,
B-25818,75,28,9,Clothing,Hankerchief,UPI,,,,,
B-25861,62,6,5,Clothing,Hankerchief,COD,,,,,
B-25721,29,-18,7,Clothing,Skirt,UPI,,,,,
B-26024,168,18,6,Clothing,Stole,Debit Card,,,,,
B-26056,70,24,3,Clothing,Stole,UPI,,,,,
B-26050,169,55,4,Clothing,Saree,Debit Card,,,,,
B-25708,32,-8,2,Clothing,Stole,COD,,,,,
B-25651,44,-8,3,Clothing,Stole,UPI,,,,,
B-25616,116,-56,5,Clothing,Stole,Credit Card,,,,,
B-25827,156,21,3,Furniture,Chairs,COD,,,,,
B-25996,62,6,6,Clothing,Skirt,COD,,,,,
B-25830,54,1,2,Clothing,Saree,UPI,,,,,
B-25951,111,11,9,Clothing,Hankerchief,Credit Card,,,,,
B-25713,158,-63,4,Furniture,Chairs,UPI,,,,,
B-25678,7,-3,2,Clothing,Skirt,UPI,,,,,
B-25901,61,28,2,Clothing,Hankerchief,UPI,,,,,
B-25798,61,-50,4,Clothing,Hankerchief,COD,,,,,
B-25902,154,26,4,Electronics,Accessories,COD,,,,,
B-25851,62,1,3,Clothing,Saree,COD,,,,,
B-25944,169,38,3,Clothing,Saree,Debit Card,,,,,
B-25939,61,18,2,Electronics,Accessories,COD,,,,,
B-25656,61,-23,2,Clothing,Saree,COD,,,,,
B-25695,171,14,9,Clothing,Shirt,Debit Card,,,,,
B-25781,60,-49,8,Clothing,Hankerchief,COD,,,,,
B-25783,25,-11,1,Clothing,Stole,UPI,,,,,
B-25867,163,26,4,Clothing,Shirt,COD,,,,,
B-25993,173,86,1,Electronics,Printers,Debit Card,,,,,
B-25755,257,-3,2,Furniture,Bookcases,UPI,,,,,
B-25880,108,37,2,Clothing,Stole,Credit Card,,,,,
B-25941,177,41,4,Clothing,Shirt,Debit Card,,,,,
B-25757,106,15,7,Clothing,Hankerchief,Credit Card,,,,,
B-25754,41,-14,5,Clothing,Leggings,UPI,,,,,
B-25653,168,-10,3,Electronics,Accessories,UPI,,,,,
B-25821,60,21,4,Clothing,Stole,COD,,,,,
B-25706,31,-11,4,Clothing,Stole,COD,,,,,
B-26064,179,0,2,Clothing,Saree,Debit Card,,,,,
B-25803,106,12,3,Clothing,Trousers,Credit Card,,,,,
B-26076,60,13,2,Clothing,T-shirt,COD,,,,,
B-25603,180,5,3,Clothing,Trousers,Debit Card,,,,,
B-25903,60,-10,2,Furniture,Furnishings,COD,,,,,
B-25938,59,25,3,Clothing,Stole,COD,,,,,
B-25868,170,73,2,Electronics,Accessories,UPI,,,,,
B-25956,59,10,2,Clothing,Hankerchief,COD,,,,,
B-25652,24,-21,7,Clothing,Skirt,COD,,,,,
B-25883,105,-26,8,Clothing,Leggings,Credit Card,,,,,
B-26096,103,46,2,Clothing,Saree,Credit Card,,,,,
B-25969,171,17,6,Clothing,T-shirt,UPI,,,,,
B-25951,102,13,2,Clothing,Stole,Credit Card,,,,,
B-25855,98,12,2,Clothing,Hankerchief,Credit Card,,,,,
B-26091,59,10,4,Clothing,Leggings,COD,,,,,
B-25954,189,60,4,Furniture,Furnishings,Debit Card,,,,,
B-25763,58,-52,3,Furniture,Chairs,COD,,,,,
B-25945,60,3,3,Clothing,Saree,UPI,,,,,
B-25740,58,-8,2,Clothing,Saree,COD,,,,,
B-25818,94,20,2,Furniture,Furnishings,UPI,,,,,
B-25603,193,-166,3,Clothing,Saree,EMI,,,,,
B-25964,199,0,4,Clothing,Stole,EMI,,,,,
B-25930,202,89,9,Clothing,T-shirt,EMI,,,,,
B-25930,58,17,2,Clothing,Hankerchief,COD,,,,,
B-25879,57,-28,2,Clothing,Kurti,COD,,,,,
B-25903,204,-94,4,Clothing,Hankerchief,EMI,,,,,
B-25614,98,-12,2,Electronics,Electronic Games,Credit Card,,,,,
B-25750,22,-12,3,Clothing,Stole,COD,,,,,
B-25852,97,17,2,Clothing,Stole,Credit Card,,,,,
B-26008,57,24,5,Clothing,Leggings,COD,,,,,
B-26092,97,14,2,Clothing,T-shirt,Credit Card,,,,,
B-25689,97,17,2,Clothing,Stole,Credit Card,,,,,
B-25730,96,22,5,Clothing,Stole,Credit Card,,,,,
B-25885,94,27,2,Clothing,Shirt,Credit Card,,,,,
B-25999,26,-17,1,Clothing,Stole,COD,,,,,
B-26011,93,44,2,Clothing,Stole,Credit Card,,,,,
B-25754,93,-65,4,Clothing,Stole,Credit Card,,,,,
B-26030,92,5,6,Clothing,Hankerchief,Credit Card,,,,,
B-25851,57,27,2,Clothing,T-shirt,COD,,,,,
B-25870,57,7,3,Furniture,Furnishings,COD,,,,,
B-26074,57,21,4,Clothing,Leggings,COD,,,,,
B-25861,128,4,3,Clothing,Saree,COD,,,,,
B-25797,89,-4,5,Clothing,Saree,Credit Card,,,,,
B-25993,221,26,7,Furniture,Furnishings,COD,,,,,
B-25799,205,-119,3,Clothing,Saree,Debit Card,,,,,
B-25721,191,51,5,Clothing,Shirt,UPI,,,,,
B-26056,206,18,4,Clothing,Hankerchief,Debit Card,,,,,
B-25743,56,0,4,Clothing,Hankerchief,COD,,,,,
B-25854,88,16,4,Clothing,Stole,Credit Card,,,,,
B-25748,224,58,3,Electronics,Phones,UPI,,,,,
B-25976,193,8,4,Clothing,T-shirt,UPI,,,,,
B-25953,87,36,5,Clothing,Stole,Credit Card,,,,,
B-25996,189,4,1,Clothing,Saree,UPI,,,,,
B-25717,55,-33,2,Furniture,Chairs,COD,,,,,
B-25865,85,-1,3,Clothing,Saree,Credit Card,,,,,
B-25959,252,56,2,Electronics,Phones,UPI,,,,,
B-25855,197,73,1,Furniture,Bookcases,COD,,,,,
B-25703,17,-3,2,Clothing,Stole,UPI,,,,,
B-26049,100,28,2,Clothing,Hankerchief,UPI,,,,,
B-25755,80,-19,5,Clothing,Stole,UPI,,,,,
B-26070,75,29,1,Clothing,Trousers,UPI,,,,,
B-25755,26,4,2,Clothing,Saree,UPI,,,,,
B-26047,55,12,5,Clothing,Skirt,COD,,,,,
B-25604,157,5,9,Clothing,Saree,UPI,,,,,
B-25651,200,-60,4,Furniture,Bookcases,UPI,,,,,
B-25983,230,5,2,Clothing,Saree,UPI,,,,,
B-26056,213,-145,3,Furniture,Bookcases,Debit Card,,,,,
B-25940,55,4,2,Clothing,Stole,COD,,,,,
B-25766,220,-19,2,Clothing,Saree,Debit Card,,,,,
B-25935,150,32,3,Clothing,Hankerchief,COD,,,,,
B-25970,203,84,2,Electronics,Printers,UPI,,,,,
B-26053,93,31,3,Electronics,Accessories,UPI,,,,,
B-25947,290,35,6,Clothing,Hankerchief,COD,,,,,
B-25856,48,6,1,Clothing,Saree,COD,,,,,
B-26030,221,35,4,Electronics,Accessories,Debit Card,,,,,
B-26069,55,18,2,Clothing,Kurti,COD,,,,,
B-25653,227,102,8,Electronics,Accessories,Debit Card,,,,,
B-25627,55,-39,4,Clothing,Stole,COD,,,,,
B-25947,207,33,2,Electronics,Accessories,UPI,,,,,
B-25801,64,6,4,Clothing,Saree,COD,,,,,
B-25964,89,6,5,Clothing,Saree,COD,,,,,
B-25950,54,27,2,Clothing,Stole,COD,,,,,
B-25878,84,41,3,Clothing,T-shirt,Credit Card,,,,,
B-25773,209,-21,2,Electronics,Electronic Games,UPI,,,,,
B-26081,79,33,4,Clothing,Stole,UPI,,,,,
B-26027,54,8,4,Clothing,T-shirt,COD,,,,,
B-25967,229,59,9,Clothing,Saree,Debit Card,,,,,
B-25901,158,38,3,Clothing,Hankerchief,UPI,,,,,
B-25951,248,105,2,Electronics,Phones,Debit Card,,,,,
B-25853,199,6,2,Clothing,Saree,UPI,,,,,
B-25923,253,-11,1,Clothing,Trousers,Debit Card,,,,,
B-25793,257,-252,4,Clothing,Saree,Debit Card,,,,,
B-26068,193,33,5,Electronics,Accessories,COD,,,,,
B-26080,109,35,6,Clothing,T-shirt,COD,,,,,
B-25843,214,30,3,Electronics,Accessories,COD,,,,,
B-26002,141,7,7,Clothing,Saree,COD,,,,,
B-25993,201,32,4,Furniture,Furnishings,UPI,,,,,
B-26070,54,12,4,Clothing,Shirt,COD,,,,,
B-25887,83,6,6,Clothing,Shirt,EMI,,,,,
B-25654,54,-3,3,Clothing,Saree,COD,,,,,
B-25898,53,5,3,Clothing,T-shirt,COD,,,,,
B-25664,258,-27,2,Electronics,Phones,Debit Card,,,,,
B-26012,199,8,2,Clothing,Saree,COD,,,,,
B-25979,82,-27,3,Clothing,Kurti,EMI,,,,,
B-26054,139,36,3,Clothing,Stole,COD,,,,,
B-25757,53,15,2,Clothing,Stole,COD,,,,,
B-25623,53,1,4,Clothing,Stole,COD,,,,,
B-25824,101,38,2,Furniture,Furnishings,COD,,,,,
B-25754,262,215,2,Electronics,Printers,Debit Card,,,,,
B-25693,82,-39,5,Clothing,T-shirt,EMI,,,,,
B-25638,154,39,3,Clothing,Hankerchief,COD,,,,,
B-25922,52,18,2,Clothing,Stole,COD,,,,,
B-25919,1599,37,6,Electronics,Electronic Games,UPI,,,,,
B-25989,338,41,7,Clothing,Hankerchief,UPI,,,,,
B-25999,51,-49,2,Electronics,Electronic Games,COD,,,,,
B-25661,224,-81,3,Furniture,Chairs,COD,,,,,
B-26099,207,37,4,Clothing,Hankerchief,COD,,,,,
B-25866,51,14,2,Clothing,Stole,COD,,,,,
B-26098,82,8,3,Electronics,Accessories,EMI,,,,,
B-26062,50,-17,2,Clothing,Stole,COD,,,,,
B-25761,263,-31,9,Electronics,Electronic Games,Debit Card,,,,,
B-25843,50,7,6,Clothing,Skirt,COD,,,,,
B-25683,245,-3,4,Electronics,Phones,UPI,,,,,
B-25959,82,24,6,Clothing,Hankerchief,EMI,,,,,
B-25787,229,-41,8,Electronics,Accessories,COD,,,,,
B-25951,50,14,1,Electronics,Electronic Games,COD,,,,,
B-26056,220,40,2,Electronics,Accessories,COD,,,,,
B-25643,263,-63,2,Electronics,Electronic Games,Debit Card,,,,,
B-26093,81,-41,5,Clothing,Leggings,EMI,,,,,
B-25775,50,-17,2,Clothing,Stole,COD,,,,,
B-26093,49,5,4,Clothing,Hankerchief,COD,,,,,
B-25851,237,47,9,Clothing,T-shirt,UPI,,,,,
B-25685,264,-30,3,Furniture,Furnishings,Debit Card,,,,,
B-25651,49,3,1,Clothing,Shirt,COD,,,,,
B-25793,63,-24,6,Clothing,Kurti,COD,,,,,
B-25708,81,-51,7,Clothing,Stole,EMI,,,,,
B-25847,264,71,10,Furniture,Furnishings,Debit Card,,,,,
B-25954,48,11,2,Clothing,Shirt,COD,,,,,
B-25997,48,15,1,Clothing,Hankerchief,COD,,,,,
B-25650,245,-78,2,Electronics,Printers,UPI,,,,,
B-25883,146,42,5,Clothing,Hankerchief,UPI,,,,,
B-25945,245,10,2,Furniture,Bookcases,COD,,,,,
B-25981,245,91,2,Furniture,Bookcases,UPI,,,,,
B-25862,80,3,3,Clothing,Stole,EMI,,,,,
B-25877,269,33,5,Furniture,Chairs,Debit Card,,,,,
B-26090,80,22,3,Clothing,Stole,EMI,,,,,
B-26050,284,44,6,Clothing,Hankerchief,COD,,,,,
B-26072,313,44,3,Electronics,Electronic Games,COD,,,,,
B-25916,80,-26,9,Clothing,Skirt,EMI,,,,,
B-25722,48,-8,8,Clothing,Stole,COD,,,,,
B-25746,87,16,2,Clothing,Saree,UPI,,,,,
B-25753,47,-114,5,Furniture,Furnishings,COD,,,,,
B-25956,140,28,2,Electronics,Phones,COD,,,,,
B-25996,47,1,2,Clothing,Stole,COD,,,,,
B-25896,79,-2,2,Furniture,Furnishings,EMI,,,,,
B-25796,78,-64,7,Clothing,Stole,EMI,,,,,
B-25798,47,-3,2,Clothing,Stole,COD,,,,,
B-26043,185,48,4,Clothing,Stole,UPI,,,,,
B-26028,77,36,2,Clothing,Shirt,EMI,,,,,
B-25812,259,47,5,Clothing,Hankerchief,UPI,,,,,
B-25605,75,0,7,Clothing,Saree,EMI,,,,,
B-25702,75,0,3,Clothing,Shirt,EMI,,,,,
B-25940,46,0,4,Clothing,Leggings,COD,,,,,
B-26087,46,13,3,Clothing,Hankerchief,COD,,,,,
B-25955,200,13,5,Electronics,Phones,COD,,,,,
B-25626,46,-14,1,Electronics,Phones,COD,,,,,
B-25811,126,52,4,Clothing,Hankerchief,UPI,,,,,
B-25856,74,29,3,Clothing,Stole,EMI,,,,,
B-25628,45,13,4,Clothing,Skirt,COD,,,,,
B-26016,74,9,3,Clothing,Shirt,UPI,,,,,
B-25999,129,11,2,Electronics,Phones,UPI,,,,,
B-26043,122,50,7,Clothing,Stole,UPI,,,,,
B-25743,74,-51,3,Clothing,Stole,UPI,,,,,
B-26014,278,39,5,Furniture,Chairs,Debit Card,,,,,
B-25876,282,14,4,Clothing,Trousers,Debit Card,,,,,
B-25785,45,0,2,Clothing,T-shirt,COD,,,,,
B-25810,45,6,3,Clothing,Shirt,COD,,,,,
B-25833,45,16,3,Clothing,Stole,COD,,,,,
B-25931,73,-36,3,Furniture,Chairs,UPI,,,,,
B-25852,45,12,4,Clothing,Hankerchief,COD,,,,,
B-25738,72,-6,3,Clothing,Saree,UPI,,,,,
B-25921,71,-44,5,Electronics,Accessories,UPI,,,,,
B-25685,45,-2,4,Clothing,Shirt,COD,,,,,
B-25996,286,140,6,Clothing,Shirt,Debit Card,,,,,
B-25663,294,138,2,Electronics,Printers,Debit Card,,,,,
B-25888,223,4,3,Electronics,Phones,COD,,,,,
B-25677,20,-2,1,Electronics,Accessories,UPI,,,,,
B-26045,302,75,6,Furniture,Furnishings,Debit Card,,,,,
B-26002,113,28,2,Clothing,Saree,UPI,,,,,
B-25953,44,2,3,Clothing,Hankerchief,COD,,,,,
B-25617,305,-270,5,Electronics,Electronic Games,Debit Card,,,,,
B-25702,306,-147,3,Clothing,Saree,Debit Card,,,,,
B-25799,70,-64,5,Clothing,Stole,UPI,,,,,
B-25985,44,11,4,Clothing,Stole,COD,,,,,
B-25952,44,14,3,Clothing,Hankerchief,COD,,,,,
B-25754,319,312,5,Clothing,Saree,Debit Card,,,,,
B-25770,287,-280,12,Furniture,Chairs,UPI,,,,,
B-25954,44,10,3,Clothing,Stole,COD,,,,,
B-25657,288,-180,4,Furniture,Chairs,COD,,,,,
B-25801,49,-31,2,Clothing,Stole,COD,,,,,
B-26000,43,-10,4,Clothing,Skirt,COD,,,,,
B-25897,43,5,3,Clothing,Stole,COD,,,,,
B-25681,68,-27,3,Electronics,Accessories,UPI,,,,,
B-25852,320,144,1,Electronics,Printers,Debit Card,,,,,
B-26067,67,2,4,Clothing,T-shirt,UPI,,,,,
B-25601,66,-12,5,Clothing,Stole,UPI,,,,,
B-25804,321,26,3,Electronics,Printers,Debit Card,,,,,
B-25751,43,-5,2,Clothing,Saree,COD,,,,,
B-25630,114,-39,5,Clothing,Kurti,COD,,,,,
B-25899,43,17,1,Clothing,Saree,COD,,,,,
B-25751,43,21,3,Clothing,Shirt,COD,,,,,
B-26081,637,50,5,Clothing,Saree,COD,,,,,
B-25851,300,42,2,Electronics,Printers,COD,,,,,
B-26036,341,44,7,Furniture,Furnishings,UPI,,,,,
B-25704,102,0,3,Electronics,Phones,COD,,,,,
B-25761,328,-15,3,Electronics,Electronic Games,Debit Card,,,,,
B-25978,341,160,7,Clothing,Stole,Debit Card,,,,,
B-26077,62,11,7,Clothing,Hankerchief,UPI,,,,,
B-25981,42,13,3,Clothing,Leggings,COD,,,,,
B-26043,62,28,5,Clothing,Hankerchief,UPI,,,,,
B-25896,42,7,2,Clothing,Kurti,COD,,,,,
B-25790,42,-3,1,Electronics,Electronic Games,COD,,,,,
B-25789,313,-13,5,Furniture,Bookcases,UPI,,,,,
B-26061,109,52,2,Clothing,Stole,UPI,,,,,
B-25923,226,58,3,Electronics,Accessories,COD,,,,,
B-25868,62,-1,1,Electronics,Phones,UPI,,,,,
B-25777,61,-25,4,Electronics,Accessories,UPI,,,,,
B-25999,222,74,5,Clothing,Hankerchief,COD,,,,,
B-25854,342,-154,7,Furniture,Furnishings,Debit Card,,,,,
B-25667,344,-34,3,Clothing,Saree,Debit Card,,,,,
B-25829,345,38,7,Clothing,Hankerchief,Debit Card,,,,,
B-25705,46,0,2,Electronics,Electronic Games,COD,,,,,
B-25843,255,74,5,Clothing,Hankerchief,COD,,,,,
B-25958,360,32,3,Clothing,Saree,UPI,,,,,
B-25893,372,59,3,Electronics,Printers,UPI,,,,,
B-25855,61,30,2,Clothing,Hankerchief,UPI,,,,,
B-25616,42,12,5,Clothing,Hankerchief,COD,,,,,
B-25630,42,-26,2,Clothing,Kurti,COD,,,,,
B-25936,61,25,4,Clothing,Saree,UPI,,,,,
B-25830,41,11,6,Clothing,Hankerchief,COD,,,,,
B-25930,40,13,3,Clothing,T-shirt,COD,,,,,
B-25808,59,21,2,Clothing,Stole,UPI,,,,,
B-25979,57,27,2,Clothing,Shirt,UPI,,,,,
B-25687,17,6,1,Clothing,Stole,UPI,,,,,
B-26087,40,10,2,Clothing,Stole,COD,,,,,
B-25764,349,-24,2,Clothing,Saree,Debit Card,,,,,
B-25782,335,-22,7,Furniture,Chairs,UPI,,,,,
B-25854,40,16,3,Clothing,Hankerchief,COD,,,,,
B-26085,40,17,2,Clothing,Stole,COD,,,,,
B-25630,40,-7,3,Clothing,Stole,COD,,,,,
B-25999,352,74,8,Clothing,Stole,Debit Card,,,,,
B-25648,55,-26,4,Clothing,Saree,UPI,,,,,
B-25952,352,18,5,Clothing,Trousers,Debit Card,,,,,
B-25710,53,-18,4,Clothing,T-shirt,UPI,,,,,
B-25685,51,7,2,Furniture,Furnishings,UPI,,,,,
B-25740,40,-37,3,Clothing,Stole,COD,,,,,
B-25973,39,14,5,Clothing,Leggings,COD,,,,,
B-25769,355,-4,2,Clothing,Saree,Debit Card,,,,,
B-25687,357,139,2,Clothing,Saree,Debit Card,,,,,
B-25603,38,18,1,Clothing,Kurti,COD,,,,,
B-26050,38,9,2,Clothing,Stole,COD,,,,,
B-25748,141,10,4,Clothing,Shirt,UPI,,,,,
B-25833,36,4,9,Clothing,Hankerchief,COD,,,,,
B-25930,351,-94,5,Electronics,Electronic Games,COD,,,,,
B-26035,369,15,3,Electronics,Electronic Games,Debit Card,,,,,
B-25851,53,24,6,Clothing,Hankerchief,EMI,,,,,
B-25718,371,115,1,Furniture,Bookcases,Debit Card,,,,,
B-25898,499,33,4,Clothing,Saree,COD,,,,,
B-25893,223,62,7,Clothing,Shirt,COD,,,,,
B-25983,50,-4,6,Clothing,T-shirt,EMI,,,,,
B-26056,391,90,6,Electronics,Phones,Debit Card,,,,,
B-25715,416,137,3,Electronics,Phones,Debit Card,,,,,
B-25702,424,-17,9,Furniture,Chairs,Debit Card,,,,,
B-25618,362,127,1,Furniture,Bookcases,COD,,,,,
B-25643,36,-7,1,Electronics,Electronic Games,COD,,,,,
B-25961,34,-10,3,Clothing,Skirt,COD,,,,,
B-25873,367,73,3,Electronics,Electronic Games,UPI,,,,,
B-26053,425,208,7,Clothing,Saree,Debit Card,,,,,
B-25683,433,26,3,Electronics,Printers,Debit Card,,,,,
B-25718,460,31,3,Furniture,Bookcases,Debit Card,,,,,
B-25753,62,-56,5,Clothing,Kurti,COD,,,,,
B-25852,50,16,1,Clothing,Stole,EMI,,,,,
B-25914,460,-143,3,Furniture,Chairs,Debit Card,,,,,
B-26083,34,3,3,Clothing,Saree,COD,,,,,
B-25857,227,59,2,Furniture,Furnishings,UPI,,,,,
B-25939,469,33,4,Electronics,Electronic Games,Debit Card,,,,,
B-25851,103,46,2,Clothing,Saree,UPI,,,,,
B-25699,34,-13,5,Clothing,Leggings,COD,,,,,
B-26078,137,63,3,Clothing,Stole,COD,,,,,
B-26075,34,12,2,Clothing,Stole,COD,,,,,
B-25956,474,56,4,Electronics,Phones,Debit Card,,,,,
B-25861,50,3,2,Clothing,Stole,EMI,,,,,
B-25777,69,-67,4,Clothing,Kurti,UPI,,,,,
B-25634,389,-83,3,Furniture,Chairs,UPI,,,,,
B-25753,77,-43,8,Clothing,Stole,COD,,,,,
B-25687,51,21,3,Clothing,T-shirt,COD,,,,,
B-25885,394,146,2,Furniture,Bookcases,UPI,,,,,
B-25767,48,-22,2,Clothing,Saree,EMI,,,,,
B-25961,34,-12,5,Clothing,Leggings,COD,,,,,
B-25923,484,28,3,Electronics,Printers,Debit Card,,,,,
B-25799,47,-27,4,Clothing,Saree,EMI,,,,,
B-25955,45,8,4,Clothing,Skirt,EMI,,,,,
B-26015,128,55,1,Clothing,Saree,COD,,,,,
B-26051,669,74,5,Furniture,Bookcases,COD,,,,,
B-25822,34,13,2,Clothing,Saree,COD,,,,,
B-25989,44,14,3,Clothing,Hankerchief,Credit Card,,,,,
B-25910,33,1,2,Clothing,Shirt,COD,,,,,
B-25956,33,10,3,Clothing,Hankerchief,COD,,,,,
B-25986,487,-23,3,Electronics,Printers,Debit Card,,,,,
B-26098,497,179,3,Furniture,Chairs,Debit Card,,,,,
B-26061,508,203,2,Electronics,Accessories,Debit Card,,,,,
B-25954,524,-25,2,Electronics,Electronic Games,Debit Card,,,,,
B-26034,425,183,5,Electronics,Accessories,UPI,,,,,
B-25909,168,56,3,Clothing,Saree,COD,,,,,
B-25692,141,28,7,Furniture,Furnishings,UPI,,,,,
B-25959,429,17,3,Furniture,Chairs,UPI,,,,,
B-25745,44,-8,3,Clothing,Stole,Credit Card,,,,,
B-25689,149,136,3,Clothing,Stole,UPI,,,,,
B-25786,44,-34,3,Clothing,Stole,Credit Card,,,,,
B-25897,33,10,3,Clothing,Hankerchief,COD,,,,,
B-26056,33,9,2,Clothing,Hankerchief,COD,,,,,
B-25855,442,31,2,Electronics,Electronic Games,UPI,,,,,
B-25667,41,6,5,Clothing,Skirt,Credit Card,,,,,
B-25701,33,-12,5,Clothing,Hankerchief,COD,,,,,
B-26046,32,3,8,Clothing,Hankerchief,COD,,,,,
B-25676,32,6,3,Clothing,Shirt,COD,,,,,
B-26045,179,77,1,Clothing,Saree,UPI,,,,,
B-25889,31,10,1,Clothing,Kurti,COD,,,,,
B-25900,140,68,5,Clothing,T-shirt,COD,,,,,
B-25685,529,137,3,Electronics,Phones,Debit Card,,,,,
B-25622,534,0,3,Clothing,Saree,Debit Card,,,,,
B-25709,41,-6,1,Furniture,Chairs,Credit Card,,,,,
B-25798,379,63,2,Clothing,Saree,COD,,,,,
B-25933,81,-44,3,Clothing,Stole,COD,,,,,
B-25793,40,-33,5,Clothing,Hankerchief,Credit Card,,,,,
B-25951,40,18,1,Electronics,Accessories,Credit Card,,,,,
B-25656,534,0,3,Clothing,Saree,Debit Card,,,,,
B-26056,31,9,2,Clothing,Hankerchief,COD,,,,,
B-25870,473,-113,9,Clothing,Hankerchief,UPI,,,,,
B-25690,31,-10,3,Clothing,Skirt,COD,,,,,
B-25702,31,-3,4,Clothing,Saree,COD,,,,,
B-25752,91,15,6,Clothing,T-shirt,UPI,,,,,
B-25781,30,-25,2,Clothing,T-shirt,COD,,,,,
B-26038,30,6,1,Clothing,T-shirt,COD,,,,,
B-25761,40,0,3,Clothing,Saree,Credit Card,,,,,
B-25751,534,5,2,Electronics,Electronic Games,Debit Card,,,,,
B-25750,539,-146,7,Furniture,Furnishings,Debit Card,,,,,
B-25726,490,-128,8,Furniture,Bookcases,UPI,,,,,
B-26048,163,81,2,Electronics,Accessories,COD,,,,,
B-26051,184,85,6,Clothing,T-shirt,UPI,,,,,
B-25614,494,54,4,Furniture,Bookcases,COD,,,,,
B-25907,30,11,5,Clothing,Hankerchief,COD,,,,,
B-25789,30,0,1,Clothing,Kurti,COD,,,,,
B-26097,39,-18,2,Clothing,Leggings,Credit Card,,,,,
B-25902,1700,85,3,Clothing,Trousers,COD,,,,,
B-25657,332,-43,6,Electronics,Phones,UPI,,,,,
B-25854,436,131,9,Clothing,Hankerchief,UPI,,,,,
B-25610,30,-5,2,Furniture,Furnishings,COD,,,,,
B-25733,30,-10,2,Clothing,Stole,COD,,,,,
B-25798,38,-13,3,Clothing,Stole,Credit Card,,,,,
B-25803,511,194,3,Furniture,Chairs,UPI,,,,,
B-25755,37,-53,3,Clothing,Saree,Credit Card,,,,,
B-25850,513,215,2,Electronics,Accessories,COD,,,,,
B-25667,516,69,4,Furniture,Bookcases,UPI,,,,,
B-25796,559,-19,2,Clothing,Trousers,Debit Card,,,,,
B-26013,29,-10,3,Clothing,Skirt,COD,,,,,
B-25683,148,52,5,Clothing,Stole,UPI,,,,,
B-26054,559,-174,2,Electronics,Electronic Games,Debit Card,,,,,
B-26010,527,26,3,Electronics,Electronic Games,COD,,,,,
B-25979,560,44,3,Clothing,Saree,Debit Card,,,,,
B-25973,571,108,12,Clothing,Stole,Debit Card,,,,,
B-25975,29,2,3,Clothing,Skirt,COD,,,,,
B-26010,29,3,2,Clothing,Stole,COD,,,,,
B-25767,29,-3,3,Clothing,Saree,COD,,,,,
B-25815,35,14,2,Clothing,Stole,Credit Card,,,,,
B-25853,579,139,3,Electronics,Printers,Debit Card,,,,,
B-25756,29,-24,4,Clothing,Leggings,COD,,,,,
B-25755,593,213,4,Furniture,Bookcases,Debit Card,,,,,
B-25996,217,72,2,Furniture,Furnishings,COD,,,,,
B-25619,353,90,8,Clothing,Saree,COD,,,,,
B-26050,382,92,2,Electronics,Printers,COD,,,,,
B-26000,597,93,4,Furniture,Chairs,Debit Card,,,,,
B-26058,212,97,7,Clothing,Hankerchief,COD,,,,,
B-25856,689,90,5,Clothing,Saree,COD,,,,,
B-26044,28,-10,3,Clothing,Skirt,COD,,,,,
B-25654,34,12,3,Clothing,Hankerchief,Credit Card,,,,,
B-26051,600,-102,5,Electronics,Electronic Games,Debit Card,,,,,
B-25636,637,113,5,Clothing,Saree,UPI,,,,,
B-25710,616,-69,7,Furniture,Furnishings,Debit Card,,,,,
B-25656,624,37,2,Electronics,Electronic Games,Debit Card,,,,,
B-25919,28,4,1,Clothing,T-shirt,COD,,,,,
B-25781,584,-444,7,Electronics,Printers,UPI,,,,,
B-25899,28,6,4,Clothing,Skirt,COD,,,,,
B-26093,33,-1,1,Clothing,Saree,Credit Card,,,,,
B-25753,27,-20,2,Clothing,Hankerchief,COD,,,,,
B-25858,27,5,2,Clothing,Skirt,COD,,,,,
B-25762,27,4,3,Clothing,Skirt,COD,,,,,
B-25625,635,-349,5,Clothing,Saree,Debit Card,,,,,
B-25857,598,166,4,Furniture,Bookcases,UPI,,,,,
B-25919,636,-204,2,Electronics,Printers,Debit Card,,,,,
B-25864,27,9,2,Clothing,Hankerchief,COD,,,,,
B-25698,27,-6,4,Clothing,Hankerchief,COD,,,,,
B-25959,637,212,8,Electronics,Phones,Debit Card,,,,,
B-26073,290,110,9,Clothing,Stole,UPI,,,,,
B-25649,27,-25,2,Clothing,Stole,COD,,,,,
B-25806,632,-114,4,Furniture,Tables,UPI,,,,,
B-25756,643,-45,2,Electronics,Printers,Debit Card,,,,,
B-26003,652,13,6,Furniture,Furnishings,Debit Card,,,,,
B-25752,33,-27,1,Furniture,Chairs,Credit Card,,,,,
B-25783,26,2,2,Clothing,Hankerchief,COD,,,,,
B-25802,633,-633,11,Electronics,Accessories,UPI,,,,,
B-25881,26,9,2,Clothing,Leggings,COD,,,,,
B-25898,191,93,4,Clothing,Shirt,UPI,,,,,
B-25696,887,80,3,Electronics,Printers,UPI,,,,,
B-25826,637,261,2,Electronics,Printers,COD,,,,,
B-25745,670,15,5,Furniture,Bookcases,Debit Card,,,,,
B-25943,26,7,4,Clothing,Hankerchief,COD,,,,,
B-26051,676,195,5,Furniture,Bookcases,Debit Card,,,,,
B-25624,26,12,3,Clothing,Hankerchief,COD,,,,,
B-25723,26,-24,1,Clothing,Stole,COD,,,,,
B-26052,25,7,2,Clothing,Stole,COD,,,,,
B-25603,24,-30,1,Furniture,Chairs,COD,,,,,
B-25983,32,-12,1,Furniture,Chairs,Credit Card,,,,,
B-25650,31,-2,2,Clothing,Saree,Credit Card,,,,,
B-25656,651,169,5,Electronics,Printers,COD,,,,,
B-26018,326,107,3,Furniture,Furnishings,UPI,,,,,
B-25783,30,-6,2,Clothing,Hankerchief,UPI,,,,,
B-25951,30,5,2,Clothing,Kurti,UPI,,,,,
B-25974,662,240,2,Furniture,Bookcases,COD,,,,,
B-25754,30,-23,2,Clothing,Saree,UPI,,,,,
B-26073,29,9,3,Clothing,Saree,UPI,,,,,
B-25796,28,1,1,Electronics,Accessories,UPI,,,,,
B-25653,28,-3,2,Clothing,Saree,UPI,,,,,
B-25884,24,2,4,Clothing,Hankerchief,COD,,,,,
B-25650,28,-26,2,Clothing,Stole,UPI,,,,,
B-26045,27,5,1,Clothing,Stole,UPI,,,,,
B-25672,27,-15,1,Clothing,Stole,UPI,,,,,
B-25949,24,11,3,Clothing,Hankerchief,COD,,,,,
B-25733,23,-6,4,Clothing,Hankerchief,COD,,,,,
B-25697,322,193,5,Electronics,Printers,COD,,,,,
B-25893,688,-103,6,Electronics,Accessories,Debit Card,,,,,
B-25802,23,-3,1,Clothing,Shirt,COD,,,,,
B-25961,26,3,3,Clothing,Skirt,UPI,,,,,
B-25751,68,-56,2,Electronics,Phones,COD,,,,,
B-25814,462,169,4,Clothing,Saree,COD,,,,,
B-25702,941,203,3,Furniture,Tables,UPI,,,,,
B-25896,23,4,2,Clothing,Skirt,COD,,,,,
B-25969,720,43,2,Electronics,Printers,UPI,,,,,
B-25778,724,-447,4,Electronics,Electronic Games,UPI,,,,,
B-25859,724,253,2,Furniture,Bookcases,UPI,,,,,
B-25810,26,10,4,Clothing,Hankerchief,UPI,,,,,
B-25616,22,-2,3,Clothing,Hankerchief,COD,,,,,
B-25633,711,-8,4,Clothing,Saree,Debit Card,,,,,
B-25753,107,31,5,Clothing,T-shirt,COD,,,,,
B-25764,765,-153,2,Electronics,Phones,Debit Card,,,,,
B-25864,22,8,2,Clothing,Leggings,COD,,,,,
B-25725,26,-5,2,Clothing,Stole,UPI,,,,,
B-25858,22,8,3,Clothing,Hankerchief,COD,,,,,
B-25817,743,89,5,Electronics,Printers,UPI,,,,,
B-25703,22,-15,4,Clothing,Kurti,COD,,,,,
B-25610,781,594,6,Electronics,Printers,Debit Card,,,,,
B-25652,25,-2,5,Clothing,Hankerchief,UPI,,,,,
B-25891,25,2,2,Clothing,Hankerchief,UPI,,,,,
B-25764,119,43,5,Clothing,T-shirt,COD,,,,,
B-25664,785,52,2,Electronics,Phones,Debit Card,,,,,
B-25645,183,-66,5,Electronics,Phones,UPI,,,,,
B-26008,22,4,1,Clothing,Stole,COD,,,,,
B-26061,642,180,5,Clothing,Saree,COD,,,,,
B-25781,767,-353,5,Clothing,Trousers,COD,,,,,
B-25999,770,323,3,Electronics,Accessories,COD,,,,,
B-25783,21,-17,3,Clothing,Shirt,COD,,,,,
B-25800,21,-6,3,Clothing,Leggings,COD,,,,,
B-26093,492,187,2,Electronics,Accessories,UPI,,,,,
B-25638,816,-96,3,Electronics,Printers,Debit Card,,,,,
B-26026,25,2,3,Clothing,Kurti,Credit Card,,,,,
B-25902,802,120,7,Electronics,Accessories,COD,,,,,
B-25968,811,154,7,Electronics,Accessories,UPI,,,,,
B-26099,835,267,5,Electronics,Phones,Debit Card,,,,,
B-25699,21,-5,1,Electronics,Accessories,COD,,,,,
B-26076,450,-190,4,Furniture,Bookcases,COD,,,,,
B-25793,24,-1,4,Clothing,Skirt,Credit Card,,,,,
B-25671,832,0,3,Clothing,Trousers,UPI,,,,,
B-26040,833,93,3,Clothing,Trousers,UPI,,,,,
B-26059,20,6,1,Clothing,T-shirt,COD,,,,,
B-25725,23,-5,7,Clothing,Hankerchief,Credit Card,,,,,
B-25855,550,-242,5,Furniture,Furnishings,UPI,,,,,
B-25738,148,-91,2,Electronics,Phones,COD,,,,,
B-25899,846,9,2,Furniture,Chairs,Debit Card,,,,,
B-25608,856,385,6,Electronics,Printers,COD,,,,,
B-25904,871,131,2,Furniture,Bookcases,UPI,,,,,
B-26056,19,-18,4,Clothing,Kurti,COD,,,,,
B-25669,610,-66,2,Furniture,Tables,COD,,,,,
B-25638,880,97,8,Furniture,Furnishings,Debit Card,,,,,
B-25953,22,-8,4,Clothing,Hankerchief,Credit Card,,,,,
B-25841,22,11,2,Clothing,Skirt,Credit Card,,,,,
B-26071,21,4,3,Clothing,Hankerchief,Credit Card,,,,,
B-25793,18,1,3,Clothing,Hankerchief,COD,,,,,
B-25813,911,202,7,Furniture,Chairs,COD,,,,,
B-26010,18,2,3,Clothing,Hankerchief,COD,,,,,
B-25825,911,355,5,Electronics,Phones,Debit Card,,,,,
B-25630,143,-129,2,Electronics,Phones,COD,,,,,
B-25986,918,22,9,Electronics,Electronic Games,COD,,,,,
B-25650,925,-447,5,Electronics,Electronic Games,COD,,,,,
B-26078,17,8,2,Clothing,Skirt,COD,,,,,
B-25890,465,207,9,Clothing,Saree,COD,,,,,
B-25691,17,-9,3,Clothing,Stole,COD,,,,,
B-25952,935,114,4,Electronics,Electronic Games,UPI,,,,,
B-25651,16,-10,2,Clothing,T-shirt,COD,,,,,
B-25955,954,95,3,Electronics,Printers,UPI,,,,,
B-25898,915,-99,3,Furniture,Tables,Debit Card,,,,,
B-25838,955,305,3,Electronics,Printers,Debit Card,,,,,
B-25797,976,293,4,Electronics,Accessories,COD,,,,,
B-25738,1069,0,6,Clothing,Saree,EMI,,,,,
B-25661,19,-15,3,Clothing,Hankerchief,Credit Card,,,,,
B-25997,16,6,3,Clothing,Hankerchief,COD,,,,,
B-25667,1030,206,8,Electronics,Printers,UPI,,,,,
B-25753,620,82,6,Electronics,Accessories,COD,,,,,
B-25848,16,8,2,Clothing,Hankerchief,COD,,,,,
B-26097,19,8,2,Clothing,Hankerchief,Credit Card,,,,,
B-25633,249,-130,4,Electronics,Phones,UPI,,,,,
B-25807,16,6,1,Clothing,Stole,COD,,,,,
B-25752,1361,197,9,Furniture,Bookcases,COD,,,,,
B-26052,15,1,1,Clothing,Shirt,COD,,,,,
B-25610,1076,-38,4,Electronics,Printers,COD,,,,,
B-25888,18,2,3,Clothing,Hankerchief,Credit Card,,,,,
B-25937,1101,352,3,Furniture,Bookcases,UPI,,,,,
B-25828,15,2,1,Clothing,Leggings,COD,,,,,
B-26048,1104,209,4,Clothing,Trousers,UPI,,,,,
B-25670,14,2,1,Clothing,Hankerchief,COD,,,,,
B-25757,14,5,1,Clothing,Hankerchief,COD,,,,,
B-25751,14,-3,2,Clothing,Leggings,COD,,,,,
B-25687,14,-1,4,Clothing,Kurti,COD,,,,,
B-25710,13,-8,1,Clothing,T-shirt,COD,,,,,
B-25656,13,-1,3,Clothing,Hankerchief,COD,,,,,
B-25601,1275,1148,7,Furniture,Bookcases,EMI,,,,,
B-26053,17,1,2,Clothing,Skirt,Credit Card,,,,,
B-26001,13,0,2,Clothing,Hankerchief,COD,,,,,
B-25964,1270,546,11,Electronics,Electronic Games,EMI,,,,,
B-26062,13,-2,1,Clothing,Stole,COD,,,,,
B-25982,13,3,1,Clothing,Leggings,COD,,,,,
B-25864,17,5,1,Clothing,Hankerchief,UPI,,,,,
B-25693,13,-13,2,Clothing,Skirt,COD,,,,,
B-25802,13,-9,2,Clothing,Skirt,COD,,,,,
B-25676,1263,-56,5,Clothing,Trousers,EMI,,,,,
B-25639,1629,-153,3,Electronics,Phones,COD,,,,,
B-25757,17,7,3,Clothing,Hankerchief,UPI,,,,,
B-26003,17,2,2,Clothing,Skirt,UPI,,,,,
B-26055,1250,-12,2,Electronics,Printers,EMI,,,,,
B-25786,17,-11,3,Clothing,Skirt,UPI,,,,,
B-25919,977,-244,7,Electronics,Phones,COD,,,,,
B-25894,1246,62,3,Furniture,Bookcases,EMI,,,,,
B-25979,12,1,2,Clothing,Hankerchief,COD,,,,,
B-25651,11,-4,2,Clothing,Skirt,COD,,,,,
B-25653,1327,318,8,Furniture,Chairs,EMI,,,,,
B-25855,1319,567,5,Electronics,Printers,COD,,,,,
B-25793,1402,109,11,Clothing,Saree,EMI,,,,,
B-26073,1514,742,4,Electronics,Printers,EMI,,,,,
B-25881,1351,111,6,Electronics,Electronic Games,COD,,,,,
B-25603,1355,-60,5,Clothing,Trousers,COD,,,,,
B-25851,10,2,2,Clothing,Hankerchief,COD,,,,,
B-25883,10,-2,2,Clothing,Leggings,COD,,,,,
B-25768,1582,-443,6,Clothing,Trousers,EMI,,,,,
B-25953,1218,352,9,Furniture,Bookcases,EMI,,,,,
B-25755,321,315,5,Clothing,Saree,UPI,,,,,
B-26057,736,346,5,Electronics,Printers,COD,,,,,
B-26055,1218,-420,8,Furniture,Bookcases,COD,,,,,
B-25855,1027,441,8,Clothing,Saree,COD,,,,,
B-25989,10,5,1,Clothing,Stole,COD,,,,,
B-26099,2366,552,5,Clothing,Trousers,UPI,,,,,
B-25652,9,-6,2,Clothing,Hankerchief,COD,,,,,
B-25723,16,-12,2,Clothing,Stole,UPI,,,,,
B-26099,9,3,1,Clothing,Skirt,COD,,,,,
B-25629,1560,421,3,Clothing,Trousers,COD,,,,,
B-25877,1137,568,2,Clothing,Trousers,EMI,,,,,
B-25767,9,-9,2,Clothing,Kurti,COD,,,,,
B-25735,15,-7,1,Clothing,Hankerchief,UPI,,,,,
B-26097,14,5,1,Clothing,Hankerchief,UPI,,,,,
B-26070,14,7,2,Clothing,Hankerchief,UPI,,,,,
B-25752,8,-2,2,Clothing,Hankerchief,COD,,,,,
B-25656,1389,680,7,Clothing,Saree,COD,,,,,
B-25748,8,-1,2,Clothing,Leggings,COD,,,,,
B-25758,8,-2,1,Clothing,Stole,COD,,,,,
B-25950,13,4,1,Clothing,Leggings,UPI,,,,,
B-25707,8,-6,1,Clothing,Stole,COD,,,,,
B-25909,12,2,2,Clothing,Skirt,Credit Card,,,,,
B-25955,1716,309,7,Electronics,Accessories,COD,,,,,
B-26023,1117,447,10,Furniture,Bookcases,EMI,,,,,
B-25655,9,-6,2,Clothing,Skirt,Credit Card,,,,,
B-25686,332,503,3,Electronics,Printers,COD,,,,,
B-25655,7,-4,3,Clothing,Hankerchief,COD,,,,,
B-25601,8,-2,3,Clothing,Hankerchief,Credit Card,,,,,
B-25862,2061,701,5,Furniture,Bookcases,UPI,,,,,
B-25626,1103,276,3,Furniture,Chairs,EMI,,,,,
B-25823,2103,322,8,Electronics,Electronic Games,UPI,,,,,
B-25881,2115,23,5,Furniture,Chairs,COD,,,,,
B-25910,850,-289,5,Electronics,Electronic Games,COD,,,,,
B-25830,1063,64,7,Electronics,Phones,EMI,,,,,
B-25978,1063,-175,4,Electronics,Electronic Games,EMI,,,,,
B-25997,2292,127,7,Furniture,Bookcases,COD,,,,,
B-25661,7,-1,2,Clothing,Hankerchief,Credit Card,,,,,
B-25969,2452,191,7,Furniture,Bookcases,UPI,,,,,
B-25858,2457,665,11,Electronics,Electronic Games,EMI,,,,,
B-25697,4,-3,1,Clothing,Skirt,Credit Card,,,,,
B-25798,2830,-1981,13,Furniture,Bookcases,EMI,,,,,
B-25873,7,1,1,Clothing,Hankerchief,COD,,,,,
B-25740,7,0,2,Clothing,Skirt,COD,,,,,
B-25700,7,-3,2,Clothing,Hankerchief,COD,,,,,
B-25757,3151,-35,7,Clothing,Trousers,EMI,,,,,
B-25973,4141,1698,13,Electronics,Printers,COD,,,,,
B-25698,7,-2,1,Clothing,Hankerchief,COD,,,,,
B-25993,4363,305,5,Furniture,Tables,EMI,,,,,
B-31500,1096,658,7,Electronics,Electronic Games,COD,,,,,
B-31501,5729,64,14,Furniture,Chairs,EMI,,,,,
B-31502,2927,146,8,Furniture,Bookcases,EMI,,,,,
B-31503,2847,712,8,Electronics,Printers,Credit Card,,,,,
B-31504,2617,1151,4,Electronics,Phones,Credit Card,,,,,
B-31505,2244,247,4,Clothing,Trousers,Credit Card,,,,,
B-31506,275,-275,4,Clothing,Saree,COD,,,,,
B-31507,387,-213,5,Clothing,Saree,UPI,,,,,
B-31508,50,-44,2,Clothing,Hankerchief,UPI,,,,,
B-31509,135,-54,5,Clothing,Kurti,COD,,,,,
B-31510,231,-190,9,Clothing,Hankerchief,COD,,,,,
B-31511,2125,-234,6,Electronics,Printers,EMI,,,,,
B-31512,3873,-891,6,Electronics,Phones,Credit Card,,,,,
B-31513,729,-492,5,Furniture,Bookcases,UPI,,,,,
B-31514,2188,1050,5,Furniture,Bookcases,Credit Card,,,,,
B-31515,6,-3,1,Clothing,Hankerchief,UPI,,,,,
B-31516,1854,433,5,Furniture,Bookcases,Credit Card,,,,,
B-31517,6,1,1,Clothing,Kurti,UPI,,,,,
B-31518,2093,721,5,Furniture,Chairs,Credit Card,,,,,
B-31519,7,-1,2,Clothing,Skirt,UPI,,,,,
B-31520,1622,-624,5,Furniture,Tables,Credit Card,,,,,
B-31521,1622,95,5,Electronics,Printers,Credit Card,,,,,
B-31522,373,254,6,Electronics,Printers,UPI,,,,,
B-31523,82,-33,4,Clothing,Kurti,COD,,,,,
B-31524,8,2,2,Clothing,Skirt,UPI,,,,,
B-31525,1954,782,3,Electronics,Phones,Credit Card,,,,,
B-31526,1543,370,8,Electronics,Printers,Credit Card,,,,,
B-31527,1506,-266,6,Electronics,Printers,Credit Card,,,,,
B-31528,1829,-56,6,Furniture,Tables,Credit Card,,,,,
B-31529,9,-1,3,Clothing,Skirt,UPI,,,,,
B-31530,1461,202,5,Furniture,Tables,EMI,,,,,
B-31531,391,113,8,Clothing,Stole,COD,,,,,
B-31532,1824,1303,8,Electronics,Phones,Credit Card,,,,,
B-31533,16,-15,4,Clothing,Hankerchief,UPI,,,,,
B-31534,1745,122,2,Furniture,Tables,Credit Card,,,,,
B-31535,663,-212,5,Electronics,Printers,UPI,,,,,
B-31536,10,-1,1,Clothing,Leggings,UPI,,,,,
B-31537,1630,802,5,Furniture,Tables,EMI,,,,,
B-31538,12,0,2,Clothing,Hankerchief,UPI,,,,,
B-31539,12,-7,2,Clothing,Leggings,UPI,,,,,
B-31540,1709,564,3,Clothing,Trousers,Credit Card,,,,,
B-31541,12,3,1,Clothing,Stole,UPI,,,,,
B-31542,1625,-77,3,Electronics,Phones,EMI,,,,,
B-31543,13,5,2,Clothing,Hankerchief,UPI,,,,,
B-31544,1361,980,3,Furniture,Tables,COD,,,,,
B-31545,1622,-448,3,Electronics,Phones,EMI,,,,,
B-31546,1547,340,6,Electronics,Accessories,EMI,,,,,
B-31547,1657,460,4,Furniture,Chairs,Credit Card,,,,,
B-31548,1603,0,9,Clothing,Saree,Credit Card,,,,,
B-31549,1549,-439,4,Electronics,Phones,Credit Card,,,,,
B-31550,1183,106,4,Electronics,Printers,EMI,,,,,
B-31551,74,-123,8,Clothing,Skirt,UPI,,,,,
B-31552,1499,239,13,Clothing,Saree,Credit Card,,,,,
B-31553,1120,199,6,Clothing,Saree,EMI,,,,,
B-31554,15,-2,1,Clothing,T-shirt,Debit Card,,,,,
B-31555,1487,624,3,Clothing,Trousers,Credit Card,,,,,
B-31556,1118,206,2,Furniture,Tables,Credit Card,,,,,
B-31557,11,-5,2,Clothing,Hankerchief,COD,,,,,
B-31558,15,4,1,Clothing,Hankerchief,Debit Card,,,,,
B-31559,1364,1864,5,Furniture,Tables,Credit Card,,,,,
B-31560,1337,147,7,Electronics,Printers,Credit Card,,,,,
B-31561,15,2,1,Clothing,Leggings,Debit Card,,,,,
B-31562,322,-193,5,Electronics,Printers,UPI,,,,,
B-31563,1316,527,7,Electronics,Electronic Games,Credit Card,,,,,
B-31564,1314,342,3,Furniture,Bookcases,Credit Card,,,,,
B-31565,17,7,3,Clothing,Hankerchief,Debit Card,,,,,
B-31566,17,2,2,Clothing,Skirt,Debit Card,,,,,
B-31567,17,-12,5,Clothing,Skirt,Debit Card,,,,,
B-31568,1308,536,3,Furniture,Bookcases,Credit Card,,,,,
B-31569,1076,-38,4,Electronics,Printers,Credit Card,,,,,
B-31570,1301,573,5,Electronics,Accessories,Credit Card,,,,,
B-31571,1300,-16,8,Electronics,Printers,Credit Card,,,,,
B-31572,11,-2,4,Clothing,Hankerchief,COD,,,,,
B-31573,1298,65,9,Electronics,Printers,EMI,,,,,
B-31574,304,97,6,Clothing,Stole,UPI,,,,,
B-31575,1055,264,4,Electronics,Printers,EMI,,,,,
B-31576,17,-13,4,Clothing,Skirt,Debit Card,,,,,
B-31577,147,73,3,Clothing,Stole,COD,,,,,
B-31578,965,-68,3,Electronics,Printers,COD,,,,,
B-31579,12,-2,3,Clothing,Hankerchief,COD,,,,,
B-31580,14,-2,3,Clothing,Hankerchief,UPI,,,,,
B-31581,934,-916,7,Electronics,Electronic Games,COD,,,,,
B-31582,929,-93,9,Clothing,Saree,COD,,,,,
B-31583,18,3,2,Clothing,Hankerchief,Debit Card,,,,,
B-31584,916,192,11,Electronics,Phones,COD,,,,,
B-31585,76,-72,9,Clothing,Hankerchief,COD,,,,,
B-31586,869,67,4,Furniture,Tables,COD,,,,,
B-31587,112,24,3,Clothing,Kurti,COD,,,,,
B-31588,39,16,6,Clothing,Skirt,UPI,,,,,
B-31589,857,-274,2,Furniture,Tables,COD,,,,,
B-31590,828,230,2,Furniture,Chairs,COD,,,,,
B-31591,1279,-640,8,Electronics,Printers,EMI,,,,,
B-31592,1250,486,7,Clothing,Saree,EMI,,,,,
B-31593,823,-18,7,Furniture,Chairs,COD,,,,,
B-31594,1157,-13,9,Furniture,Bookcases,Credit Card,,,,,
B-31595,126,-63,3,Electronics,Accessories,UPI,,,,,
B-31596,1145,-706,3,Electronics,Phones,Credit Card,,,,,
B-31597,774,170,3,Electronics,Accessories,COD,,,,,
B-31598,24,-1,2,Clothing,Hankerchief,COD,,,,,
B-31599,774,170,3,Electronics,Accessories,COD,,,,,
B-31600,93,-1,2,Clothing,Hankerchief,COD,,,,,
B-31601,765,-36,3,Electronics,Electronic Games,COD,,,,,
B-31602,762,101,6,Electronics,Printers,COD,,,,,
B-31603,761,266,9,Electronics,Electronic Games,COD,,,,,
B-31604,96,-48,5,Clothing,Leggings,UPI,,,,,
B-31605,1137,-14,7,Electronics,Printers,EMI,,,,,
B-31606,18,8,2,Clothing,Hankerchief,Debit Card,,,,,
B-31607,749,-307,7,Furniture,Furnishings,COD,,,,,
B-31608,1120,199,6,Clothing,Saree,EMI,,,,,
B-31609,744,119,6,Electronics,Printers,COD,,,,,
B-31610,14,0,4,Clothing,Hankerchief,UPI,,,,,
B-31611,19,8,2,Clothing,Hankerchief,Debit Card,,,,,
B-31612,512,-225,5,Clothing,Saree,COD,,,,,
B-31613,742,198,2,Furniture,Bookcases,COD,,,,,
B-31614,44,-40,3,Clothing,Stole,COD,,,,,
B-31615,1061,-36,8,Furniture,Bookcases,EMI,,,,,
B-31616,19,-2,2,Clothing,Leggings,Debit Card,,,,,
B-31617,17,0,1,Clothing,Hankerchief,COD,,,,,
B-31618,741,267,5,Furniture,Bookcases,COD,,,,,
B-31619,735,-235,6,Electronics,Printers,COD,,,,,
B-31620,19,-1,1,Clothing,Shirt,Debit Card,,,,,
B-31621,1021,-48,4,Electronics,Electronic Games,EMI,,,,,
B-31622,556,-209,7,Clothing,Saree,COD,,,,,
B-31623,63,-17,6,Clothing,Leggings,COD,,,,,
B-31624,734,248,2,Furniture,Chairs,COD,,,,,
B-31625,933,166,5,Clothing,Saree,Credit Card,,,,,
B-31626,20,-9,6,Clothing,Hankerchief,Debit Card,,,,,
B-31627,877,395,2,Furniture,Bookcases,Credit Card,,,,,
B-31628,719,303,6,Furniture,Chairs,COD,,,,,
B-31629,12,1,2,Clothing,Hankerchief,COD,,,,,
B-31630,714,56,4,Clothing,Saree,COD,,,,,
B-31631,50,-15,4,Clothing,Leggings,COD,,,,,
B-31632,709,-100,5,Electronics,Phones,COD,,,,,
B-31633,21,-12,3,Clothing,Hankerchief,Debit Card,,,,,
B-31634,693,254,6,Clothing,Saree,COD,,,,,
B-31635,24,1,4,Clothing,Hankerchief,COD,,,,,
B-31636,24,1,2,Clothing,Hankerchief,UPI,,,,,
B-31637,24,1,2,Clothing,Hankerchief,COD,,,,,
B-31638,21,10,1,Clothing,T-shirt,Debit Card,,,,,
B-31639,681,259,4,Furniture,Chairs,COD,,,,,
B-31640,674,-187,2,Furniture,Tables,COD,,,,,
B-31641,671,-309,5,Electronics,Electronic Games,COD,,,,,
B-31642,646,-213,3,Electronics,Electronic Games,COD,,,,,
B-31643,40,15,1,Clothing,Kurti,COD,,,,,
B-31644,24,-2,2,Clothing,T-shirt,COD,,,,,
B-31645,644,167,2,Electronics,Printers,COD,,,,,
B-31646,643,225,2,Electronics,Printers,COD,,,,,
B-31647,632,-316,6,Clothing,Saree,COD,,,,,
B-31648,632,316,6,Clothing,Saree,COD,,,,,
B-31649,610,208,3,Electronics,Printers,COD,,,,,
B-31650,78,-28,6,Clothing,Kurti,UPI,,,,,
B-31651,595,119,4,Furniture,Bookcases,COD,,,,,
B-31652,595,292,3,Clothing,Saree,COD,,,,,
B-31653,852,51,5,Furniture,Bookcases,Credit Card,,,,,
B-31654,594,89,3,Furniture,Bookcases,COD,,,,,
B-31655,585,175,13,Clothing,T-shirt,COD,,,,,
B-31656,582,262,5,Furniture,Furnishings,COD,,,,,
B-31657,845,84,7,Clothing,Saree,Credit Card,,,,,
B-31658,829,19,4,Electronics,Printers,Credit Card,,,,,
B-31659,561,212,3,Clothing,Saree,COD,,,,,
B-31660,771,-424,2,Electronics,Phones,Credit Card,,,,,
B-31661,765,8,6,Clothing,Saree,EMI,,,,,
B-31662,31,2,2,Clothing,Hankerchief,COD,,,,,
B-31663,557,-111,2,Electronics,Electronic Games,COD,,,,,
B-31664,757,371,2,Electronics,Printers,Credit Card,,,,,
B-31665,545,-73,11,Electronics,Phones,COD,,,,,
B-31666,1052,-82,3,Furniture,Bookcases,UPI,,,,,
B-31667,544,-152,3,Furniture,Bookcases,COD,,,,,
B-31668,22,9,2,Clothing,Leggings,Debit Card,,,,,
B-31669,757,371,2,Electronics,Printers,Credit Card,,,,,
B-31670,742,198,2,Furniture,Bookcases,Credit Card,,,,,
B-31671,537,107,3,Clothing,Saree,COD,,,,,
B-31672,536,91,1,Clothing,Trousers,COD,,,,,
B-31673,6,3,1,Clothing,Hankerchief,COD,,,,,
B-31674,523,204,7,Clothing,Trousers,COD,,,,,
B-31675,27,9,2,Clothing,T-shirt,UPI,,,,,
B-31676,516,392,8,Furniture,Chairs,COD,,,,,
B-31677,504,116,3,Furniture,Bookcases,COD,,,,,
B-31678,502,84,4,Electronics,Phones,COD,,,,,
B-31679,734,213,6,Electronics,Electronic Games,Credit Card,,,,,
B-31680,42,12,2,Clothing,Kurti,COD,,,,,
B-31681,29,11,4,Clothing,Skirt,COD,,,,,
B-31682,240,12,6,Clothing,Kurti,UPI,,,,,
B-31683,496,-79,2,Clothing,Trousers,COD,,,,,
B-31684,485,29,4,Electronics,Electronic Games,COD,,,,,
B-31685,31,-11,3,Clothing,Skirt,UPI,,,,,
B-31686,676,151,3,Electronics,Printers,Credit Card,,,,,
B-31687,23,8,2,Clothing,Hankerchief,Debit Card,,,,,
B-31688,13,3,2,Clothing,Hankerchief,COD,,,,,
B-31689,180,0,8,Clothing,Stole,COD,,,,,
B-31690,671,114,9,Electronics,Phones,Credit Card,,,,,
B-31691,22,11,3,Clothing,Kurti,COD,,,,,
B-31692,668,-31,3,Electronics,Printers,Credit Card,,,,,
B-31693,145,0,3,Clothing,Saree,UPI,,,,,
B-31694,24,8,2,Clothing,Skirt,Debit Card,,,,,
B-31695,476,0,3,Furniture,Chairs,COD,,,,,
B-31696,24,11,5,Clothing,Hankerchief,Debit Card,,,,,
B-31697,37,3,3,Clothing,Hankerchief,COD,,,,,
B-31698,152,50,6,Clothing,Stole,UPI,,,,,
B-31699,32,11,2,Clothing,Leggings,UPI,,,,,
B-31700,52,11,5,Clothing,Leggings,COD,,,,,
B-31701,24,11,3,Clothing,Hankerchief,Debit Card,,,,,
B-31702,473,42,4,Furniture,Chairs,COD,,,,,
B-31703,263,50,5,Clothing,Stole,COD,,,,,
B-31704,61,11,3,Clothing,Kurti,COD,,,,,
B-31705,469,-459,3,Electronics,Electronic Games,COD,,,,,
B-31706,1272,547,2,Electronics,Phones,COD,,,,,
B-31707,169,0,3,Electronics,Accessories,COD,,,,,
B-31708,25,11,3,Clothing,Leggings,Debit Card,,,,,
B-31709,457,-41,4,Clothing,Saree,COD,,,,,
B-31710,455,77,8,Electronics,Accessories,COD,,,,,
B-31711,25,2,2,Clothing,Hankerchief,Debit Card,,,,,
B-31712,450,-90,3,Electronics,Printers,COD,,,,,
B-31713,30,-35,1,Furniture,Chairs,COD,,,,,
B-31714,659,-37,2,Furniture,Bookcases,Credit Card,,,,,
B-31715,448,148,2,Electronics,Printers,COD,,,,,
B-31716,446,53,3,Electronics,Printers,COD,,,,,
B-31717,98,-45,2,Furniture,Chairs,UPI,,,,,
B-31718,443,11,1,Clothing,Saree,COD,,,,,
B-31719,427,-50,7,Electronics,Phones,COD,,,,,
B-31720,656,-36,2,Furniture,Bookcases,Credit Card,,,,,
B-31721,424,161,2,Clothing,Saree,COD,,,,,
B-31722,27,8,2,Clothing,T-shirt,Debit Card,,,,,
B-31723,424,-272,5,Electronics,Phones,COD,,,,,
B-31724,202,4,4,Clothing,Hankerchief,COD,,,,,
B-31725,1275,357,2,Electronics,Phones,UPI,,,,,
B-31726,418,70,7,Electronics,Phones,COD,,,,,
B-31727,417,49,3,Electronics,Electronic Games,COD,,,,,
B-31728,199,48,4,Clothing,Stole,UPI,,,,,
B-31729,385,-77,11,Furniture,Furnishings,UPI,,,,,
B-31730,414,199,3,Electronics,Phones,COD,,,,,
B-31731,97,-45,4,Clothing,Saree,COD,,,,,
B-31732,648,50,6,Electronics,Electronic Games,Credit Card,,,,,
B-31733,27,-25,2,Clothing,Shirt,Debit Card,,,,,
B-31734,27,12,1,Clothing,Stole,Debit Card,,,,,
B-31735,27,1,1,Clothing,Stole,UPI,,,,,
B-31736,413,-314,9,Furniture,Chairs,COD,,,,,
B-31737,53,2,4,Clothing,Hankerchief,COD,,,,,
B-31738,29,8,5,Clothing,Hankerchief,UPI,,,,,
B-31739,30,13,1,Clothing,T-shirt,UPI,,,,,
B-31740,412,412,6,Clothing,Saree,COD,,,,,
B-31741,646,-23,2,Electronics,Printers,Credit Card,,,,,
B-31742,30,-5,5,Clothing,Stole,UPI,,,,,
B-31743,618,27,4,Furniture,Bookcases,Credit Card,,,,,
B-31744,143,-124,5,Clothing,Saree,UPI,,,,,
B-31745,31,1,2,Clothing,Hankerchief,UPI,,,,,
B-31746,409,86,3,Clothing,Saree,COD,,,,,
B-31747,406,126,2,Clothing,Saree,COD,,,,,
B-31748,565,66,7,Clothing,Saree,Credit Card,,,,,
B-31749,85,2,6,Clothing,Stole,COD,,,,,
B-31750,561,118,5,Furniture,Bookcases,Credit Card,,,,,
B-31751,503,-56,2,Clothing,Trousers,COD,,,,,
B-31752,31,14,3,Clothing,Stole,UPI,,,,,
B-31753,398,111,8,Clothing,Hankerchief,COD,,,,,
B-31754,388,93,2,Furniture,Bookcases,COD,,,,,
B-31755,498,-116,4,Clothing,Saree,UPI,,,,,
B-31756,561,212,3,Clothing,Saree,Credit Card,,,,,
B-31757,61,3,4,Clothing,Hankerchief,COD,,,,,
B-31758,34,-22,4,Clothing,T-shirt,COD,,,,,
B-31759,32,6,3,Clothing,Shirt,UPI,,,,,
B-31760,623,-192,3,Furniture,Tables,UPI,,,,,
B-31761,520,151,3,Electronics,Phones,Credit Card,,,,,
B-31762,32,-16,6,Clothing,Saree,UPI,,,,,
B-31763,32,-5,5,Clothing,Hankerchief,UPI,,,,,
B-31764,510,234,6,Electronics,Electronic Games,EMI,,,,,
B-31765,382,68,3,Clothing,Saree,COD,,,,,
B-31766,33,13,3,Clothing,Leggings,UPI,,,,,
B-31767,381,-13,2,Clothing,Saree,COD,,,,,
B-31768,490,88,2,Electronics,Accessories,EMI,,,,,
B-31769,381,144,2,Clothing,Saree,COD,,,,,
B-31770,487,143,4,Electronics,Phones,EMI,,,,,
B-31771,366,84,3,Furniture,Bookcases,COD,,,,,
B-31772,33,-29,3,Clothing,Shirt,UPI,,,,,
B-31773,365,107,3,Electronics,Phones,COD,,,,,
B-31774,207,-100,2,Clothing,Saree,UPI,,,,,
B-31775,359,-338,5,Furniture,Bookcases,COD,,,,,
B-31776,351,-47,8,Electronics,Phones,COD,,,,,
B-31777,485,199,4,Clothing,Saree,EMI,,,,,
B-31778,37,-23,4,Clothing,Shirt,UPI,,,,,
B-31779,34,10,2,Clothing,T-shirt,Debit Card,,,,,
B-31780,346,108,3,Furniture,Chairs,COD,,,,,
B-31781,342,-103,4,Electronics,Electronic Games,COD,,,,,
B-31782,35,-8,2,Furniture,Furnishings,Debit Card,,,,,
B-31783,121,41,4,Clothing,Stole,UPI,,,,,
B-31784,336,57,2,Electronics,Phones,COD,,,,,
B-31785,336,71,3,Furniture,Bookcases,COD,,,,,
B-31786,27,4,1,Clothing,Hankerchief,COD,,,,,
B-31787,333,50,2,Electronics,Phones,COD,,,,,
B-31788,36,7,3,Clothing,Leggings,Debit Card,,,,,
B-31789,333,-15,3,Electronics,Phones,COD,,,,,
B-31790,327,114,4,Clothing,Trousers,COD,,,,,
B-31791,18,6,3,Clothing,Hankerchief,UPI,,,,,
B-31792,325,32,7,Clothing,T-shirt,COD,,,,,
B-31793,482,-6,7,Electronics,Electronic Games,EMI,,,,,
B-31794,465,-33,4,Electronics,Phones,EMI,,,,,
B-31795,40,-12,3,Clothing,Shirt,COD,,,,,
B-31796,107,36,6,Clothing,Stole,COD,,,,,
B-31797,312,-312,7,Furniture,Chairs,COD,,,,,
B-31798,451,25,3,Electronics,Phones,EMI,,,,,
B-31799,312,62,1,Electronics,Electronic Games,COD,,,,,
B-31800,311,72,2,Furniture,Bookcases,COD,,,,,
B-31801,11,5,2,Clothing,Hankerchief,UPI,,,,,
B-31802,37,-5,3,Clothing,T-shirt,Debit Card,,,,,
B-31803,444,-200,4,Electronics,Phones,EMI,,,,,
B-31804,434,26,11,Clothing,Shirt,Credit Card,,,,,
B-31805,299,0,6,Clothing,Stole,COD,,,,,
B-31806,37,17,3,Clothing,Hankerchief,Debit Card,,,,,
B-31807,299,113,2,Furniture,Bookcases,COD,,,,,
B-31808,298,74,2,Furniture,Bookcases,COD,,,,,
B-31809,94,7,7,Clothing,Leggings,UPI,,,,,
B-31810,296,225,11,Clothing,Saree,COD,,,,,
B-31811,37,17,3,Clothing,Hankerchief,Debit Card,,,,,
B-31812,291,93,2,Electronics,Printers,COD,,,,,
B-31813,327,-39,1,Electronics,Phones,COD,,,,,
B-31814,291,119,11,Clothing,Saree,COD,,,,,
B-31815,287,-66,6,Clothing,Kurti,COD,,,,,
B-31816,42,15,1,Electronics,Accessories,UPI,,,,,
B-31817,429,61,3,Electronics,Electronic Games,Credit Card,,,,,
B-31818,285,128,2,Electronics,Printers,COD,,,,,
B-31819,277,3,1,Electronics,Electronic Games,COD,,,,,
B-31820,274,-7,4,Electronics,Phones,COD,,,,,
B-31821,273,-87,4,Electronics,Phones,COD,,,,,
B-31822,269,91,1,Electronics,Electronic Games,COD,,,,,
B-31823,11,5,1,Clothing,Skirt,COD,,,,,
B-31824,39,2,2,Clothing,Saree,Debit Card,,,,,
B-31825,264,-26,3,Clothing,Trousers,COD,,,,,
B-31826,40,16,3,Clothing,Hankerchief,Debit Card,,,,,
B-31827,41,19,2,Clothing,T-shirt,Debit Card,,,,,
B-31828,253,-63,2,Clothing,Saree,UPI,,,,,
B-31829,406,97,7,Furniture,Chairs,Credit Card,,,,,
B-31830,32,7,3,Clothing,Hankerchief,COD,,,,,
B-31831,260,68,2,Electronics,Printers,COD,,,,,
B-31832,41,19,5,Clothing,Hankerchief,Debit Card,,,,,
B-31833,401,13,6,Furniture,Chairs,Credit Card,,,,,
B-31834,382,30,3,Clothing,Saree,Credit Card,,,,,
B-31835,867,251,5,Electronics,Phones,COD,,,,,
B-31836,43,0,3,Clothing,Saree,Debit Card,,,,,
B-31837,43,-43,7,Clothing,Stole,Debit Card,,,,,
B-31838,74,29,3,Clothing,Stole,COD,,,,,
B-31839,44,-26,3,Clothing,Hankerchief,Debit Card,,,,,
B-31840,259,-55,2,Furniture,Chairs,COD,,,,,
B-31841,257,23,5,Clothing,Hankerchief,COD,,,,,
B-31842,76,27,5,Clothing,Stole,COD,,,,,
B-31843,44,-32,3,Clothing,Stole,Debit Card,,,,,
B-31844,257,3,2,Clothing,Saree,COD,,,,,
B-31845,255,76,9,Clothing,Hankerchief,COD,,,,,
B-31846,44,14,3,Clothing,Hankerchief,Debit Card,,,,,
B-31847,45,-2,4,Clothing,Shirt,COD,,,,,
B-31848,44,-3,1,Clothing,Saree,Debit Card,,,,,
B-31849,382,119,2,Clothing,Saree,Credit Card,,,,,
B-31850,250,100,3,Clothing,Trousers,COD,,,,,
B-31851,45,-15,2,Furniture,Chairs,COD,,,,,
B-31852,246,61,2,Furniture,Bookcases,COD,,,,,
B-31853,50,25,5,Clothing,Stole,COD,,,,,
B-31854,246,98,5,Clothing,Hankerchief,COD,,,,,
B-31855,44,99,3,Clothing,Kurti,Debit Card,,,,,
B-31856,245,-78,3,Clothing,Saree,COD,,,,,
B-31857,245,30,2,Clothing,Saree,COD,,,,,
B-31858,376,0,7,Clothing,Stole,Credit Card,,,,,
B-31859,45,1,3,Clothing,T-shirt,Debit Card,,,,,
B-31860,45,-28,2,Clothing,Stole,Debit Card,,,,,
B-31861,244,-122,5,Furniture,Furnishings,COD,,,,,
B-31862,244,83,2,Furniture,Bookcases,COD,,,,,
B-31863,10,4,1,Clothing,Kurti,UPI,,,,,
B-31864,375,180,3,Furniture,Bookcases,Credit Card,,,,,
B-31865,46,14,5,Clothing,Skirt,Debit Card,,,,,
B-31866,49,-31,2,Clothing,Stole,UPI,,,,,
B-31867,47,-20,2,Clothing,Kurti,Debit Card,,,,,
B-31868,355,-114,7,Clothing,Stole,Credit Card,,,,,
B-31869,32,8,5,Clothing,Hankerchief,UPI,,,,,
B-31870,243,-14,2,Furniture,Chairs,COD,,,,,
B-31871,241,-77,4,Electronics,Electronic Games,COD,,,,,
B-31872,47,15,5,Clothing,Saree,Debit Card,,,,,
B-31873,50,-10,6,Clothing,Skirt,Debit Card,,,,,
B-31874,15,6,2,Clothing,Hankerchief,COD,,,,,
B-31875,148,24,3,Clothing,Stole,COD,,,,,
B-31876,299,-28,3,Electronics,Electronic Games,UPI,,,,,
B-31877,68,-30,1,Electronics,Phones,UPI,,,,,
B-31878,52,18,5,Clothing,Leggings,Debit Card,,,,,
B-31879,239,-162,5,Furniture,Chairs,COD,,,,,
B-31880,27,6,3,Clothing,Skirt,COD,,,,,
B-31881,238,20,2,Clothing,Saree,COD,,,,,
B-31882,48,16,3,Clothing,Shirt,COD,,,,,
B-31883,66,22,3,Clothing,Stole,UPI,,,,,
B-31884,53,24,1,Clothing,Hankerchief,Debit Card,,,,,
B-31885,233,-10,5,Electronics,Electronic Games,COD,,,,,
B-31886,53,-2,3,Clothing,Saree,Debit Card,,,,,
B-31887,54,8,4,Clothing,T-shirt,Debit Card,,,,,
B-31888,352,-345,5,Clothing,Saree,Credit Card,,,,,
B-31889,349,0,7,Clothing,Stole,Credit Card,,,,,
B-31890,341,-85,6,Clothing,Trousers,Credit Card,,,,,
B-31891,54,12,3,Clothing,Saree,Debit Card,,,,,
B-31892,57,7,2,Clothing,Shirt,UPI,,,,,
B-31893,340,20,7,Clothing,Shirt,Credit Card,,,,,
B-31894,227,48,5,Clothing,Stole,COD,,,,,
B-31895,330,81,1,Furniture,Bookcases,Credit Card,,,,,
B-31896,216,-38,6,Furniture,Furnishings,UPI,,,,,
B-31897,224,-143,3,Furniture,Chairs,COD,,,,,
B-31898,55,-33,2,Furniture,Chairs,Debit Card,,,,,
B-31899,49,21,1,Clothing,Stole,UPI,,,,,
B-31900,224,87,3,Clothing,Trousers,COD,,,,,
B-31901,223,27,2,Furniture,Bookcases,COD,,,,,
B-31902,324,39,8,Electronics,Accessories,Credit Card,,,,,
B-31903,56,18,2,Clothing,Hankerchief,Debit Card,,,,,
B-31904,223,62,7,Clothing,Shirt,COD,,,,,
B-31905,10,2,2,Clothing,Skirt,COD,,,,,
B-31906,57,6,5,Clothing,Leggings,Debit Card,,,,,
B-31907,322,-113,4,Clothing,Saree,Credit Card,,,,,
B-31908,219,4,2,Clothing,Saree,COD,,,,,
B-31909,103,21,7,Clothing,Stole,UPI,,,,,
B-31910,47,-27,4,Clothing,Saree,COD,,,,,
B-31911,219,0,1,Clothing,Saree,COD,,,,,
B-31912,57,-48,6,Clothing,Leggings,Debit Card,,,,,
B-31913,319,102,6,Electronics,Accessories,Credit Card,,,,,
B-31914,315,-8,3,Furniture,Chairs,Credit Card,,,,,
B-31915,314,-41,3,Electronics,Electronic Games,Credit Card,,,,,
B-31916,311,40,1,Electronics,Electronic Games,EMI,,,,,
B-31917,307,74,3,Electronics,Accessories,EMI,,,,,
B-31918,294,109,7,Electronics,Accessories,EMI,,,,,
B-31919,216,-83,3,Electronics,Electronic Games,COD,,,,,
B-31920,58,-42,2,Furniture,Chairs,Debit Card,,,,,
B-31921,48,20,4,Clothing,Stole,UPI,,,,,
B-31922,54,14,3,Clothing,T-shirt,UPI,,,,,
B-31923,216,50,4,Clothing,Stole,COD,,,,,
B-31924,215,-30,2,Clothing,Saree,COD,,,,,
B-31925,43,8,3,Clothing,Leggings,COD,,,,,
B-31926,136,-33,5,Clothing,Saree,COD,,,,,
B-31927,59,-30,3,Clothing,Leggings,Debit Card,,,,,
B-31928,213,4,14,Clothing,Shirt,COD,,,,,
B-31929,59,21,2,Clothing,Stole,Debit Card,,,,,
B-31930,55,3,3,Clothing,T-shirt,COD,,,,,
B-31931,294,62,9,Clothing,T-shirt,EMI,,,,,
B-31932,210,62,2,Electronics,Phones,COD,,,,,
B-31933,59,24,6,Clothing,Kurti,Debit Card,,,,,
B-31934,396,-31,9,Clothing,Saree,COD,,,,,
B-31935,284,45,2,Furniture,Bookcases,EMI,,,,,
B-31936,276,52,5,Clothing,Saree,EMI,,,,,
B-31937,23,2,2,Clothing,Skirt,UPI,,,,,
B-31938,209,-63,4,Electronics,Electronic Games,COD,,,,,
B-31939,50,-28,5,Furniture,Furnishings,COD,,,,,
B-31940,57,27,2,Clothing,Shirt,COD,,,,,
B-31941,276,-21,2,Electronics,Phones,EMI,,,,,
B-31942,268,6,2,Furniture,Bookcases,UPI,,,,,
B-31943,269,111,3,Clothing,Trousers,EMI,,,,,
B-31944,209,2,1,Clothing,Saree,COD,,,,,
B-31945,60,-12,4,Clothing,Hankerchief,Debit Card,,,,,
B-31946,269,-86,2,Electronics,Electronic Games,EMI,,,,,
B-31947,208,-25,2,Clothing,Saree,COD,,,,,
B-31948,27,2,2,Clothing,Leggings,UPI,,,,,
B-31949,206,-206,3,Clothing,Saree,COD,,,,,
B-31950,61,8,4,Clothing,Hankerchief,Debit Card,,,,,
B-31951,212,-24,2,Furniture,Chairs,COD,,,,,
B-31952,262,64,6,Clothing,Saree,EMI,,,,,
B-31953,204,276,3,Furniture,Bookcases,COD,,,,,
B-31954,59,-46,7,Clothing,T-shirt,UPI,,,,,
B-31955,199,-18,2,Clothing,Saree,COD,,,,,
B-31956,59,6,1,Electronics,Accessories,UPI,,,,,
B-31957,45,9,3,Clothing,Leggings,UPI,,,,,
B-31958,211,19,8,Clothing,Stole,COD,,,,,
B-31959,65,-16,2,Electronics,Phones,Debit Card,,,,,
B-31960,25,0,4,Clothing,Skirt,UPI,,,,,
B-31961,196,-7,5,Electronics,Phones,COD,,,,,
B-31962,261,13,6,Clothing,Shirt,Credit Card,,,,,
B-31963,195,-117,5,Electronics,Phones,COD,,,,,
B-31964,192,-146,3,Clothing,Saree,COD,,,,,
B-31965,189,87,7,Clothing,Stole,COD,,,,,
B-31966,32,2,2,Clothing,Kurti,UPI,,,,,
B-31967,188,13,7,Clothing,Shirt,COD,,,,,
B-31968,73,-25,3,Clothing,Saree,COD,,,,,
B-31969,259,47,5,Clothing,Hankerchief,Credit Card,,,,,
B-31970,187,-15,3,Clothing,Trousers,COD,,,,,
B-31971,26,11,2,Clothing,Hankerchief,UPI,,,,,
B-31972,185,-26,6,Furniture,Chairs,COD,,,,,
B-31973,248,8,2,Clothing,Saree,Credit Card,,,,,
B-31974,67,9,4,Clothing,Leggings,Debit Card,,,,,
B-31975,248,-70,3,Furniture,Chairs,Credit Card,,,,,
B-31976,246,61,2,Furniture,Bookcases,Credit Card,,,,,
B-31977,179,-25,5,Clothing,Kurti,COD,,,,,
B-31978,176,-28,5,Furniture,Furnishings,COD,,,,,
B-31979,176,-13,5,Furniture,Furnishings,COD,,,,,
B-31980,68,-62,2,Clothing,Trousers,Debit Card,,,,,
B-31981,176,37,6,Electronics,Accessories,COD,,,,,
B-31982,88,11,7,Clothing,Hankerchief,UPI,,,,,
B-31983,68,20,5,Clothing,Hankerchief,Debit Card,,,,,
B-31984,231,99,2,Electronics,Electronic Games,Credit Card,,,,,
B-31985,62,8,2,Clothing,T-shirt,UPI,,,,,
B-31986,175,77,3,Clothing,Saree,COD,,,,,
B-31987,71,4,5,Clothing,Leggings,Debit Card,,,,,
B-31988,174,-70,3,Electronics,Accessories,COD,,,,,
B-31989,173,69,3,Furniture,Chairs,COD,,,,,
B-31990,171,2,2,Electronics,Electronic Games,COD,,,,,
B-31991,268,-25,3,Clothing,Saree,COD,,,,,
B-31992,71,32,3,Clothing,Saree,Debit Card,,,,,
B-31993,29,10,4,Clothing,Hankerchief,UPI,,,,,
B-31994,65,17,2,Clothing,T-shirt,UPI,,,,,
B-31995,72,-46,7,Clothing,Kurti,Debit Card,,,,,
B-31996,168,-51,2,Furniture,Bookcases,COD,,,,,
B-31997,165,30,3,Clothing,Stole,COD,,,,,
B-31998,74,-59,2,Electronics,Accessories,Debit Card,,,,,
B-31999,89,17,2,Clothing,Stole,UPI,,,,,
B-32000,228,63,3,Electronics,Electronic Games,Credit Card,,,,,
B-32001,119,-24,4,Furniture,Furnishings,COD,,,,,
B-32002,75,-25,3,Clothing,Stole,UPI,,,,,
B-32003,67,20,4,Clothing,T-shirt,UPI,,,,,
B-32004,7,0,1,Clothing,Leggings,COD,,,,,
B-32005,222,35,5,Clothing,Saree,Credit Card,,,,,
B-32006,219,-9,4,Clothing,Saree,Credit Card,,,,,
B-32007,42,-23,2,Furniture,Furnishings,UPI,,,,,
B-32008,216,-135,3,Furniture,Chairs,Credit Card,,,,,
B-32009,47,-21,2,Electronics,Electronic Games,COD,,,,,
B-32010,68,-55,5,Electronics,Accessories,UPI,,,,,
B-32011,74,33,2,Clothing,Shirt,Debit Card,,,,,
B-32012,165,46,3,Furniture,Furnishings,COD,,,,,
B-32013,101,11,2,Clothing,Hankerchief,UPI,,,,,
B-32014,162,73,2,Electronics,Electronic Games,COD,,,,,
B-32015,20,-22,1,Furniture,Furnishings,UPI,,,,,
B-32016,162,55,3,Clothing,Stole,COD,,,,,
B-32017,229,-23,2,Clothing,Saree,UPI,,,,,
B-32018,27,0,2,Clothing,Leggings,COD,,,,,
B-32019,685,7,7,Clothing,Trousers,UPI,,,,,
B-32020,75,2,5,Clothing,Leggings,Debit Card,,,,,
B-32021,161,-229,8,Furniture,Furnishings,COD,,,,,
B-32022,71,19,3,Clothing,T-shirt,COD,,,,,
B-32023,211,-105,2,Clothing,Saree,Credit Card,,,,,
B-32024,79,5,6,Clothing,Hankerchief,Debit Card,,,,,
B-32025,32,-22,5,Clothing,Saree,UPI,,,,,
B-32026,161,40,3,Clothing,Stole,COD,,,,,
B-32027,159,4,1,Clothing,Saree,COD,,,,,
B-32028,210,-50,4,Clothing,Hankerchief,Credit Card,,,,,
B-32029,79,39,2,Clothing,Shirt,Debit Card,,,,,
B-32030,207,153,3,Clothing,Saree,Credit Card,,,,,
B-32031,36,0,4,Clothing,Kurti,COD,,,,,
B-32032,206,12,1,Electronics,Printers,Credit Card,,,,,
B-32033,46,0,4,Clothing,Leggings,COD,,,,,
B-32034,156,23,3,Clothing,Stole,COD,,,,,
B-32035,154,54,3,Clothing,Hankerchief,COD,,,,,
B-32036,36,15,3,Clothing,Stole,UPI,,,,,
B-32037,206,51,4,Clothing,Hankerchief,Credit Card,,,,,
B-32038,200,7,4,Electronics,Electronic Games,Credit Card,,,,,
B-32039,199,-1,1,Clothing,Saree,Credit Card,,,,,
B-32040,154,22,7,Clothing,T-shirt,COD,,,,,
B-32041,152,23,3,Furniture,Furnishings,COD,,,,,
B-32042,152,50,6,Clothing,Stole,COD,,,,,
B-32043,122,-21,3,Furniture,Furnishings,UPI,,,,,
B-32044,149,48,6,Clothing,Stole,COD,,,,,
B-32045,149,-87,4,Clothing,Saree,COD,,,,,
B-32046,197,20,4,Clothing,Kurti,Credit Card,,,,,
B-32047,76,-54,3,Electronics,Electronic Games,COD,,,,,
B-32048,221,-15,2,Electronics,Electronic Games,COD,,,,,
B-32049,79,32,3,Clothing,Saree,Debit Card,,,,,
B-32050,45,12,7,Clothing,Hankerchief,UPI,,,,,
B-32051,149,-1,1,Clothing,Saree,COD,,,,,
B-32052,80,22,3,Clothing,Stole,Debit Card,,,,,
B-32053,195,12,9,Clothing,Shirt,Credit Card,,,,,
B-32054,19,0,3,Clothing,Skirt,UPI,,,,,
B-32055,81,41,3,Clothing,Stole,Debit Card,,,,,
B-32056,83,34,5,Clothing,Shirt,Debit Card,,,,,
B-32057,149,17,4,Furniture,Furnishings,COD,,,,,
B-32058,193,46,1,Electronics,Printers,Credit Card,,,,,
B-32059,85,24,10,Clothing,Hankerchief,Debit Card,,,,,
B-32060,44,-17,5,Clothing,Saree,UPI,,,,,
B-32061,149,-40,2,Electronics,Phones,COD,,,,,
B-32062,26,0,2,Clothing,Kurti,COD,,,,,
B-32063,86,0,4,Clothing,T-shirt,Debit Card,,,,,
B-32064,86,22,2,Clothing,Saree,Debit Card,,,,,
B-32065,79,16,3,Clothing,T-shirt,COD,,,,,
B-32066,193,-275,3,Electronics,Phones,Credit Card,,,,,
B-32067,148,0,3,Clothing,Saree,COD,,,,,
B-32068,70,-14,2,Furniture,Furnishings,UPI,,,,,
B-32069,148,59,3,Clothing,Hankerchief,COD,,,,,
B-32070,190,19,9,Furniture,Furnishings,Credit Card,,,,,
B-32071,52,14,2,Clothing,Stole,COD,,,,,
B-32072,147,44,3,Clothing,Saree,COD,,,,,
B-32073,190,68,8,Clothing,T-shirt,Credit Card,,,,,
B-32074,80,-56,4,Electronics,Electronic Games,UPI,,,,,
B-32075,147,48,3,Clothing,Saree,COD,,,,,
B-32076,66,12,3,Clothing,Stole,COD,,,,,
B-32077,86,8,2,Clothing,Saree,Debit Card,,,,,
B-32078,88,19,2,Clothing,Shirt,Debit Card,,,,,
B-32079,188,-193,2,Electronics,Electronic Games,Credit Card,,,,,
B-32080,89,29,2,Clothing,Stole,UPI,,,,,
B-32081,146,19,5,Clothing,Stole,COD,,,,,
B-32082,143,32,1,Furniture,Bookcases,COD,,,,,
B-32083,25,-1,4,Clothing,Kurti,COD,,,,,
B-32084,30,12,3,Clothing,Skirt,UPI,,,,,
B-32085,140,-58,4,Furniture,Furnishings,COD,,,,,
B-32086,83,-48,1,Furniture,Bookcases,UPI,,,,,
B-32087,140,6,5,Clothing,Saree,COD,,,,,
B-32088,28,14,4,Clothing,Hankerchief,COD,,,,,
B-32089,139,14,3,Clothing,Stole,COD,,,,,
B-32090,30,14,3,Clothing,Hankerchief,UPI,,,,,
B-32091,89,36,3,Clothing,Shirt,UPI,,,,,
B-32092,187,30,4,Electronics,Accessories,Credit Card,,,,,
B-32093,139,21,3,Electronics,Accessories,COD,,,,,
B-32094,437,-14,2,Clothing,Saree,UPI,,,,,
B-32095,138,-3,5,Clothing,Saree,COD,,,,,
B-32096,85,13,2,Clothing,Shirt,UPI,,,,,
B-32097,83,12,3,Clothing,Stole,UPI,,,,,
B-32098,91,22,2,Clothing,Stole,UPI,,,,,
B-32099,137,5,5,Clothing,Shirt,COD,,,,,
B-32100,33,-12,7,Clothing,Saree,UPI,,,,,
B-32101,134,-34,2,Furniture,Chairs,COD,,,,,
B-32102,134,42,2,Furniture,Chairs,COD,,,,,
B-32103,133,-56,2,Furniture,Chairs,COD,,,,,
B-32104,93,-84,3,Clothing,Saree,UPI,,,,,
B-32105,86,-21,1,Electronics,Electronic Games,UPI,,,,,
B-32106,132,54,5,Clothing,Stole,COD,,,,,
B-32107,132,-10,3,Clothing,Saree,COD,,,,,
B-32108,132,-79,5,Furniture,Furnishings,COD,,,,,
B-32109,93,-65,4,Clothing,Stole,UPI,,,,,
B-32110,95,5,2,Clothing,Stole,UPI,,,,,
B-32111,97,12,2,Clothing,Hankerchief,UPI,,,,,
B-32112,131,-154,8,Furniture,Furnishings,COD,,,,,
B-32113,97,29,2,Clothing,Hankerchief,UPI,,,,,
B-32114,128,4,3,Clothing,Saree,COD,,,,,
B-32115,186,241,9,Clothing,Shirt,Credit Card,,,,,
B-32116,128,47,4,Clothing,Hankerchief,COD,,,,,
B-32117,185,48,4,Clothing,Stole,Credit Card,,,,,
B-32118,29,10,2,Clothing,Stole,COD,,,,,
B-32119,127,29,3,Furniture,Furnishings,COD,,,,,
B-32120,97,36,7,Clothing,Hankerchief,UPI,,,,,
B-32121,125,0,3,Electronics,Accessories,COD,,,,,
B-32122,299,-8,2,Clothing,Saree,COD,,,,,
B-32123,124,54,5,Clothing,T-shirt,COD,,,,,
B-32124,90,17,3,Clothing,Shirt,COD,,,,,
B-32125,122,11,4,Clothing,Hankerchief,COD,,,,,
B-32126,122,-66,9,Electronics,Accessories,COD,,,,,
B-32127,90,30,2,Furniture,Chairs,UPI,,,,,
B-32128,182,-11,3,Furniture,Bookcases,Credit Card,,,,,
B-32129,122,59,7,Furniture,Furnishings,COD,,,,,
B-32130,121,19,4,Clothing,Stole,COD,,,,,
B-32131,120,1,1,Furniture,Chairs,COD,,,,,
B-32132,120,23,5,Clothing,Stole,COD,,,,,
B-32133,34,-11,5,Clothing,T-shirt,COD,,,,,
B-32134,117,17,6,Clothing,Kurti,COD,,,,,
B-32135,38,9,2,Clothing,Stole,COD,,,,,
B-32136,117,-6,3,Electronics,Phones,COD,,,,,
B-32137,180,54,4,Clothing,T-shirt,Credit Card,,,,,
B-32138,99,-5,1,Clothing,Saree,UPI,,,,,
B-32139,172,-103,3,Furniture,Chairs,EMI,,,,,
B-32140,116,16,4,Clothing,Stole,COD,,,,,
B-32141,116,-4,1,Clothing,Saree,COD,,,,,
B-32142,171,68,7,Clothing,Stole,EMI,,,,,
B-32143,46,14,5,Clothing,Skirt,COD,,,,,
B-32144,115,-39,3,Clothing,Trousers,COD,,,,,
B-32145,100,7,2,Clothing,T-shirt,UPI,,,,,
B-32146,44,8,2,Clothing,Stole,COD,,,,,
B-32147,139,14,3,Clothing,Kurti,COD,,,,,
B-32148,171,-140,2,Furniture,Bookcases,EMI,,,,,
B-32149,100,12,2,Clothing,T-shirt,UPI,,,,,
B-32150,115,25,6,Clothing,Stole,COD,,,,,
B-32151,168,-9,3,Clothing,Saree,COD,,,,,
B-32152,115,47,2,Electronics,Accessories,COD,,,,,
B-32153,168,-111,2,Electronics,Phones,EMI,,,,,
B-32154,31,-7,5,Clothing,Skirt,UPI,,,,,
B-32155,114,41,6,Furniture,Furnishings,COD,,,,,
B-32156,111,9,4,Clothing,Stole,COD,,,,,
B-32157,11,-8,2,Clothing,Skirt,UPI,,,,,
B-32158,110,35,1,Furniture,Furnishings,COD,,,,,
B-32159,59,15,2,Clothing,T-shirt,UPI,,,,,
B-32160,166,27,2,Electronics,Accessories,EMI,,,,,
B-32161,109,-6,6,Clothing,Saree,COD,,,,,
B-32162,34,-6,4,Clothing,Leggings,COD,,,,,
B-32163,109,40,1,Furniture,Furnishings,COD,,,,,
B-32164,108,22,3,Electronics,Accessories,COD,,,,,
B-32165,103,50,2,Furniture,Furnishings,UPI,,,,,
B-32166,10,-8,2,Clothing,Skirt,COD,,,,,
B-32167,90,17,3,Clothing,Hankerchief,COD,,,,,
B-32168,105,46,2,Clothing,Stole,UPI,,,,,
B-32169,105,20,2,Clothing,Stole,Debit Card,,,,,
B-32170,22,-6,1,Furniture,Furnishings,COD,,,,,
B-32171,105,-33,5,Clothing,Kurti,COD,,,,,
B-32172,105,25,2,Clothing,Hankerchief,EMI,,,,,
B-32173,25,-7,5,Clothing,Saree,UPI,,,,,
B-32174,104,2,2,Furniture,Furnishings,COD,,,,,
B-32175,16,5,1,Clothing,Stole,UPI,,,,,
B-32176,64,-7,3,Clothing,Saree,COD,,,,,
B-32177,38,-6,2,Furniture,Furnishings,UPI,,,,,
B-32178,83,12,2,Furniture,Chairs,COD,,,,,
B-32179,103,36,2,Clothing,Hankerchief,COD,,,,,
B-32180,37,-6,1,Clothing,Saree,UPI,,,,,
B-32181,105,33,6,Clothing,Saree,EMI,,,,,
B-32182,78,-6,2,Furniture,Furnishings,UPI,,,,,
B-32183,102,-90,1,Clothing,Saree,COD,,,,,
B-32184,102,11,6,Clothing,T-shirt,COD,,,,,
B-32185,10,-8,1,Clothing,Kurti,UPI,,,,,
B-32186,101,18,9,Clothing,Skirt,COD,,,,,
B-32187,42,-6,4,Clothing,Saree,UPI,,,,,
B-32188,56,18,2,Clothing,Hankerchief,UPI,,,,,
B-32189,95,5,2,Clothing,Stole,COD,,,,,
B-32190,159,2,3,Furniture,Furnishings,EMI,,,,,
B-32191,158,69,3,Clothing,Stole,EMI,,,,,
B-32192,106,0,2,Electronics,Phones,EMI,,,,,
B-32193,101,16,4,Clothing,T-shirt,COD,,,,,
B-32194,107,37,3,Clothing,Shirt,COD,,,,,
B-32195,156,36,5,Clothing,T-shirt,EMI,,,,,
B-32196,108,-19,3,Electronics,Electronic Games,UPI,,,,,
B-32197,107,-54,4,Clothing,Stole,EMI,,,,,
B-32198,100,-58,4,Clothing,Hankerchief,COD,,,,,
B-32199,108,26,4,Clothing,Shirt,UPI,,,,,
B-32200,100,6,4,Clothing,Stole,COD,,,,,
B-32201,100,-23,1,Electronics,Phones,COD,,,,,
B-32202,43,17,2,Clothing,T-shirt,UPI,,,,,
B-32203,155,26,3,Clothing,Stole,EMI,,,,,
B-32204,151,9,3,Clothing,Hankerchief,EMI,,,,,
B-32205,151,29,5,Clothing,Hankerchief,EMI,,,,,
B-32206,110,-68,4,Clothing,Saree,EMI,,,,,
B-32207,98,9,2,Furniture,Furnishings,COD,,,,,
B-32208,97,-62,2,Clothing,Trousers,COD,,,,,
B-32209,111,35,5,Clothing,Shirt,COD,,,,,
B-32210,45,17,1,Electronics,Accessories,COD,,,,,
B-32211,112,15,2,Furniture,Chairs,COD,,,,,
B-32212,110,20,5,Clothing,Stole,Debit Card,,,,,
B-32213,98,-5,2,Clothing,Saree,UPI,,,,,
B-32214,110,12,7,Clothing,Stole,Debit Card,,,,,
B-32215,95,11,4,Furniture,Furnishings,COD,,,,,
B-32216,1228,14,3,Furniture,Chairs,UPI,,,,,
B-32217,29,0,3,Furniture,Furnishings,COD,,,,,
B-32218,94,27,2,Clothing,T-shirt,COD,,,,,
B-32219,115,25,1,Electronics,Accessories,COD,,,,,
B-32220,149,15,3,Clothing,Saree,EMI,,,,,
B-32221,148,23,4,Clothing,Kurti,EMI,,,,,
B-32222,93,15,2,Electronics,Accessories,COD,,,,,
B-32223,113,24,4,Clothing,Hankerchief,Debit Card,,,,,
B-32224,48,2,3,Clothing,Stole,COD,,,,,
B-32225,148,9,1,Electronics,Electronic Games,UPI,,,,,
B-32226,114,11,4,Clothing,T-shirt,Debit Card,,,,,
B-32227,92,42,2,Clothing,Stole,COD,,,,,
B-32228,117,14,3,Clothing,Shirt,UPI,,,,,
B-32229,21,-10,4,Clothing,Leggings,COD,,,,,
B-32230,33,-10,6,Clothing,Leggings,UPI,,,,,
B-32231,114,8,3,Electronics,Accessories,Debit Card,,,,,
B-32232,115,0,1,Electronics,Accessories,Debit Card,,,,,
B-32233,90,29,5,Clothing,T-shirt,COD,,,,,
B-32234,61,1,2,Furniture,Furnishings,COD,,,,,
B-32235,119,1,1,Furniture,Chairs,COD,,,,,
B-32236,117,36,2,Clothing,Trousers,Debit Card,,,,,
B-32237,148,54,2,Furniture,Chairs,UPI,,,,,
B-32238,249,-5,4,Clothing,Saree,COD,,,,,
B-32239,147,73,3,Clothing,Stole,UPI,,,,,
B-32240,118,35,7,Clothing,T-shirt,EMI,,,,,
B-32241,119,56,7,Clothing,Saree,EMI,,,,,
B-32242,90,27,2,Clothing,T-shirt,COD,,,,,
B-32243,32,1,2,Clothing,Stole,COD,,,,,
B-32244,89,-89,2,Furniture,Furnishings,COD,,,,,
B-32245,146,66,1,Electronics,Phones,UPI,,,,,
B-32246,89,-37,4,Clothing,Shirt,COD,,,,,
B-32247,88,11,3,Electronics,Accessories,COD,,,,,
B-32248,121,41,4,Clothing,Stole,EMI,,,,,
B-32249,88,20,2,Clothing,Saree,COD,,,,,
B-32250,87,-83,5,Clothing,Kurti,COD,,,,,
B-32251,87,4,2,Clothing,Shirt,COD,,,,,
B-32252,122,15,3,Electronics,Accessories,EMI,,,,,
B-32253,87,10,3,Clothing,Stole,COD,,,,,
B-32254,53,8,3,Furniture,Furnishings,UPI,,,,,
B-32255,87,-32,9,Clothing,Skirt,COD,,,,,
B-32256,86,-55,6,Clothing,Saree,COD,,,,,
B-32257,125,22,3,Clothing,Stole,EMI,,,,,
B-32258,128,-3,3,Clothing,Saree,Debit Card,,,,,
B-32259,143,-124,5,Clothing,Saree,UPI,,,,,
B-32260,86,22,2,Clothing,Saree,COD,,,,,
B-32261,86,9,3,Clothing,Saree,COD,,,,,
B-32262,85,-9,4,Clothing,Saree,COD,,,,,
B-32263,129,-75,5,Clothing,Shirt,Debit Card,,,,,
B-32264,84,-42,2,Electronics,Accessories,COD,,,,,
B-32265,83,-81,3,Furniture,Chairs,COD,,,,,
B-32266,143,6,2,Electronics,Accessories,UPI,,,,,
B-32267,336,123,3,Electronics,Phones,UPI,,,,,
B-32268,323,122,5,Electronics,Phones,UPI,,,,,
B-32269,130,61,3,Clothing,Shirt,Debit Card,,,,,
B-32270,152,-3,5,Clothing,Saree,COD,,,,,
B-32271,25,10,1,Furniture,Furnishings,UPI,,,,,
B-32272,140,15,5,Clothing,Stole,UPI,,,,,
B-32273,45,0,2,Clothing,Stole,UPI,,,,,
B-32274,132,49,3,Clothing,Shirt,COD,,,,,
B-32275,133,12,5,Clothing,Stole,Debit Card,,,,,
B-32276,82,13,2,Clothing,Shirt,COD,,,,,
B-32277,140,56,4,Clothing,Shirt,UPI,,,,,
B-32278,81,19,7,Clothing,Hankerchief,COD,,,,,
B-32279,137,38,5,Clothing,Hankerchief,Debit Card,,,,,
B-32280,137,-41,3,Electronics,Phones,Debit Card,,,,,
B-32281,140,57,2,Clothing,Trousers,Debit Card,,,,,
B-32282,139,30,3,Clothing,Shirt,UPI,,,,,
B-32283,138,11,5,Clothing,Stole,UPI,,,,,
B-32284,79,-124,9,Clothing,Skirt,COD,,,,,
B-32285,136,41,3,Electronics,Accessories,UPI,,,,,
B-32286,145,16,3,Clothing,T-shirt,Debit Card,,,,,
B-32287,44,20,2,Clothing,T-shirt,UPI,,,,,
B-32288,79,6,7,Clothing,Saree,COD,,,,,
B-32289,79,36,4,Clothing,Shirt,COD,,,,,
B-32290,134,-13,3,Electronics,Electronic Games,UPI,,,,,
B-32291,133,5,5,Clothing,Stole,UPI,,,,,
B-32292,47,20,7,Clothing,Hankerchief,UPI,,,,,
B-32293,133,-42,1,Electronics,Printers,UPI,,,,,
B-32294,78,27,3,Clothing,Stole,COD,,,,,
B-32295,78,7,1,Furniture,Chairs,COD,,,,,
B-32296,76,-92,8,Furniture,Furnishings,COD,,,,,
B-32297,76,-50,1,Clothing,Saree,COD,,,,,
B-32298,76,19,3,Clothing,Hankerchief,COD,,,,,
B-32299,74,29,3,Clothing,Stole,COD,,,,,
B-32300,74,-25,3,Clothing,Stole,COD,,,,,
B-32301,146,-63,3,Electronics,Electronic Games,Debit Card,,,,,
B-32302,73,-31,1,Furniture,Bookcases,COD,,,,,
B-32303,80,22,3,Clothing,Stole,UPI,,,,,
B-32304,133,46,5,Clothing,Shirt,EMI,,,,,
B-32305,146,7,2,Electronics,Phones,Debit Card,,,,,
B-32306,130,-41,4,Clothing,Saree,EMI,,,,,
B-32307,141,41,3,Clothing,Shirt,UPI,,,,,
B-32308,147,21,3,Furniture,Furnishings,Debit Card,,,,,
B-32309,73,-7,1,Electronics,Phones,COD,,,,,
B-32310,148,72,7,Clothing,T-shirt,Debit Card,,,,,
B-32311,58,0,4,Clothing,Saree,UPI,,,,,
B-32312,21,-13,3,Clothing,Leggings,UPI,,,,,
B-32313,148,25,3,Clothing,Saree,Debit Card,,,,,
B-32314,144,-7,4,Electronics,Electronic Games,COD,,,,,
B-32315,145,-104,5,Furniture,Chairs,UPI,,,,,
B-32316,72,-49,1,Electronics,Phones,COD,,,,,
B-32317,125,15,5,Clothing,Shirt,EMI,,,,,
B-32318,149,15,3,Clothing,Saree,Debit Card,,,,,
B-32319,72,16,2,Clothing,Shirt,COD,,,,,
B-32320,71,0,8,Clothing,Skirt,COD,,,,,
B-32321,71,-14,4,Furniture,Furnishings,COD,,,,,
B-32322,154,-85,3,Furniture,Chairs,EMI,,,,,
B-32323,191,13,8,Furniture,Furnishings,COD,,,,,
B-32324,170,19,5,Clothing,T-shirt,UPI,,,,,
B-32325,47,-3,2,Clothing,Stole,UPI,,,,,
B-32326,122,-47,4,Clothing,Saree,EMI,,,,,
B-32327,70,26,5,Clothing,Hankerchief,COD,,,,,
B-32328,155,5,3,Clothing,Stole,EMI,,,,,
B-32329,67,-86,9,Furniture,Furnishings,COD,,,,,
B-32330,67,-42,3,Clothing,Stole,COD,,,,,
B-32331,148,-101,2,Furniture,Bookcases,UPI,,,,,
B-32332,122,38,6,Clothing,T-shirt,Credit Card,,,,,
B-32333,16,-5,2,Clothing,Stole,UPI,,,,,
B-32334,121,-17,3,Furniture,Furnishings,Credit Card,,,,,
B-32335,42,-15,12,Clothing,Skirt,UPI,,,,,
B-32336,65,-4,6,Clothing,Hankerchief,COD,,,,,
B-32337,119,-43,7,Clothing,Kurti,Credit Card,,,,,
B-32338,155,56,3,Furniture,Furnishings,EMI,,,,,
B-32339,119,-5,8,Clothing,Saree,Credit Card,,,,,
B-32340,118,25,4,Clothing,Hankerchief,Credit Card,,,,,
B-32341,116,22,1,Electronics,Accessories,Credit Card,,,,,
B-32342,158,-29,10,Clothing,Hankerchief,EMI,,,,,
B-32343,158,69,3,Clothing,Stole,EMI,,,,,
B-32344,65,-52,3,Electronics,Accessories,COD,,,,,
B-32345,160,-59,2,Clothing,Saree,EMI,,,,,
B-32346,162,20,3,Furniture,Chairs,EMI,,,,,
B-32347,63,1,4,Clothing,T-shirt,COD,,,,,
B-32348,64,27,5,Clothing,Hankerchief,UPI,,,,,
B-32349,166,-113,4,Electronics,Accessories,EMI,,,,,
B-32350,167,43,7,Clothing,T-shirt,EMI,,,,,
B-32351,123,17,3,Furniture,Furnishings,COD,,,,,
B-32352,63,14,2,Clothing,Shirt,COD,,,,,
B-32353,891,0,5,Clothing,Saree,COD,,,,,
B-32354,75,28,9,Clothing,Hankerchief,UPI,,,,,
B-32355,62,6,5,Clothing,Hankerchief,COD,,,,,
B-32356,29,-18,7,Clothing,Skirt,UPI,,,,,
B-32357,168,18,6,Clothing,Stole,Debit Card,,,,,
B-32358,70,24,3,Clothing,Stole,UPI,,,,,
B-32359,169,55,4,Clothing,Saree,Debit Card,,,,,
B-32360,32,-8,2,Clothing,Stole,COD,,,,,
B-32361,44,-8,3,Clothing,Stole,UPI,,,,,
B-32362,116,-56,5,Clothing,Stole,Credit Card,,,,,
B-32363,156,21,3,Furniture,Chairs,COD,,,,,
B-32364,62,6,6,Clothing,Skirt,COD,,,,,
B-32365,54,1,2,Clothing,Saree,UPI,,,,,
B-32366,111,11,9,Clothing,Hankerchief,Credit Card,,,,,
B-32367,158,-63,4,Furniture,Chairs,UPI,,,,,
B-32368,7,-3,2,Clothing,Skirt,UPI,,,,,
B-32369,61,28,2,Clothing,Hankerchief,UPI,,,,,
B-32370,61,-50,4,Clothing,Hankerchief,COD,,,,,
B-32371,154,26,4,Electronics,Accessories,COD,,,,,
B-32372,62,1,3,Clothing,Saree,COD,,,,,
B-32373,169,38,3,Clothing,Saree,Debit Card,,,,,
B-32374,61,18,2,Electronics,Accessories,COD,,,,,
B-32375,61,-23,2,Clothing,Saree,COD,,,,,
B-32376,171,14,9,Clothing,Shirt,Debit Card,,,,,
B-32377,60,-49,8,Clothing,Hankerchief,COD,,,,,
B-32378,25,-11,1,Clothing,Stole,UPI,,,,,
B-32379,163,26,4,Clothing,Shirt,COD,,,,,
B-32380,173,86,1,Electronics,Printers,Debit Card,,,,,
B-32381,257,-3,2,Furniture,Bookcases,UPI,,,,,
B-32382,108,37,2,Clothing,Stole,Credit Card,,,,,
B-32383,177,41,4,Clothing,Shirt,Debit Card,,,,,
B-32384,106,15,7,Clothing,Hankerchief,Credit Card,,,,,
B-32385,41,-14,5,Clothing,Leggings,UPI,,,,,
B-32386,168,-10,3,Electronics,Accessories,UPI,,,,,
B-32387,60,21,4,Clothing,Stole,COD,,,,,
B-32388,31,-11,4,Clothing,Stole,COD,,,,,
B-32389,179,0,2,Clothing,Saree,Debit Card,,,,,
B-32390,106,12,3,Clothing,Trousers,Credit Card,,,,,
B-32391,60,13,2,Clothing,T-shirt,COD,,,,,
B-32392,180,5,3,Clothing,Trousers,Debit Card,,,,,
B-32393,60,-10,2,Furniture,Furnishings,COD,,,,,
B-32394,59,25,3,Clothing,Stole,COD,,,,,
B-32395,170,73,2,Electronics,Accessories,UPI,,,,,
B-32396,59,10,2,Clothing,Hankerchief,COD,,,,,
B-32397,24,-21,7,Clothing,Skirt,COD,,,,,
B-32398,105,-26,8,Clothing,Leggings,Credit Card,,,,,
B-32399,103,46,2,Clothing,Saree,Credit Card,,,,,
B-32400,171,17,6,Clothing,T-shirt,UPI,,,,,
B-32401,102,13,2,Clothing,Stole,Credit Card,,,,,
B-32402,98,12,2,Clothing,Hankerchief,Credit Card,,,,,
B-32403,59,10,4,Clothing,Leggings,COD,,,,,
B-32404,189,60,4,Furniture,Furnishings,Debit Card,,,,,
B-32405,58,-52,3,Furniture,Chairs,COD,,,,,
B-32406,60,3,3,Clothing,Saree,UPI,,,,,
B-32407,58,-8,2,Clothing,Saree,COD,,,,,
B-32408,94,20,2,Furniture,Furnishings,UPI,,,,,
B-32409,193,-166,3,Clothing,Saree,EMI,,,,,
B-32410,199,0,4,Clothing,Stole,EMI,,,,,
B-32411,202,89,9,Clothing,T-shirt,EMI,,,,,
B-32412,58,17,2,Clothing,Hankerchief,COD,,,,,
B-32413,57,-28,2,Clothing,Kurti,COD,,,,,
B-32414,204,-94,4,Clothing,Hankerchief,EMI,,,,,
B-32415,98,-12,2,Electronics,Electronic Games,Credit Card,,,,,
B-32416,22,-12,3,Clothing,Stole,COD,,,,,
B-32417,97,17,2,Clothing,Stole,Credit Card,,,,,
B-32418,57,24,5,Clothing,Leggings,COD,,,,,
B-32419,97,14,2,Clothing,T-shirt,Credit Card,,,,,
B-32420,97,17,2,Clothing,Stole,Credit Card,,,,,
B-32421,96,22,5,Clothing,Stole,Credit Card,,,,,
B-32422,94,27,2,Clothing,Shirt,Credit Card,,,,,
B-32423,26,-17,1,Clothing,Stole,COD,,,,,
B-32424,93,44,2,Clothing,Stole,Credit Card,,,,,
B-32425,93,-65,4,Clothing,Stole,Credit Card,,,,,
B-32426,92,5,6,Clothing,Hankerchief,Credit Card,,,,,
B-32427,57,27,2,Clothing,T-shirt,COD,,,,,
B-32428,57,7,3,Furniture,Furnishings,COD,,,,,
B-32429,57,21,4,Clothing,Leggings,COD,,,,,
B-32430,128,4,3,Clothing,Saree,COD,,,,,
B-32431,89,-4,5,Clothing,Saree,Credit Card,,,,,
B-32432,221,26,7,Furniture,Furnishings,COD,,,,,
B-32433,205,-119,3,Clothing,Saree,Debit Card,,,,,
B-32434,191,51,5,Clothing,Shirt,UPI,,,,,
B-32435,206,18,4,Clothing,Hankerchief,Debit Card,,,,,
B-32436,56,0,4,Clothing,Hankerchief,COD,,,,,
B-32437,88,16,4,Clothing,Stole,Credit Card,,,,,
B-32438,224,58,3,Electronics,Phones,UPI,,,,,
B-32439,193,8,4,Clothing,T-shirt,UPI,,,,,
B-32440,87,36,5,Clothing,Stole,Credit Card,,,,,
B-32441,189,4,1,Clothing,Saree,UPI,,,,,
B-32442,55,-33,2,Furniture,Chairs,COD,,,,,
B-32443,85,-1,3,Clothing,Saree,Credit Card,,,,,
B-32444,252,56,2,Electronics,Phones,UPI,,,,,
B-32445,197,73,1,Furniture,Bookcases,COD,,,,,
B-32446,17,-3,2,Clothing,Stole,UPI,,,,,
B-32447,100,28,2,Clothing,Hankerchief,UPI,,,,,
B-32448,80,-19,5,Clothing,Stole,UPI,,,,,
B-32449,75,29,1,Clothing,Trousers,UPI,,,,,
B-32450,26,4,2,Clothing,Saree,UPI,,,,,
B-32451,55,12,5,Clothing,Skirt,COD,,,,,
B-32452,157,5,9,Clothing,Saree,UPI,,,,,
B-32453,200,-60,4,Furniture,Bookcases,UPI,,,,,
B-32454,230,5,2,Clothing,Saree,UPI,,,,,
B-32455,213,-145,3,Furniture,Bookcases,Debit Card,,,,,
B-32456,55,4,2,Clothing,Stole,COD,,,,,
B-32457,220,-19,2,Clothing,Saree,Debit Card,,,,,
B-32458,150,32,3,Clothing,Hankerchief,COD,,,,,
B-32459,203,84,2,Electronics,Printers,UPI,,,,,
B-32460,93,31,3,Electronics,Accessories,UPI,,,,,
B-32461,290,35,6,Clothing,Hankerchief,COD,,,,,
B-32462,48,6,1,Clothing,Saree,COD,,,,,
B-32463,221,35,4,Electronics,Accessories,Debit Card,,,,,
B-32464,55,18,2,Clothing,Kurti,COD,,,,,
B-32465,227,102,8,Electronics,Accessories,Debit Card,,,,,
B-32466,55,-39,4,Clothing,Stole,COD,,,,,
B-32467,207,33,2,Electronics,Accessories,UPI,,,,,
B-32468,64,6,4,Clothing,Saree,COD,,,,,
B-32469,89,6,5,Clothing,Saree,COD,,,,,
B-32470,54,27,2,Clothing,Stole,COD,,,,,
B-32471,84,41,3,Clothing,T-shirt,Credit Card,,,,,
B-32472,209,-21,2,Electronics,Electronic Games,UPI,,,,,
B-32473,79,33,4,Clothing,Stole,UPI,,,,,
B-32474,54,8,4,Clothing,T-shirt,COD,,,,,
B-32475,229,59,9,Clothing,Saree,Debit Card,,,,,
B-32476,158,38,3,Clothing,Hankerchief,UPI,,,,,
B-32477,248,105,2,Electronics,Phones,Debit Card,,,,,
B-32478,199,6,2,Clothing,Saree,UPI,,,,,
B-32479,253,-11,1,Clothing,Trousers,Debit Card,,,,,
B-32480,257,-252,4,Clothing,Saree,Debit Card,,,,,
B-32481,193,33,5,Electronics,Accessories,COD,,,,,
B-32482,109,35,6,Clothing,T-shirt,COD,,,,,
B-32483,214,30,3,Electronics,Accessories,COD,,,,,
B-32484,141,7,7,Clothing,Saree,COD,,,,,
B-32485,201,32,4,Furniture,Furnishings,UPI,,,,,
B-32486,54,12,4,Clothing,Shirt,COD,,,,,
B-32487,83,6,6,Clothing,Shirt,EMI,,,,,
B-32488,54,-3,3,Clothing,Saree,COD,,,,,
B-32489,53,5,3,Clothing,T-shirt,COD,,,,,
B-32490,258,-27,2,Electronics,Phones,Debit Card,,,,,
B-32491,199,8,2,Clothing,Saree,COD,,,,,
B-32492,82,-27,3,Clothing,Kurti,EMI,,,,,
B-32493,139,36,3,Clothing,Stole,COD,,,,,
B-32494,53,15,2,Clothing,Stole,COD,,,,,
B-32495,53,1,4,Clothing,Stole,COD,,,,,
B-32496,101,38,2,Furniture,Furnishings,COD,,,,,
B-32497,262,215,2,Electronics,Printers,Debit Card,,,,,
B-32498,82,-39,5,Clothing,T-shirt,EMI,,,,,
B-32499,154,39,3,Clothing,Hankerchief,COD,,,,,
B-32500,52,18,2,Clothing,Stole,COD,,,,,
B-32501,1599,37,6,Electronics,Electronic Games,UPI,,,,,
B-32502,338,41,7,Clothing,Hankerchief,UPI,,,,,
B-32503,51,-49,2,Electronics,Electronic Games,COD,,,,,
B-32504,224,-81,3,Furniture,Chairs,COD,,,,,
B-32505,207,37,4,Clothing,Hankerchief,COD,,,,,
B-32506,51,14,2,Clothing,Stole,COD,,,,,
B-32507,82,8,3,Electronics,Accessories,EMI,,,,,
B-32508,50,-17,2,Clothing,Stole,COD,,,,,
B-32509,263,-31,9,Electronics,Electronic Games,Debit Card,,,,,
B-32510,50,7,6,Clothing,Skirt,COD,,,,,
B-32511,245,-3,4,Electronics,Phones,UPI,,,,,
B-32512,82,24,6,Clothing,Hankerchief,EMI,,,,,
B-32513,229,-41,8,Electronics,Accessories,COD,,,,,
B-32514,50,14,1,Electronics,Electronic Games,COD,,,,,
B-32515,220,40,2,Electronics,Accessories,COD,,,,,
B-32516,263,-63,2,Electronics,Electronic Games,Debit Card,,,,,
B-32517,81,-41,5,Clothing,Leggings,EMI,,,,,
B-32518,50,-17,2,Clothing,Stole,COD,,,,,
B-32519,49,5,4,Clothing,Hankerchief,COD,,,,,
B-32520,237,47,9,Clothing,T-shirt,UPI,,,,,
B-32521,264,-30,3,Furniture,Furnishings,Debit Card,,,,,
B-32522,49,3,1,Clothing,Shirt,COD,,,,,
B-32523,63,-24,6,Clothing,Kurti,COD,,,,,
B-32524,81,-51,7,Clothing,Stole,EMI,,,,,
B-32525,264,71,10,Furniture,Furnishings,Debit Card,,,,,
B-32526,48,11,2,Clothing,Shirt,COD,,,,,
B-32527,48,15,1,Clothing,Hankerchief,COD,,,,,
B-32528,245,-78,2,Electronics,Printers,UPI,,,,,
B-32529,146,42,5,Clothing,Hankerchief,UPI,,,,,
B-32530,245,10,2,Furniture,Bookcases,COD,,,,,
B-32531,245,91,2,Furniture,Bookcases,UPI,,,,,
B-32532,80,3,3,Clothing,Stole,EMI,,,,,
B-32533,269,33,5,Furniture,Chairs,Debit Card,,,,,
B-32534,80,22,3,Clothing,Stole,EMI,,,,,
B-32535,284,44,6,Clothing,Hankerchief,COD,,,,,
B-32536,313,44,3,Electronics,Electronic Games,COD,,,,,
B-32537,80,-26,9,Clothing,Skirt,EMI,,,,,
B-32538,48,-8,8,Clothing,Stole,COD,,,,,
B-32539,87,16,2,Clothing,Saree,UPI,,,,,
B-32540,47,-114,5,Furniture,Furnishings,COD,,,,,
B-32541,140,28,2,Electronics,Phones,COD,,,,,
B-32542,47,1,2,Clothing,Stole,COD,,,,,
B-32543,79,-2,2,Furniture,Furnishings,EMI,,,,,
B-32544,78,-64,7,Clothing,Stole,EMI,,,,,
B-32545,47,-3,2,Clothing,Stole,COD,,,,,
B-32546,185,48,4,Clothing,Stole,UPI,,,,,
B-32547,77,36,2,Clothing,Shirt,EMI,,,,,
B-32548,259,47,5,Clothing,Hankerchief,UPI,,,,,
B-32549,75,0,7,Clothing,Saree,EMI,,,,,
B-32550,75,0,3,Clothing,Shirt,EMI,,,,,
B-32551,46,0,4,Clothing,Leggings,COD,,,,,
B-32552,46,13,3,Clothing,Hankerchief,COD,,,,,
B-32553,200,13,5,Electronics,Phones,COD,,,,,
B-32554,46,-14,1,Electronics,Phones,COD,,,,,
B-32555,126,52,4,Clothing,Hankerchief,UPI,,,,,
B-32556,74,29,3,Clothing,Stole,EMI,,,,,
B-32557,45,13,4,Clothing,Skirt,COD,,,,,
B-32558,74,9,3,Clothing,Shirt,UPI,,,,,
B-32559,129,11,2,Electronics,Phones,UPI,,,,,
B-32560,122,50,7,Clothing,Stole,UPI,,,,,
B-32561,74,-51,3,Clothing,Stole,UPI,,,,,
B-32562,278,39,5,Furniture,Chairs,Debit Card,,,,,
B-32563,282,14,4,Clothing,Trousers,Debit Card,,,,,
B-32564,45,0,2,Clothing,T-shirt,COD,,,,,
B-32565,45,6,3,Clothing,Shirt,COD,,,,,
B-32566,45,16,3,Clothing,Stole,COD,,,,,
B-32567,73,-36,3,Furniture,Chairs,UPI,,,,,
B-32568,45,12,4,Clothing,Hankerchief,COD,,,,,
B-32569,72,-6,3,Clothing,Saree,UPI,,,,,
B-32570,71,-44,5,Electronics,Accessories,UPI,,,,,
B-32571,45,-2,4,Clothing,Shirt,COD,,,,,
B-32572,286,140,6,Clothing,Shirt,Debit Card,,,,,
B-32573,294,138,2,Electronics,Printers,Debit Card,,,,,
B-32574,223,4,3,Electronics,Phones,COD,,,,,
B-32575,20,-2,1,Electronics,Accessories,UPI,,,,,
B-32576,302,75,6,Furniture,Furnishings,Debit Card,,,,,
B-32577,113,28,2,Clothing,Saree,UPI,,,,,
B-32578,44,2,3,Clothing,Hankerchief,COD,,,,,
B-32579,305,-270,5,Electronics,Electronic Games,Debit Card,,,,,
B-32580,306,-147,3,Clothing,Saree,Debit Card,,,,,
B-32581,70,-64,5,Clothing,Stole,UPI,,,,,
B-32582,44,11,4,Clothing,Stole,COD,,,,,
B-32583,44,14,3,Clothing,Hankerchief,COD,,,,,
B-32584,319,312,5,Clothing,Saree,Debit Card,,,,,
B-32585,287,-280,12,Furniture,Chairs,UPI,,,,,
B-32586,44,10,3,Clothing,Stole,COD,,,,,
B-32587,288,-180,4,Furniture,Chairs,COD,,,,,
B-32588,49,-31,2,Clothing,Stole,COD,,,,,
B-32589,43,-10,4,Clothing,Skirt,COD,,,,,
B-32590,43,5,3,Clothing,Stole,COD,,,,,
B-32591,68,-27,3,Electronics,Accessories,UPI,,,,,
B-32592,320,144,1,Electronics,Printers,Debit Card,,,,,
B-32593,67,2,4,Clothing,T-shirt,UPI,,,,,
B-32594,66,-12,5,Clothing,Stole,UPI,,,,,
B-32595,321,26,3,Electronics,Printers,Debit Card,,,,,
B-32596,43,-5,2,Clothing,Saree,COD,,,,,
B-32597,114,-39,5,Clothing,Kurti,COD,,,,,
B-32598,43,17,1,Clothing,Saree,COD,,,,,
B-32599,43,21,3,Clothing,Shirt,COD,,,,,
B-32600,637,50,5,Clothing,Saree,COD,,,,,
B-32601,300,42,2,Electronics,Printers,COD,,,,,
B-32602,341,44,7,Furniture,Furnishings,UPI,,,,,
B-32603,102,0,3,Electronics,Phones,COD,,,,,
B-32604,328,-15,3,Electronics,Electronic Games,Debit Card,,,,,
B-32605,341,160,7,Clothing,Stole,Debit Card,,,,,
B-32606,62,11,7,Clothing,Hankerchief,UPI,,,,,
B-32607,42,13,3,Clothing,Leggings,COD,,,,,
B-32608,62,28,5,Clothing,Hankerchief,UPI,,,,,
B-32609,42,7,2,Clothing,Kurti,COD,,,,,
B-32610,42,-3,1,Electronics,Electronic Games,COD,,,,,
B-32611,313,-13,5,Furniture,Bookcases,UPI,,,,,
B-32612,109,52,2,Clothing,Stole,UPI,,,,,
B-32613,226,58,3,Electronics,Accessories,COD,,,,,
B-32614,62,-1,1,Electronics,Phones,UPI,,,,,
B-32615,61,-25,4,Electronics,Accessories,UPI,,,,,
B-32616,222,74,5,Clothing,Hankerchief,COD,,,,,
B-32617,342,-154,7,Furniture,Furnishings,Debit Card,,,,,
B-32618,344,-34,3,Clothing,Saree,Debit Card,,,,,
B-32619,345,38,7,Clothing,Hankerchief,Debit Card,,,,,
B-32620,46,0,2,Electronics,Electronic Games,COD,,,,,
B-32621,255,74,5,Clothing,Hankerchief,COD,,,,,
B-32622,360,32,3,Clothing,Saree,UPI,,,,,
B-32623,372,59,3,Electronics,Printers,UPI,,,,,
B-32624,61,30,2,Clothing,Hankerchief,UPI,,,,,
B-32625,42,12,5,Clothing,Hankerchief,COD,,,,,
B-32626,42,-26,2,Clothing,Kurti,COD,,,,,
B-32627,61,25,4,Clothing,Saree,UPI,,,,,
B-32628,41,11,6,Clothing,Hankerchief,COD,,,,,
B-32629,40,13,3,Clothing,T-shirt,COD,,,,,
B-32630,59,21,2,Clothing,Stole,UPI,,,,,
B-32631,57,27,2,Clothing,Shirt,UPI,,,,,
B-32632,17,6,1,Clothing,Stole,UPI,,,,,
B-32633,40,10,2,Clothing,Stole,COD,,,,,
B-32634,349,-24,2,Clothing,Saree,Debit Card,,,,,
B-32635,335,-22,7,Furniture,Chairs,UPI,,,,,
B-32636,40,16,3,Clothing,Hankerchief,COD,,,,,
B-32637,40,17,2,Clothing,Stole,COD,,,,,
B-32638,40,-7,3,Clothing,Stole,COD,,,,,
B-32639,352,74,8,Clothing,Stole,Debit Card,,,,,
B-32640,55,-26,4,Clothing,Saree,UPI,,,,,
B-32641,352,18,5,Clothing,Trousers,Debit Card,,,,,
B-32642,53,-18,4,Clothing,T-shirt,UPI,,,,,
B-32643,51,7,2,Furniture,Furnishings,UPI,,,,,
B-32644,40,-37,3,Clothing,Stole,COD,,,,,
B-32645,39,14,5,Clothing,Leggings,COD,,,,,
B-32646,355,-4,2,Clothing,Saree,Debit Card,,,,,
B-32647,357,139,2,Clothing,Saree,Debit Card,,,,,
B-32648,38,18,1,Clothing,Kurti,COD,,,,,
B-32649,38,9,2,Clothing,Stole,COD,,,,,
B-32650,141,10,4,Clothing,Shirt,UPI,,,,,
B-32651,36,4,9,Clothing,Hankerchief,COD,,,,,
B-32652,351,-94,5,Electronics,Electronic Games,COD,,,,,
B-32653,369,15,3,Electronics,Electronic Games,Debit Card,,,,,
B-32654,53,24,6,Clothing,Hankerchief,EMI,,,,,
B-32655,371,115,1,Furniture,Bookcases,Debit Card,,,,,
B-32656,499,33,4,Clothing,Saree,COD,,,,,
B-32657,223,62,7,Clothing,Shirt,COD,,,,,
B-32658,50,-4,6,Clothing,T-shirt,EMI,,,,,
B-32659,391,90,6,Electronics,Phones,Debit Card,,,,,
B-32660,416,137,3,Electronics,Phones,Debit Card,,,,,
B-32661,424,-17,9,Furniture,Chairs,Debit Card,,,,,
B-32662,362,127,1,Furniture,Bookcases,COD,,,,,
B-32663,36,-7,1,Electronics,Electronic Games,COD,,,,,
B-32664,34,-10,3,Clothing,Skirt,COD,,,,,
B-32665,367,73,3,Electronics,Electronic Games,UPI,,,,,
B-32666,425,208,7,Clothing,Saree,Debit Card,,,,,
B-32667,433,26,3,Electronics,Printers,Debit Card,,,,,
B-32668,460,31,3,Furniture,Bookcases,Debit Card,,,,,
B-32669,62,-56,5,Clothing,Kurti,COD,,,,,
B-32670,50,16,1,Clothing,Stole,EMI,,,,,
B-32671,460,-143,3,Furniture,Chairs,Debit Card,,,,,
B-32672,34,3,3,Clothing,Saree,COD,,,,,
B-32673,227,59,2,Furniture,Furnishings,UPI,,,,,
B-32674,469,33,4,Electronics,Electronic Games,Debit Card,,,,,
B-32675,103,46,2,Clothing,Saree,UPI,,,,,
B-32676,34,-13,5,Clothing,Leggings,COD,,,,,
B-32677,137,63,3,Clothing,Stole,COD,,,,,
B-32678,34,12,2,Clothing,Stole,COD,,,,,
B-32679,474,56,4,Electronics,Phones,Debit Card,,,,,
B-32680,50,3,2,Clothing,Stole,EMI,,,,,
B-32681,69,-67,4,Clothing,Kurti,UPI,,,,,
B-32682,389,-83,3,Furniture,Chairs,UPI,,,,,
B-32683,77,-43,8,Clothing,Stole,COD,,,,,
B-32684,51,21,3,Clothing,T-shirt,COD,,,,,
B-32685,394,146,2,Furniture,Bookcases,UPI,,,,,
B-32686,48,-22,2,Clothing,Saree,EMI,,,,,
B-32687,34,-12,5,Clothing,Leggings,COD,,,,,
B-32688,484,28,3,Electronics,Printers,Debit Card,,,,,
B-32689,47,-27,4,Clothing,Saree,EMI,,,,,
B-32690,45,8,4,Clothing,Skirt,EMI,,,,,
B-32691,128,55,1,Clothing,Saree,COD,,,,,
B-32692,669,74,5,Furniture,Bookcases,COD,,,,,
B-32693,34,13,2,Clothing,Saree,COD,,,,,
B-32694,44,14,3,Clothing,Hankerchief,Credit Card,,,,,
B-32695,33,1,2,Clothing,Shirt,COD,,,,,
B-32696,33,10,3,Clothing,Hankerchief,COD,,,,,
B-32697,487,-23,3,Electronics,Printers,Debit Card,,,,,
B-32698,497,179,3,Furniture,Chairs,Debit Card,,,,,
B-32699,508,203,2,Electronics,Accessories,Debit Card,,,,,
B-32700,524,-25,2,Electronics,Electronic Games,Debit Card,,,,,
B-32701,425,183,5,Electronics,Accessories,UPI,,,,,
B-32702,168,56,3,Clothing,Saree,COD,,,,,
B-32703,141,28,7,Furniture,Furnishings,UPI,,,,,
B-32704,429,17,3,Furniture,Chairs,UPI,,,,,
B-32705,44,-8,3,Clothing,Stole,Credit Card,,,,,
B-32706,149,136,3,Clothing,Stole,UPI,,,,,
B-32707,44,-34,3,Clothing,Stole,Credit Card,,,,,
B-32708,33,10,3,Clothing,Hankerchief,COD,,,,,
B-32709,33,9,2,Clothing,Hankerchief,COD,,,,,
B-32710,442,31,2,Electronics,Electronic Games,UPI,,,,,
B-32711,41,6,5,Clothing,Skirt,Credit Card,,,,,
B-32712,33,-12,5,Clothing,Hankerchief,COD,,,,,
B-32713,32,3,8,Clothing,Hankerchief,COD,,,,,
B-32714,32,6,3,Clothing,Shirt,COD,,,,,
B-32715,179,77,1,Clothing,Saree,UPI,,,,,
B-32716,31,10,1,Clothing,Kurti,COD,,,,,
B-32717,140,68,5,Clothing,T-shirt,COD,,,,,
B-32718,529,137,3,Electronics,Phones,Debit Card,,,,,
B-32719,534,0,3,Clothing,Saree,Debit Card,,,,,
B-32720,41,-6,1,Furniture,Chairs,Credit Card,,,,,
B-32721,379,63,2,Clothing,Saree,COD,,,,,
B-32722,81,-44,3,Clothing,Stole,COD,,,,,
B-32723,40,-33,5,Clothing,Hankerchief,Credit Card,,,,,
B-32724,40,18,1,Electronics,Accessories,Credit Card,,,,,
B-32725,534,0,3,Clothing,Saree,Debit Card,,,,,
B-32726,31,9,2,Clothing,Hankerchief,COD,,,,,
B-32727,473,-113,9,Clothing,Hankerchief,UPI,,,,,
B-32728,31,-10,3,Clothing,Skirt,COD,,,,,
B-32729,31,-3,4,Clothing,Saree,COD,,,,,
B-32730,91,15,6,Clothing,T-shirt,UPI,,,,,
B-32731,30,-25,2,Clothing,T-shirt,COD,,,,,
B-32732,30,6,1,Clothing,T-shirt,COD,,,,,
B-32733,40,0,3,Clothing,Saree,Credit Card,,,,,
B-32734,534,5,2,Electronics,Electronic Games,Debit Card,,,,,
B-32735,539,-146,7,Furniture,Furnishings,Debit Card,,,,,
B-32736,490,-128,8,Furniture,Bookcases,UPI,,,,,
B-32737,163,81,2,Electronics,Accessories,COD,,,,,
B-32738,184,85,6,Clothing,T-shirt,UPI,,,,,
B-32739,494,54,4,Furniture,Bookcases,COD,,,,,
B-32740,30,11,5,Clothing,Hankerchief,COD,,,,,
B-32741,30,0,1,Clothing,Kurti,COD,,,,,
B-32742,39,-18,2,Clothing,Leggings,Credit Card,,,,,
B-32743,1700,85,3,Clothing,Trousers,COD,,,,,
B-32744,332,-43,6,Electronics,Phones,UPI,,,,,
B-32745,436,131,9,Clothing,Hankerchief,UPI,,,,,
B-32746,30,-5,2,Furniture,Furnishings,COD,,,,,
B-32747,30,-10,2,Clothing,Stole,COD,,,,,
B-32748,38,-13,3,Clothing,Stole,Credit Card,,,,,
B-32749,511,194,3,Furniture,Chairs,UPI,,,,,
B-32750,37,-53,3,Clothing,Saree,Credit Card,,,,,
B-32751,513,215,2,Electronics,Accessories,COD,,,,,
B-32752,516,69,4,Furniture,Bookcases,UPI,,,,,
B-32753,559,-19,2,Clothing,Trousers,Debit Card,,,,,
B-32754,29,-10,3,Clothing,Skirt,COD,,,,,
B-32755,148,52,5,Clothing,Stole,UPI,,,,,
B-32756,559,-174,2,Electronics,Electronic Games,Debit Card,,,,,
B-32757,527,26,3,Electronics,Electronic Games,COD,,,,,
B-32758,560,44,3,Clothing,Saree,Debit Card,,,,,
B-32759,571,108,12,Clothing,Stole,Debit Card,,,,,
B-32760,29,2,3,Clothing,Skirt,COD,,,,,
B-32761,29,3,2,Clothing,Stole,COD,,,,,
B-32762,29,-3,3,Clothing,Saree,COD,,,,,
B-32763,35,14,2,Clothing,Stole,Credit Card,,,,,
B-32764,579,139,3,Electronics,Printers,Debit Card,,,,,
B-32765,29,-24,4,Clothing,Leggings,COD,,,,,
B-32766,593,213,4,Furniture,Bookcases,Debit Card,,,,,
B-32767,217,72,2,Furniture,Furnishings,COD,,,,,
B-32768,353,90,8,Clothing,Saree,COD,,,,,
B-32769,382,92,2,Electronics,Printers,COD,,,,,
B-32770,597,93,4,Furniture,Chairs,Debit Card,,,,,
B-32771,212,97,7,Clothing,Hankerchief,COD,,,,,
B-32772,689,90,5,Clothing,Saree,COD,,,,,
B-32773,28,-10,3,Clothing,Skirt,COD,,,,,
B-32774,34,12,3,Clothing,Hankerchief,Credit Card,,,,,
B-32775,600,-102,5,Electronics,Electronic Games,Debit Card,,,,,
B-32776,637,113,5,Clothing,Saree,UPI,,,,,
B-32777,616,-69,7,Furniture,Furnishings,Debit Card,,,,,
B-32778,624,37,2,Electronics,Electronic Games,Debit Card,,,,,
B-32779,28,4,1,Clothing,T-shirt,COD,,,,,
B-32780,584,-444,7,Electronics,Printers,UPI,,,,,
B-32781,28,6,4,Clothing,Skirt,COD,,,,,
B-32782,33,-1,1,Clothing,Saree,Credit Card,,,,,
B-32783,27,-20,2,Clothing,Hankerchief,COD,,,,,
B-32784,27,5,2,Clothing,Skirt,COD,,,,,
B-32785,27,4,3,Clothing,Skirt,COD,,,,,
B-32786,635,-349,5,Clothing,Saree,Debit Card,,,,,
B-32787,598,166,4,Furniture,Bookcases,UPI,,,,,
B-32788,636,-204,2,Electronics,Printers,Debit Card,,,,,
B-32789,27,9,2,Clothing,Hankerchief,COD,,,,,
B-32790,27,-6,4,Clothing,Hankerchief,COD,,,,,
B-32791,637,212,8,Electronics,Phones,Debit Card,,,,,
B-32792,290,110,9,Clothing,Stole,UPI,,,,,
B-32793,27,-25,2,Clothing,Stole,COD,,,,,
B-32794,632,-114,4,Furniture,Tables,UPI,,,,,
B-32795,643,-45,2,Electronics,Printers,Debit Card,,,,,
B-32796,652,13,6,Furniture,Furnishings,Debit Card,,,,,
B-32797,33,-27,1,Furniture,Chairs,Credit Card,,,,,
B-32798,26,2,2,Clothing,Hankerchief,COD,,,,,
B-32799,633,-633,11,Electronics,Accessories,UPI,,,,,
B-32800,26,9,2,Clothing,Leggings,COD,,,,,
B-32801,191,93,4,Clothing,Shirt,UPI,,,,,
B-32802,887,80,3,Electronics,Printers,UPI,,,,,
B-32803,637,261,2,Electronics,Printers,COD,,,,,
B-32804,670,15,5,Furniture,Bookcases,Debit Card,,,,,
B-32805,26,7,4,Clothing,Hankerchief,COD,,,,,
B-32806,676,195,5,Furniture,Bookcases,Debit Card,,,,,
B-32807,26,12,3,Clothing,Hankerchief,COD,,,,,
B-32808,26,-24,1,Clothing,Stole,COD,,,,,
B-32809,25,7,2,Clothing,Stole,COD,,,,,
B-32810,24,-30,1,Furniture,Chairs,COD,,,,,
B-32811,32,-12,1,Furniture,Chairs,Credit Card,,,,,
B-32812,31,-2,2,Clothing,Saree,Credit Card,,,,,
B-32813,651,169,5,Electronics,Printers,COD,,,,,
B-32814,326,107,3,Furniture,Furnishings,UPI,,,,,
B-32815,30,-6,2,Clothing,Hankerchief,UPI,,,,,
B-32816,30,5,2,Clothing,Kurti,UPI,,,,,
B-32817,662,240,2,Furniture,Bookcases,COD,,,,,
B-32818,30,-23,2,Clothing,Saree,UPI,,,,,
B-32819,29,9,3,Clothing,Saree,UPI,,,,,
B-32820,28,1,1,Electronics,Accessories,UPI,,,,,
B-32821,28,-3,2,Clothing,Saree,UPI,,,,,
B-32822,24,2,4,Clothing,Hankerchief,COD,,,,,
B-32823,28,-26,2,Clothing,Stole,UPI,,,,,
B-32824,27,5,1,Clothing,Stole,UPI,,,,,
B-32825,27,-15,1,Clothing,Stole,UPI,,,,,
B-32826,24,11,3,Clothing,Hankerchief,COD,,,,,
B-32827,23,-6,4,Clothing,Hankerchief,COD,,,,,
B-32828,322,193,5,Electronics,Printers,COD,,,,,
B-32829,688,-103,6,Electronics,Accessories,Debit Card,,,,,
B-32830,23,-3,1,Clothing,Shirt,COD,,,,,
B-32831,26,3,3,Clothing,Skirt,UPI,,,,,
B-32832,68,-56,2,Electronics,Phones,COD,,,,,
B-32833,462,169,4,Clothing,Saree,COD,,,,,
B-32834,941,203,3,Furniture,Tables,UPI,,,,,
B-32835,23,4,2,Clothing,Skirt,COD,,,,,
B-32836,720,43,2,Electronics,Printers,UPI,,,,,
B-32837,724,-447,4,Electronics,Electronic Games,UPI,,,,,
B-32838,724,253,2,Furniture,Bookcases,UPI,,,,,
B-32839,26,10,4,Clothing,Hankerchief,UPI,,,,,
B-32840,22,-2,3,Clothing,Hankerchief,COD,,,,,
B-32841,711,-8,4,Clothing,Saree,Debit Card,,,,,
B-32842,107,31,5,Clothing,T-shirt,COD,,,,,
B-32843,765,-153,2,Electronics,Phones,Debit Card,,,,,
B-32844,22,8,2,Clothing,Leggings,COD,,,,,
B-32845,26,-5,2,Clothing,Stole,UPI,,,,,
B-32846,22,8,3,Clothing,Hankerchief,COD,,,,,
B-32847,743,89,5,Electronics,Printers,UPI,,,,,
B-32848,22,-15,4,Clothing,Kurti,COD,,,,,
B-32849,781,594,6,Electronics,Printers,Debit Card,,,,,
B-32850,25,-2,5,Clothing,Hankerchief,UPI,,,,,
B-32851,25,2,2,Clothing,Hankerchief,UPI,,,,,
B-32852,119,43,5,Clothing,T-shirt,COD,,,,,
B-32853,785,52,2,Electronics,Phones,Debit Card,,,,,
B-32854,183,-66,5,Electronics,Phones,UPI,,,,,
B-32855,22,4,1,Clothing,Stole,COD,,,,,
B-32856,642,180,5,Clothing,Saree,COD,,,,,
B-32857,767,-353,5,Clothing,Trousers,COD,,,,,
B-32858,770,323,3,Electronics,Accessories,COD,,,,,
B-32859,21,-17,3,Clothing,Shirt,COD,,,,,
B-32860,21,-6,3,Clothing,Leggings,COD,,,,,
B-32861,492,187,2,Electronics,Accessories,UPI,,,,,
B-32862,816,-96,3,Electronics,Printers,Debit Card,,,,,
B-32863,25,2,3,Clothing,Kurti,Credit Card,,,,,
B-32864,802,120,7,Electronics,Accessories,COD,,,,,
B-32865,811,154,7,Electronics,Accessories,UPI,,,,,
B-32866,835,267,5,Electronics,Phones,Debit Card,,,,,
B-32867,21,-5,1,Electronics,Accessories,COD,,,,,
B-32868,450,-190,4,Furniture,Bookcases,COD,,,,,
B-32869,24,-1,4,Clothing,Skirt,Credit Card,,,,,
B-32870,832,0,3,Clothing,Trousers,UPI,,,,,
B-32871,833,93,3,Clothing,Trousers,UPI,,,,,
B-32872,20,6,1,Clothing,T-shirt,COD,,,,,
B-32873,23,-5,7,Clothing,Hankerchief,Credit Card,,,,,
B-32874,550,-242,5,Furniture,Furnishings,UPI,,,,,
B-32875,148,-91,2,Electronics,Phones,COD,,,,,
B-32876,846,9,2,Furniture,Chairs,Debit Card,,,,,
B-32877,856,385,6,Electronics,Printers,COD,,,,,
B-32878,871,131,2,Furniture,Bookcases,UPI,,,,,
B-32879,19,-18,4,Clothing,Kurti,COD,,,,,
B-32880,610,-66,2,Furniture,Tables,COD,,,,,
B-32881,880,97,8,Furniture,Furnishings,Debit Card,,,,,
B-32882,22,-8,4,Clothing,Hankerchief,Credit Card,,,,,
B-32883,22,11,2,Clothing,Skirt,Credit Card,,,,,
B-32884,21,4,3,Clothing,Hankerchief,Credit Card,,,,,
B-32885,18,1,3,Clothing,Hankerchief,COD,,,,,
B-32886,911,202,7,Furniture,Chairs,COD,,,,,
B-32887,18,2,3,Clothing,Hankerchief,COD,,,,,
B-32888,911,355,5,Electronics,Phones,Debit Card,,,,,
B-32889,143,-129,2,Electronics,Phones,COD,,,,,
B-32890,918,22,9,Electronics,Electronic Games,COD,,,,,
B-32891,925,-447,5,Electronics,Electronic Games,COD,,,,,
B-32892,17,8,2,Clothing,Skirt,COD,,,,,
B-32893,465,207,9,Clothing,Saree,COD,,,,,
B-32894,17,-9,3,Clothing,Stole,COD,,,,,
B-32895,935,114,4,Electronics,Electronic Games,UPI,,,,,
B-32896,16,-10,2,Clothing,T-shirt,COD,,,,,
B-32897,954,95,3,Electronics,Printers,UPI,,,,,
B-32898,915,-99,3,Furniture,Tables,Debit Card,,,,,
B-32899,955,305,3,Electronics,Printers,Debit Card,,,,,
B-32900,976,293,4,Electronics,Accessories,COD,,,,,
B-32901,1069,0,6,Clothing,Saree,EMI,,,,,
B-32902,19,-15,3,Clothing,Hankerchief,Credit Card,,,,,
B-32903,16,6,3,Clothing,Hankerchief,COD,,,,,
B-32904,1030,206,8,Electronics,Printers,UPI,,,,,
B-32905,620,82,6,Electronics,Accessories,COD,,,,,
B-32906,16,8,2,Clothing,Hankerchief,COD,,,,,
B-32907,19,8,2,Clothing,Hankerchief,Credit Card,,,,,
B-32908,249,-130,4,Electronics,Phones,UPI,,,,,
B-32909,16,6,1,Clothing,Stole,COD,,,,,
B-32910,1361,197,9,Furniture,Bookcases,COD,,,,,
B-32911,15,1,1,Clothing,Shirt,COD,,,,,
B-32912,1076,-38,4,Electronics,Printers,COD,,,,,
B-32913,18,2,3,Clothing,Hankerchief,Credit Card,,,,,
B-32914,1101,352,3,Furniture,Bookcases,UPI,,,,,
B-32915,15,2,1,Clothing,Leggings,COD,,,,,
B-32916,1104,209,4,Clothing,Trousers,UPI,,,,,
B-32917,14,2,1,Clothing,Hankerchief,COD,,,,,
B-32918,14,5,1,Clothing,Hankerchief,COD,,,,,
B-32919,14,-3,2,Clothing,Leggings,COD,,,,,
B-32920,14,-1,4,Clothing,Kurti,COD,,,,,
B-32921,13,-8,1,Clothing,T-shirt,COD,,,,,
B-32922,13,-1,3,Clothing,Hankerchief,COD,,,,,
B-32923,1275,1148,7,Furniture,Bookcases,EMI,,,,,
B-32924,17,1,2,Clothing,Skirt,Credit Card,,,,,
B-32925,13,0,2,Clothing,Hankerchief,COD,,,,,
B-32926,1270,546,11,Electronics,Electronic Games,EMI,,,,,
B-32927,13,-2,1,Clothing,Stole,COD,,,,,
B-32928,13,3,1,Clothing,Leggings,COD,,,,,
B-32929,17,5,1,Clothing,Hankerchief,UPI,,,,,
B-32930,13,-13,2,Clothing,Skirt,COD,,,,,
B-32931,13,-9,2,Clothing,Skirt,COD,,,,,
B-32932,1263,-56,5,Clothing,Trousers,EMI,,,,,
B-32933,1629,-153,3,Electronics,Phones,COD,,,,,
B-32934,17,7,3,Clothing,Hankerchief,UPI,,,,,
B-32935,17,2,2,Clothing,Skirt,UPI,,,,,
B-32936,1250,-12,2,Electronics,Printers,EMI,,,,,
B-32937,17,-11,3,Clothing,Skirt,UPI,,,,,
B-32938,977,-244,7,Electronics,Phones,COD,,,,,
B-32939,1246,62,3,Furniture,Bookcases,EMI,,,,,
B-32940,12,1,2,Clothing,Hankerchief,COD,,,,,
B-32941,11,-4,2,Clothing,Skirt,COD,,,,,
B-32942,1327,318,8,Furniture,Chairs,EMI,,,,,
B-32943,1319,567,5,Electronics,Printers,COD,,,,,
B-32944,1402,109,11,Clothing,Saree,EMI,,,,,
B-32945,1514,742,4,Electronics,Printers,EMI,,,,,
B-32946,1351,111,6,Electronics,Electronic Games,COD,,,,,
B-32947,1355,-60,5,Clothing,Trousers,COD,,,,,
B-32948,10,2,2,Clothing,Hankerchief,COD,,,,,
B-32949,10,-2,2,Clothing,Leggings,COD,,,,,
B-32950,1582,-443,6,Clothing,Trousers,EMI,,,,,
B-32951,1218,352,9,Furniture,Bookcases,EMI,,,,,
B-32952,321,315,5,Clothing,Saree,UPI,,,,,
B-32953,736,346,5,Electronics,Printers,COD,,,,,
B-32954,1218,-420,8,Furniture,Bookcases,COD,,,,,
B-32955,1027,441,8,Clothing,Saree,COD,,,,,
B-32956,10,5,1,Clothing,Stole,COD,,,,,
B-32957,2366,552,5,Clothing,Trousers,UPI,,,,,
B-32958,9,-6,2,Clothing,Hankerchief,COD,,,,,
B-32959,16,-12,2,Clothing,Stole,UPI,,,,,
B-32960,9,3,1,Clothing,Skirt,COD,,,,,
B-32961,1560,421,3,Clothing,Trousers,COD,,,,,
B-32962,1137,568,2,Clothing,Trousers,EMI,,,,,
B-32963,9,-9,2,Clothing,Kurti,COD,,,,,
B-32964,15,-7,1,Clothing,Hankerchief,UPI,,,,,
B-32965,14,5,1,Clothing,Hankerchief,UPI,,,,,
B-32966,14,7,2,Clothing,Hankerchief,UPI,,,,,
B-32967,8,-2,2,Clothing,Hankerchief,COD,,,,,
B-32968,1389,680,7,Clothing,Saree,COD,,,,,
B-32969,8,-1,2,Clothing,Leggings,COD,,,,,
B-32970,8,-2,1,Clothing,Stole,COD,,,,,
B-32971,13,4,1,Clothing,Leggings,UPI,,,,,
B-32972,8,-6,1,Clothing,Stole,COD,,,,,
B-32973,12,2,2,Clothing,Skirt,Credit Card,,,,,
B-32974,1716,309,7,Electronics,Accessories,COD,,,,,
B-32975,1117,447,10,Furniture,Bookcases,EMI,,,,,
B-32976,9,-6,2,Clothing,Skirt,Credit Card,,,,,
B-32977,332,503,3,Electronics,Printers,COD,,,,,
B-32978,7,-4,3,Clothing,Hankerchief,COD,,,,,
B-32979,8,-2,3,Clothing,Hankerchief,Credit Card,,,,,
B-32980,2061,701,5,Furniture,Bookcases,UPI,,,,,
B-32981,1103,276,3,Furniture,Chairs,EMI,,,,,
B-32982,2103,322,8,Electronics,Electronic Games,UPI,,,,,
B-32983,2115,23,5,Furniture,Chairs,COD,,,,,
B-32984,850,-289,5,Electronics,Electronic Games,COD,,,,,
B-32985,1063,64,7,Electronics,Phones,EMI,,,,,
B-32986,1063,-175,4,Electronics,Electronic Games,EMI,,,,,
B-32987,2292,127,7,Furniture,Bookcases,COD,,,,,
B-32988,7,-1,2,Clothing,Hankerchief,Credit Card,,,,,
B-32989,2452,191,7,Furniture,Bookcases,UPI,,,,,
B-32990,2457,665,11,Electronics,Electronic Games,EMI,,,,,
B-32991,4,-3,1,Clothing,Skirt,Credit Card,,,,,
B-32992,2830,-1981,13,Furniture,Bookcases,EMI,,,,,
B-32993,7,1,1,Clothing,Hankerchief,COD,,,,,
B-32994,7,0,2,Clothing,Skirt,COD,,,,,
B-32995,7,-3,2,Clothing,Hankerchief,COD,,,,,
B-32996,3151,-35,7,Clothing,Trousers,EMI,,,,,
B-32997,4141,1698,13,Electronics,Printers,COD,,,,,
B-32998,7,-2,1,Clothing,Hankerchief,COD,,,,,
B-32999,4363,305,5,Furniture,Tables,EMI,,,,,
B-33000,1096,658,7,Electronics,Electronic Games,COD,,,,,
B-33001,5729,64,14,Furniture,Chairs,EMI,,,,,
B-33002,2927,146,8,Furniture,Bookcases,EMI,,,,,
B-33003,2847,712,8,Electronics,Printers,Credit Card,,,,,
B-33004,2617,1151,4,Electronics,Phones,Credit Card,,,,,
B-33005,2244,247,4,Clothing,Trousers,Credit Card,,,,,
B-33006,275,-275,4,Clothing,Saree,COD,,,,,
B-33007,387,-213,5,Clothing,Saree,UPI,,,,,
B-33008,50,-44,2,Clothing,Hankerchief,UPI,,,,,
B-33009,135,-54,5,Clothing,Kurti,COD,,,,,
B-33010,231,-190,9,Clothing,Hankerchief,COD,,,,,
B-33011,2125,-234,6,Electronics,Printers,EMI,,,,,
B-33012,3873,-891,6,Electronics,Phones,Credit Card,,,,,
B-33013,729,-492,5,Furniture,Bookcases,UPI,,,,,
B-33014,2188,1050,5,Furniture,Bookcases,Credit Card,,,,,
B-33015,6,-3,1,Clothing,Hankerchief,UPI,,,,,
B-33016,1854,433,5,Furniture,Bookcases,Credit Card,,,,,
B-33017,6,1,1,Clothing,Kurti,UPI,,,,,
B-33018,2093,721,5,Furniture,Chairs,Credit Card,,,,,
B-33019,7,-1,2,Clothing,Skirt,UPI,,,,,
B-33020,1622,-624,5,Furniture,Tables,Credit Card,,,,,
B-33021,1622,95,5,Electronics,Printers,Credit Card,,,,,
B-33022,373,254,6,Electronics,Printers,UPI,,,,,
B-33023,82,-33,4,Clothing,Kurti,COD,,,,,
B-33024,8,2,2,Clothing,Skirt,UPI,,,,,
B-33025,1954,782,3,Electronics,Phones,Credit Card,,,,,
B-33026,1543,370,8,Electronics,Printers,Credit Card,,,,,
B-33027,1506,-266,6,Electronics,Printers,Credit Card,,,,,
B-33028,1829,-56,6,Furniture,Tables,Credit Card,,,,,
B-33029,9,-1,3,Clothing,Skirt,UPI,,,,,
B-33030,1461,202,5,Furniture,Tables,EMI,,,,,
B-33031,391,113,8,Clothing,Stole,COD,,,,,
B-33032,1824,1303,8,Electronics,Phones,Credit Card,,,,,
B-33033,16,-15,4,Clothing,Hankerchief,UPI,,,,,
B-33034,1745,122,2,Furniture,Tables,Credit Card,,,,,
B-33035,663,-212,5,Electronics,Printers,UPI,,,,,
B-33036,10,-1,1,Clothing,Leggings,UPI,,,,,
B-33037,1630,802,5,Furniture,Tables,EMI,,,,,
B-33038,12,0,2,Clothing,Hankerchief,UPI,,,,,
B-33039,12,-7,2,Clothing,Leggings,UPI,,,,,
B-33040,1709,564,3,Clothing,Trousers,Credit Card,,,,,
B-33041,12,3,1,Clothing,Stole,UPI,,,,,
B-33042,1625,-77,3,Electronics,Phones,EMI,,,,,
B-33043,13,5,2,Clothing,Hankerchief,UPI,,,,,
B-33044,1361,980,3,Furniture,Tables,COD,,,,,
B-33045,1622,-448,3,Electronics,Phones,EMI,,,,,
B-33046,1547,340,6,Electronics,Accessories,EMI,,,,,
B-33047,1657,460,4,Furniture,Chairs,Credit Card,,,,,
B-33048,1603,0,9,Clothing,Saree,Credit Card,,,,,
B-33049,1549,-439,4,Electronics,Phones,Credit Card,,,,,
B-33050,1183,106,4,Electronics,Printers,EMI,,,,,
B-33051,74,-123,8,Clothing,Skirt,UPI,,,,,
B-33052,1499,239,13,Clothing,Saree,Credit Card,,,,,
B-33053,1120,199,6,Clothing,Saree,EMI,,,,,
B-33054,15,-2,1,Clothing,T-shirt,Debit Card,,,,,
B-33055,1487,624,3,Clothing,Trousers,Credit Card,,,,,
B-33056,1118,206,2,Furniture,Tables,Credit Card,,,,,
B-33057,11,-5,2,Clothing,Hankerchief,COD,,,,,
B-33058,15,4,1,Clothing,Hankerchief,Debit Card,,,,,
B-33059,1364,1864,5,Furniture,Tables,Credit Card,,,,,
B-33060,1337,147,7,Electronics,Printers,Credit Card,,,,,
B-33061,15,2,1,Clothing,Leggings,Debit Card,,,,,
B-33062,322,-193,5,Electronics,Printers,UPI,,,,,
B-33063,1316,527,7,Electronics,Electronic Games,Credit Card,,,,,
B-33064,1314,342,3,Furniture,Bookcases,Credit Card,,,,,
B-33065,17,7,3,Clothing,Hankerchief,Debit Card,,,,,
B-33066,17,2,2,Clothing,Skirt,Debit Card,,,,,
B-33067,17,-12,5,Clothing,Skirt,Debit Card,,,,,
B-33068,1308,536,3,Furniture,Bookcases,Credit Card,,,,,
B-33069,1076,-38,4,Electronics,Printers,Credit Card,,,,,
B-33070,1301,573,5,Electronics,Accessories,Credit Card,,,,,
B-33071,1300,-16,8,Electronics,Printers,Credit Card,,,,,
B-33072,11,-2,4,Clothing,Hankerchief,COD,,,,,
B-33073,1298,65,9,Electronics,Printers,EMI,,,,,
B-33074,304,97,6,Clothing,Stole,UPI,,,,,
B-33075,1055,264,4,Electronics,Printers,EMI,,,,,
B-33076,17,-13,4,Clothing,Skirt,Debit Card,,,,,
B-33077,147,73,3,Clothing,Stole,COD,,,,,
B-33078,965,-68,3,Electronics,Printers,COD,,,,,
B-33079,12,-2,3,Clothing,Hankerchief,COD,,,,,
B-33080,14,-2,3,Clothing,Hankerchief,UPI,,,,,
B-33081,934,-916,7,Electronics,Electronic Games,COD,,,,,
B-33082,929,-93,9,Clothing,Saree,COD,,,,,
B-33083,18,3,2,Clothing,Hankerchief,Debit Card,,,,,
B-33084,916,192,11,Electronics,Phones,COD,,,,,
B-33085,76,-72,9,Clothing,Hankerchief,COD,,,,,
B-33086,869,67,4,Furniture,Tables,COD,,,,,
B-33087,112,24,3,Clothing,Kurti,COD,,,,,
B-33088,39,16,6,Clothing,Skirt,UPI,,,,,
B-33089,857,-274,2,Furniture,Tables,COD,,,,,
B-33090,828,230,2,Furniture,Chairs,COD,,,,,
B-33091,1279,-640,8,Electronics,Printers,EMI,,,,,
B-33092,1250,486,7,Clothing,Saree,EMI,,,,,
B-33093,823,-18,7,Furniture,Chairs,COD,,,,,
B-33094,1157,-13,9,Furniture,Bookcases,Credit Card,,,,,
B-33095,126,-63,3,Electronics,Accessories,UPI,,,,,
B-33096,1145,-706,3,Electronics,Phones,Credit Card,,,,,
B-33097,774,170,3,Electronics,Accessories,COD,,,,,
B-33098,24,-1,2,Clothing,Hankerchief,COD,,,,,
B-33099,774,170,3,Electronics,Accessories,COD,,,,,
B-33100,93,-1,2,Clothing,Hankerchief,COD,,,,,
B-33101,765,-36,3,Electronics,Electronic Games,COD,,,,,
B-33102,762,101,6,Electronics,Printers,COD,,,,,
B-33103,761,266,9,Electronics,Electronic Games,COD,,,,,
B-33104,96,-48,5,Clothing,Leggings,UPI,,,,,
B-33105,1137,-14,7,Electronics,Printers,EMI,,,,,
B-33106,18,8,2,Clothing,Hankerchief,Debit Card,,,,,
B-33107,749,-307,7,Furniture,Furnishings,COD,,,,,
B-33108,1120,199,6,Clothing,Saree,EMI,,,,,
B-33109,744,119,6,Electronics,Printers,COD,,,,,
B-33110,14,0,4,Clothing,Hankerchief,UPI,,,,,
B-33111,19,8,2,Clothing,Hankerchief,Debit Card,,,,,
B-33112,512,-225,5,Clothing,Saree,COD,,,,,
B-33113,742,198,2,Furniture,Bookcases,COD,,,,,
B-33114,44,-40,3,Clothing,Stole,COD,,,,,
B-33115,1061,-36,8,Furniture,Bookcases,EMI,,,,,
B-33116,19,-2,2,Clothing,Leggings,Debit Card,,,,,
B-33117,17,0,1,Clothing,Hankerchief,COD,,,,,
B-33118,741,267,5,Furniture,Bookcases,COD,,,,,
B-33119,735,-235,6,Electronics,Printers,COD,,,,,
B-33120,19,-1,1,Clothing,Shirt,Debit Card,,,,,
B-33121,1021,-48,4,Electronics,Electronic Games,EMI,,,,,
B-33122,556,-209,7,Clothing,Saree,COD,,,,,
B-33123,63,-17,6,Clothing,Leggings,COD,,,,,
B-33124,734,248,2,Furniture,Chairs,COD,,,,,
B-33125,933,166,5,Clothing,Saree,Credit Card,,,,,
B-33126,20,-9,6,Clothing,Hankerchief,Debit Card,,,,,
B-33127,877,395,2,Furniture,Bookcases,Credit Card,,,,,
B-33128,719,303,6,Furniture,Chairs,COD,,,,,
B-33129,12,1,2,Clothing,Hankerchief,COD,,,,,
B-33130,714,56,4,Clothing,Saree,COD,,,,,
B-33131,50,-15,4,Clothing,Leggings,COD,,,,,
B-33132,709,-100,5,Electronics,Phones,COD,,,,,
B-33133,21,-12,3,Clothing,Hankerchief,Debit Card,,,,,
B-33134,693,254,6,Clothing,Saree,COD,,,,,
B-33135,24,1,4,Clothing,Hankerchief,COD,,,,,
B-33136,24,1,2,Clothing,Hankerchief,UPI,,,,,
B-33137,24,1,2,Clothing,Hankerchief,COD,,,,,
B-33138,21,10,1,Clothing,T-shirt,Debit Card,,,,,
B-33139,681,259,4,Furniture,Chairs,COD,,,,,
B-33140,674,-187,2,Furniture,Tables,COD,,,,,
B-33141,671,-309,5,Electronics,Electronic Games,COD,,,,,
B-33142,646,-213,3,Electronics,Electronic Games,COD,,,,,
B-33143,40,15,1,Clothing,Kurti,COD,,,,,
B-33144,24,-2,2,Clothing,T-shirt,COD,,,,,
B-33145,644,167,2,Electronics,Printers,COD,,,,,
B-33146,643,225,2,Electronics,Printers,COD,,,,,
B-33147,632,-316,6,Clothing,Saree,COD,,,,,
B-33148,632,316,6,Clothing,Saree,COD,,,,,
B-33149,610,208,3,Electronics,Printers,COD,,,,,
B-33150,78,-28,6,Clothing,Kurti,UPI,,,,,
B-33151,595,119,4,Furniture,Bookcases,COD,,,,,
B-33152,595,292,3,Clothing,Saree,COD,,,,,
B-33153,852,51,5,Furniture,Bookcases,Credit Card,,,,,
B-33154,594,89,3,Furniture,Bookcases,COD,,,,,
B-33155,585,175,13,Clothing,T-shirt,COD,,,,,
B-33156,582,262,5,Furniture,Furnishings,COD,,,,,
B-33157,845,84,7,Clothing,Saree,Credit Card,,,,,
B-33158,829,19,4,Electronics,Printers,Credit Card,,,,,
B-33159,561,212,3,Clothing,Saree,COD,,,,,
B-33160,771,-424,2,Electronics,Phones,Credit Card,,,,,
B-33161,765,8,6,Clothing,Saree,EMI,,,,,
B-33162,31,2,2,Clothing,Hankerchief,COD,,,,,
B-33163,557,-111,2,Electronics,Electronic Games,COD,,,,,
B-33164,757,371,2,Electronics,Printers,Credit Card,,,,,
B-33165,545,-73,11,Electronics,Phones,COD,,,,,
B-33166,1052,-82,3,Furniture,Bookcases,UPI,,,,,
B-33167,544,-152,3,Furniture,Bookcases,COD,,,,,
B-33168,22,9,2,Clothing,Leggings,Debit Card,,,,,
B-33169,757,371,2,Electronics,Printers,Credit Card,,,,,
B-33170,742,198,2,Furniture,Bookcases,Credit Card,,,,,
B-33171,537,107,3,Clothing,Saree,COD,,,,,
B-33172,536,91,1,Clothing,Trousers,COD,,,,,
B-33173,6,3,1,Clothing,Hankerchief,COD,,,,,
B-33174,523,204,7,Clothing,Trousers,COD,,,,,
B-33175,27,9,2,Clothing,T-shirt,UPI,,,,,
B-33176,516,392,8,Furniture,Chairs,COD,,,,,
B-33177,504,116,3,Furniture,Bookcases,COD,,,,,
B-33178,502,84,4,Electronics,Phones,COD,,,,,
B-33179,734,213,6,Electronics,Electronic Games,Credit Card,,,,,
B-33180,42,12,2,Clothing,Kurti,COD,,,,,
B-33181,29,11,4,Clothing,Skirt,COD,,,,,
B-33182,240,12,6,Clothing,Kurti,UPI,,,,,
B-33183,496,-79,2,Clothing,Trousers,COD,,,,,
B-33184,485,29,4,Electronics,Electronic Games,COD,,,,,
B-33185,31,-11,3,Clothing,Skirt,UPI,,,,,
B-33186,676,151,3,Electronics,Printers,Credit Card,,,,,
B-33187,23,8,2,Clothing,Hankerchief,Debit Card,,,,,
B-33188,13,3,2,Clothing,Hankerchief,COD,,,,,
B-33189,180,0,8,Clothing,Stole,COD,,,,,
B-33190,671,114,9,Electronics,Phones,Credit Card,,,,,
B-33191,22,11,3,Clothing,Kurti,COD,,,,,
B-33192,668,-31,3,Electronics,Printers,Credit Card,,,,,
B-33193,145,0,3,Clothing,Saree,UPI,,,,,
B-33194,24,8,2,Clothing,Skirt,Debit Card,,,,,
B-33195,476,0,3,Furniture,Chairs,COD,,,,,
B-33196,24,11,5,Clothing,Hankerchief,Debit Card,,,,,
B-33197,37,3,3,Clothing,Hankerchief,COD,,,,,
B-33198,152,50,6,Clothing,Stole,UPI,,,,,
B-33199,32,11,2,Clothing,Leggings,UPI,,,,,
B-33200,52,11,5,Clothing,Leggings,COD,,,,,
B-33201,24,11,3,Clothing,Hankerchief,Debit Card,,,,,
B-33202,473,42,4,Furniture,Chairs,COD,,,,,
B-33203,263,50,5,Clothing,Stole,COD,,,,,
B-33204,61,11,3,Clothing,Kurti,COD,,,,,
B-33205,469,-459,3,Electronics,Electronic Games,COD,,,,,
B-33206,1272,547,2,Electronics,Phones,COD,,,,,
B-33207,169,0,3,Electronics,Accessories,COD,,,,,
B-33208,25,11,3,Clothing,Leggings,Debit Card,,,,,
B-33209,457,-41,4,Clothing,Saree,COD,,,,,
B-33210,455,77,8,Electronics,Accessories,COD,,,,,
B-33211,25,2,2,Clothing,Hankerchief,Debit Card,,,,,
B-33212,450,-90,3,Electronics,Printers,COD,,,,,
B-33213,30,-35,1,Furniture,Chairs,COD,,,,,
B-33214,659,-37,2,Furniture,Bookcases,Credit Card,,,,,
B-33215,448,148,2,Electronics,Printers,COD,,,,,
B-33216,446,53,3,Electronics,Printers,COD,,,,,
B-33217,98,-45,2,Furniture,Chairs,UPI,,,,,
B-33218,443,11,1,Clothing,Saree,COD,,,,,
B-33219,427,-50,7,Electronics,Phones,COD,,,,,
B-33220,656,-36,2,Furniture,Bookcases,Credit Card,,,,,
B-33221,424,161,2,Clothing,Saree,COD,,,,,
B-33222,27,8,2,Clothing,T-shirt,Debit Card,,,,,
B-33223,424,-272,5,Electronics,Phones,COD,,,,,
B-33224,202,4,4,Clothing,Hankerchief,COD,,,,,
B-33225,1275,357,2,Electronics,Phones,UPI,,,,,
B-33226,418,70,7,Electronics,Phones,COD,,,,,
B-33227,417,49,3,Electronics,Electronic Games,COD,,,,,
B-33228,199,48,4,Clothing,Stole,UPI,,,,,
B-33229,385,-77,11,Furniture,Furnishings,UPI,,,,,
B-33230,414,199,3,Electronics,Phones,COD,,,,,
B-33231,97,-45,4,Clothing,Saree,COD,,,,,
B-33232,648,50,6,Electronics,Electronic Games,Credit Card,,,,,
B-33233,27,-25,2,Clothing,Shirt,Debit Card,,,,,
B-33234,27,12,1,Clothing,Stole,Debit Card,,,,,
B-33235,27,1,1,Clothing,Stole,UPI,,,,,
B-33236,413,-314,9,Furniture,Chairs,COD,,,,,
B-33237,53,2,4,Clothing,Hankerchief,COD,,,,,
B-33238,29,8,5,Clothing,Hankerchief,UPI,,,,,
B-33239,30,13,1,Clothing,T-shirt,UPI,,,,,
B-33240,412,412,6,Clothing,Saree,COD,,,,,
B-33241,646,-23,2,Electronics,Printers,Credit Card,,,,,
B-33242,30,-5,5,Clothing,Stole,UPI,,,,,
B-33243,618,27,4,Furniture,Bookcases,Credit Card,,,,,
B-33244,143,-124,5,Clothing,Saree,UPI,,,,,
B-33245,31,1,2,Clothing,Hankerchief,UPI,,,,,
B-33246,409,86,3,Clothing,Saree,COD,,,,,
B-33247,406,126,2,Clothing,Saree,COD,,,,,
B-33248,565,66,7,Clothing,Saree,Credit Card,,,,,
B-33249,85,2,6,Clothing,Stole,COD,,,,,
B-33250,561,118,5,Furniture,Bookcases,Credit Card,,,,,
B-33251,503,-56,2,Clothing,Trousers,COD,,,,,
B-33252,31,14,3,Clothing,Stole,UPI,,,,,
B-33253,398,111,8,Clothing,Hankerchief,COD,,,,,
B-33254,388,93,2,Furniture,Bookcases,COD,,,,,
B-33255,498,-116,4,Clothing,Saree,UPI,,,,,
B-33256,561,212,3,Clothing,Saree,Credit Card,,,,,
B-33257,61,3,4,Clothing,Hankerchief,COD,,,,,
B-33258,34,-22,4,Clothing,T-shirt,COD,,,,,
B-33259,32,6,3,Clothing,Shirt,UPI,,,,,
B-33260,623,-192,3,Furniture,Tables,UPI,,,,,
B-33261,520,151,3,Electronics,Phones,Credit Card,,,,,
B-33262,32,-16,6,Clothing,Saree,UPI,,,,,
B-33263,32,-5,5,Clothing,Hankerchief,UPI,,,,,
B-33264,510,234,6,Electronics,Electronic Games,EMI,,,,,
B-33265,382,68,3,Clothing,Saree,COD,,,,,
B-33266,33,13,3,Clothing,Leggings,UPI,,,,,
B-33267,381,-13,2,Clothing,Saree,COD,,,,,
B-33268,490,88,2,Electronics,Accessories,EMI,,,,,
B-33269,381,144,2,Clothing,Saree,COD,,,,,
B-33270,487,143,4,Electronics,Phones,EMI,,,,,
B-33271,366,84,3,Furniture,Bookcases,COD,,,,,
B-33272,33,-29,3,Clothing,Shirt,UPI,,,,,
B-33273,365,107,3,Electronics,Phones,COD,,,,,
B-33274,207,-100,2,Clothing,Saree,UPI,,,,,
B-33275,359,-338,5,Furniture,Bookcases,COD,,,,,
B-33276,351,-47,8,Electronics,Phones,COD,,,,,
B-33277,485,199,4,Clothing,Saree,EMI,,,,,
B-33278,37,-23,4,Clothing,Shirt,UPI,,,,,
B-33279,34,10,2,Clothing,T-shirt,Debit Card,,,,,
B-33280,346,108,3,Furniture,Chairs,COD,,,,,
B-33281,342,-103,4,Electronics,Electronic Games,COD,,,,,
B-33282,35,-8,2,Furniture,Furnishings,Debit Card,,,,,
B-33283,121,41,4,Clothing,Stole,UPI,,,,,
B-33284,336,57,2,Electronics,Phones,COD,,,,,
B-33285,336,71,3,Furniture,Bookcases,COD,,,,,
B-33286,27,4,1,Clothing,Hankerchief,COD,,,,,
B-33287,333,50,2,Electronics,Phones,COD,,,,,
B-33288,36,7,3,Clothing,Leggings,Debit Card,,,,,
B-33289,333,-15,3,Electronics,Phones,COD,,,,,
B-33290,327,114,4,Clothing,Trousers,COD,,,,,
B-33291,18,6,3,Clothing,Hankerchief,UPI,,,,,
B-33292,325,32,7,Clothing,T-shirt,COD,,,,,
B-33293,482,-6,7,Electronics,Electronic Games,EMI,,,,,
B-33294,465,-33,4,Electronics,Phones,EMI,,,,,
B-33295,40,-12,3,Clothing,Shirt,COD,,,,,
B-33296,107,36,6,Clothing,Stole,COD,,,,,
B-33297,312,-312,7,Furniture,Chairs,COD,,,,,
B-33298,451,25,3,Electronics,Phones,EMI,,,,,
B-33299,312,62,1,Electronics,Electronic Games,COD,,,,,
B-33300,311,72,2,Furniture,Bookcases,COD,,,,,
B-33301,11,5,2,Clothing,Hankerchief,UPI,,,,,
B-33302,37,-5,3,Clothing,T-shirt,Debit Card,,,,,
B-33303,444,-200,4,Electronics,Phones,EMI,,,,,
B-33304,434,26,11,Clothing,Shirt,Credit Card,,,,,
B-33305,299,0,6,Clothing,Stole,COD,,,,,
B-33306,37,17,3,Clothing,Hankerchief,Debit Card,,,,,
B-33307,299,113,2,Furniture,Bookcases,COD,,,,,
B-33308,298,74,2,Furniture,Bookcases,COD,,,,,
B-33309,94,7,7,Clothing,Leggings,UPI,,,,,
B-33310,296,225,11,Clothing,Saree,COD,,,,,
B-33311,37,17,3,Clothing,Hankerchief,Debit Card,,,,,
B-33312,291,93,2,Electronics,Printers,COD,,,,,
B-33313,327,-39,1,Electronics,Phones,COD,,,,,
B-33314,291,119,11,Clothing,Saree,COD,,,,,
B-33315,287,-66,6,Clothing,Kurti,COD,,,,,
B-33316,42,15,1,Electronics,Accessories,UPI,,,,,
B-33317,429,61,3,Electronics,Electronic Games,Credit Card,,,,,
B-33318,285,128,2,Electronics,Printers,COD,,,,,
B-33319,277,3,1,Electronics,Electronic Games,COD,,,,,
B-33320,274,-7,4,Electronics,Phones,COD,,,,,
B-33321,273,-87,4,Electronics,Phones,COD,,,,,
B-33322,269,91,1,Electronics,Electronic Games,COD,,,,,
B-33323,11,5,1,Clothing,Skirt,COD,,,,,
B-33324,39,2,2,Clothing,Saree,Debit Card,,,,,
B-33325,264,-26,3,Clothing,Trousers,COD,,,,,
B-33326,40,16,3,Clothing,Hankerchief,Debit Card,,,,,
B-33327,41,19,2,Clothing,T-shirt,Debit Card,,,,,
B-33328,253,-63,2,Clothing,Saree,UPI,,,,,
B-33329,406,97,7,Furniture,Chairs,Credit Card,,,,,
B-33330,32,7,3,Clothing,Hankerchief,COD,,,,,
B-33331,260,68,2,Electronics,Printers,COD,,,,,
B-33332,41,19,5,Clothing,Hankerchief,Debit Card,,,,,
B-33333,401,13,6,Furniture,Chairs,Credit Card,,,,,
B-33334,382,30,3,Clothing,Saree,Credit Card,,,,,
B-33335,867,251,5,Electronics,Phones,COD,,,,,
B-33336,43,0,3,Clothing,Saree,Debit Card,,,,,
B-33337,43,-43,7,Clothing,Stole,Debit Card,,,,,
B-33338,74,29,3,Clothing,Stole,COD,,,,,
B-33339,44,-26,3,Clothing,Hankerchief,Debit Card,,,,,
B-33340,259,-55,2,Furniture,Chairs,COD,,,,,
B-33341,257,23,5,Clothing,Hankerchief,COD,,,,,
B-33342,76,27,5,Clothing,Stole,COD,,,,,
B-33343,44,-32,3,Clothing,Stole,Debit Card,,,,,
B-33344,257,3,2,Clothing,Saree,COD,,,,,
B-33345,255,76,9,Clothing,Hankerchief,COD,,,,,
B-33346,44,14,3,Clothing,Hankerchief,Debit Card,,,,,
B-33347,45,-2,4,Clothing,Shirt,COD,,,,,
B-33348,44,-3,1,Clothing,Saree,Debit Card,,,,,
B-33349,382,119,2,Clothing,Saree,Credit Card,,,,,
B-33350,250,100,3,Clothing,Trousers,COD,,,,,
B-33351,45,-15,2,Furniture,Chairs,COD,,,,,
B-33352,246,61,2,Furniture,Bookcases,COD,,,,,
B-33353,50,25,5,Clothing,Stole,COD,,,,,
B-33354,246,98,5,Clothing,Hankerchief,COD,,,,,
B-33355,44,99,3,Clothing,Kurti,Debit Card,,,,,
B-33356,245,-78,3,Clothing,Saree,COD,,,,,
B-33357,245,30,2,Clothing,Saree,COD,,,,,
B-33358,376,0,7,Clothing,Stole,Credit Card,,,,,
B-33359,45,1,3,Clothing,T-shirt,Debit Card,,,,,
B-33360,45,-28,2,Clothing,Stole,Debit Card,,,,,
B-33361,244,-122,5,Furniture,Furnishings,COD,,,,,
B-33362,244,83,2,Furniture,Bookcases,COD,,,,,
B-33363,10,4,1,Clothing,Kurti,UPI,,,,,
B-33364,375,180,3,Furniture,Bookcases,Credit Card,,,,,
B-33365,46,14,5,Clothing,Skirt,Debit Card,,,,,
B-33366,49,-31,2,Clothing,Stole,UPI,,,,,
B-33367,47,-20,2,Clothing,Kurti,Debit Card,,,,,
B-33368,355,-114,7,Clothing,Stole,Credit Card,,,,,
B-33369,32,8,5,Clothing,Hankerchief,UPI,,,,,
B-33370,243,-14,2,Furniture,Chairs,COD,,,,,
B-33371,241,-77,4,Electronics,Electronic Games,COD,,,,,
B-33372,47,15,5,Clothing,Saree,Debit Card,,,,,
B-33373,50,-10,6,Clothing,Skirt,Debit Card,,,,,
B-33374,15,6,2,Clothing,Hankerchief,COD,,,,,
B-33375,148,24,3,Clothing,Stole,COD,,,,,
B-33376,299,-28,3,Electronics,Electronic Games,UPI,,,,,
B-33377,68,-30,1,Electronics,Phones,UPI,,,,,
B-33378,52,18,5,Clothing,Leggings,Debit Card,,,,,
B-33379,239,-162,5,Furniture,Chairs,COD,,,,,
B-33380,27,6,3,Clothing,Skirt,COD,,,,,
B-33381,238,20,2,Clothing,Saree,COD,,,,,
B-33382,48,16,3,Clothing,Shirt,COD,,,,,
B-33383,66,22,3,Clothing,Stole,UPI,,,,,
B-33384,53,24,1,Clothing,Hankerchief,Debit Card,,,,,
B-33385,233,-10,5,Electronics,Electronic Games,COD,,,,,
B-33386,53,-2,3,Clothing,Saree,Debit Card,,,,,
B-33387,54,8,4,Clothing,T-shirt,Debit Card,,,,,
B-33388,352,-345,5,Clothing,Saree,Credit Card,,,,,
B-33389,349,0,7,Clothing,Stole,Credit Card,,,,,
B-33390,341,-85,6,Clothing,Trousers,Credit Card,,,,,
B-33391,54,12,3,Clothing,Saree,Debit Card,,,,,
B-33392,57,7,2,Clothing,Shirt,UPI,,,,,
B-33393,340,20,7,Clothing,Shirt,Credit Card,,,,,
B-33394,227,48,5,Clothing,Stole,COD,,,,,
B-33395,330,81,1,Furniture,Bookcases,Credit Card,,,,,
B-33396,216,-38,6,Furniture,Furnishings,UPI,,,,,
B-33397,224,-143,3,Furniture,Chairs,COD,,,,,
B-33398,55,-33,2,Furniture,Chairs,Debit Card,,,,,
B-33399,49,21,1,Clothing,Stole,UPI,,,,,
B-33400,224,87,3,Clothing,Trousers,COD,,,,,
B-33401,223,27,2,Furniture,Bookcases,COD,,,,,
B-33402,324,39,8,Electronics,Accessories,Credit Card,,,,,
B-33403,56,18,2,Clothing,Hankerchief,Debit Card,,,,,
B-33404,223,62,7,Clothing,Shirt,COD,,,,,
B-33405,10,2,2,Clothing,Skirt,COD,,,,,
B-33406,57,6,5,Clothing,Leggings,Debit Card,,,,,
B-33407,322,-113,4,Clothing,Saree,Credit Card,,,,,
B-33408,219,4,2,Clothing,Saree,COD,,,,,
B-33409,103,21,7,Clothing,Stole,UPI,,,,,
B-33410,47,-27,4,Clothing,Saree,COD,,,,,
B-33411,219,0,1,Clothing,Saree,COD,,,,,
B-33412,57,-48,6,Clothing,Leggings,Debit Card,,,,,
B-33413,319,102,6,Electronics,Accessories,Credit Card,,,,,
B-33414,315,-8,3,Furniture,Chairs,Credit Card,,,,,
B-33415,314,-41,3,Electronics,Electronic Games,Credit Card,,,,,
B-33416,311,40,1,Electronics,Electronic Games,EMI,,,,,
B-33417,307,74,3,Electronics,Accessories,EMI,,,,,
B-33418,294,109,7,Electronics,Accessories,EMI,,,,,
B-33419,216,-83,3,Electronics,Electronic Games,COD,,,,,
B-33420,58,-42,2,Furniture,Chairs,Debit Card,,,,,
B-33421,48,20,4,Clothing,Stole,UPI,,,,,
B-33422,54,14,3,Clothing,T-shirt,UPI,,,,,
B-33423,216,50,4,Clothing,Stole,COD,,,,,
B-33424,215,-30,2,Clothing,Saree,COD,,,,,
B-33425,43,8,3,Clothing,Leggings,COD,,,,,
B-33426,136,-33,5,Clothing,Saree,COD,,,,,
B-33427,59,-30,3,Clothing,Leggings,Debit Card,,,,,
B-33428,213,4,14,Clothing,Shirt,COD,,,,,
B-33429,59,21,2,Clothing,Stole,Debit Card,,,,,
B-33430,55,3,3,Clothing,T-shirt,COD,,,,,
B-33431,294,62,9,Clothing,T-shirt,EMI,,,,,
B-33432,210,62,2,Electronics,Phones,COD,,,,,
B-33433,59,24,6,Clothing,Kurti,Debit Card,,,,,
B-33434,396,-31,9,Clothing,Saree,COD,,,,,
B-33435,284,45,2,Furniture,Bookcases,EMI,,,,,
B-33436,276,52,5,Clothing,Saree,EMI,,,,,
B-33437,23,2,2,Clothing,Skirt,UPI,,,,,
B-33438,209,-63,4,Electronics,Electronic Games,COD,,,,,
B-33439,50,-28,5,Furniture,Furnishings,COD,,,,,
B-33440,57,27,2,Clothing,Shirt,COD,,,,,
B-33441,276,-21,2,Electronics,Phones,EMI,,,,,
B-33442,268,6,2,Furniture,Bookcases,UPI,,,,,
B-33443,269,111,3,Clothing,Trousers,EMI,,,,,
B-33444,209,2,1,Clothing,Saree,COD,,,,,
B-33445,60,-12,4,Clothing,Hankerchief,Debit Card,,,,,
B-33446,269,-86,2,Electronics,Electronic Games,EMI,,,,,
B-33447,208,-25,2,Clothing,Saree,COD,,,,,
B-33448,27,2,2,Clothing,Leggings,UPI,,,,,
B-33449,206,-206,3,Clothing,Saree,COD,,,,,
B-33450,61,8,4,Clothing,Hankerchief,Debit Card,,,,,
B-33451,212,-24,2,Furniture,Chairs,COD,,,,,
B-33452,262,64,6,Clothing,Saree,EMI,,,,,
B-33453,204,276,3,Furniture,Bookcases,COD,,,,,
B-33454,59,-46,7,Clothing,T-shirt,UPI,,,,,
B-33455,199,-18,2,Clothing,Saree,COD,,,,,
B-33456,59,6,1,Electronics,Accessories,UPI,,,,,
B-33457,45,9,3,Clothing,Leggings,UPI,,,,,
B-33458,211,19,8,Clothing,Stole,COD,,,,,
B-33459,65,-16,2,Electronics,Phones,Debit Card,,,,,
B-33460,25,0,4,Clothing,Skirt,UPI,,,,,
B-33461,196,-7,5,Electronics,Phones,COD,,,,,
B-33462,261,13,6,Clothing,Shirt,Credit Card,,,,,
B-33463,195,-117,5,Electronics,Phones,COD,,,,,
B-33464,192,-146,3,Clothing,Saree,COD,,,,,
B-33465,189,87,7,Clothing,Stole,COD,,,,,
B-33466,32,2,2,Clothing,Kurti,UPI,,,,,
B-33467,188,13,7,Clothing,Shirt,COD,,,,,
B-33468,73,-25,3,Clothing,Saree,COD,,,,,
B-33469,259,47,5,Clothing,Hankerchief,Credit Card,,,,,
B-33470,187,-15,3,Clothing,Trousers,COD,,,,,
B-33471,26,11,2,Clothing,Hankerchief,UPI,,,,,
B-33472,185,-26,6,Furniture,Chairs,COD,,,,,
B-33473,248,8,2,Clothing,Saree,Credit Card,,,,,
B-33474,67,9,4,Clothing,Leggings,Debit Card,,,,,
B-33475,248,-70,3,Furniture,Chairs,Credit Card,,,,,
B-33476,246,61,2,Furniture,Bookcases,Credit Card,,,,,
B-33477,179,-25,5,Clothing,Kurti,COD,,,,,
B-33478,176,-28,5,Furniture,Furnishings,COD,,,,,
B-33479,176,-13,5,Furniture,Furnishings,COD,,,,,
B-33480,68,-62,2,Clothing,Trousers,Debit Card,,,,,
B-33481,176,37,6,Electronics,Accessories,COD,,,,,
B-33482,88,11,7,Clothing,Hankerchief,UPI,,,,,
B-33483,68,20,5,Clothing,Hankerchief,Debit Card,,,,,
B-33484,231,99,2,Electronics,Electronic Games,Credit Card,,,,,
B-33485,62,8,2,Clothing,T-shirt,UPI,,,,,
B-33486,175,77,3,Clothing,Saree,COD,,,,,
B-33487,71,4,5,Clothing,Leggings,Debit Card,,,,,
B-33488,174,-70,3,Electronics,Accessories,COD,,,,,
B-33489,173,69,3,Furniture,Chairs,COD,,,,,
B-33490,171,2,2,Electronics,Electronic Games,COD,,,,,
B-33491,268,-25,3,Clothing,Saree,COD,,,,,
B-33492,71,32,3,Clothing,Saree,Debit Card,,,,,
B-33493,29,10,4,Clothing,Hankerchief,UPI,,,,,
B-33494,65,17,2,Clothing,T-shirt,UPI,,,,,
B-33495,72,-46,7,Clothing,Kurti,Debit Card,,,,,
B-33496,168,-51,2,Furniture,Bookcases,COD,,,,,
B-33497,165,30,3,Clothing,Stole,COD,,,,,
B-33498,74,-59,2,Electronics,Accessories,Debit Card,,,,,
B-33499,89,17,2,Clothing,Stole,UPI,,,,,
B-33500,228,63,3,Electronics,Electronic Games,Credit Card,,,,,
B-33501,119,-24,4,Furniture,Furnishings,COD,,,,,
B-33502,75,-25,3,Clothing,Stole,UPI,,,,,
B-33503,67,20,4,Clothing,T-shirt,UPI,,,,,
B-33504,7,0,1,Clothing,Leggings,COD,,,,,
B-33505,222,35,5,Clothing,Saree,Credit Card,,,,,
B-33506,219,-9,4,Clothing,Saree,Credit Card,,,,,
B-33507,42,-23,2,Furniture,Furnishings,UPI,,,,,
B-33508,216,-135,3,Furniture,Chairs,Credit Card,,,,,
B-33509,47,-21,2,Electronics,Electronic Games,COD,,,,,
B-33510,68,-55,5,Electronics,Accessories,UPI,,,,,
B-33511,74,33,2,Clothing,Shirt,Debit Card,,,,,
B-33512,165,46,3,Furniture,Furnishings,COD,,,,,
B-33513,101,11,2,Clothing,Hankerchief,UPI,,,,,
B-33514,162,73,2,Electronics,Electronic Games,COD,,,,,
B-33515,20,-22,1,Furniture,Furnishings,UPI,,,,,
B-33516,162,55,3,Clothing,Stole,COD,,,,,
B-33517,229,-23,2,Clothing,Saree,UPI,,,,,
B-33518,27,0,2,Clothing,Leggings,COD,,,,,
B-33519,685,7,7,Clothing,Trousers,UPI,,,,,
B-33520,75,2,5,Clothing,Leggings,Debit Card,,,,,
B-33521,161,-229,8,Furniture,Furnishings,COD,,,,,
B-33522,71,19,3,Clothing,T-shirt,COD,,,,,
B-33523,211,-105,2,Clothing,Saree,Credit Card,,,,,
B-33524,79,5,6,Clothing,Hankerchief,Debit Card,,,,,
B-33525,32,-22,5,Clothing,Saree,UPI,,,,,
B-33526,161,40,3,Clothing,Stole,COD,,,,,
B-33527,159,4,1,Clothing,Saree,COD,,,,,
B-33528,210,-50,4,Clothing,Hankerchief,Credit Card,,,,,
B-33529,79,39,2,Clothing,Shirt,Debit Card,,,,,
B-33530,207,153,3,Clothing,Saree,Credit Card,,,,,
B-33531,36,0,4,Clothing,Kurti,COD,,,,,
B-33532,206,12,1,Electronics,Printers,Credit Card,,,,,
B-33533,46,0,4,Clothing,Leggings,COD,,,,,
B-33534,156,23,3,Clothing,Stole,COD,,,,,
B-33535,154,54,3,Clothing,Hankerchief,COD,,,,,
B-33536,36,15,3,Clothing,Stole,UPI,,,,,
B-33537,206,51,4,Clothing,Hankerchief,Credit Card,,,,,
B-33538,200,7,4,Electronics,Electronic Games,Credit Card,,,,,
B-33539,199,-1,1,Clothing,Saree,Credit Card,,,,,
B-33540,154,22,7,Clothing,T-shirt,COD,,,,,
B-33541,152,23,3,Furniture,Furnishings,COD,,,,,
B-33542,152,50,6,Clothing,Stole,COD,,,,,
B-33543,122,-21,3,Furniture,Furnishings,UPI,,,,,
B-33544,149,48,6,Clothing,Stole,COD,,,,,
B-33545,149,-87,4,Clothing,Saree,COD,,,,,
B-33546,197,20,4,Clothing,Kurti,Credit Card,,,,,
B-33547,76,-54,3,Electronics,Electronic Games,COD,,,,,
B-33548,221,-15,2,Electronics,Electronic Games,COD,,,,,
B-33549,79,32,3,Clothing,Saree,Debit Card,,,,,
B-33550,45,12,7,Clothing,Hankerchief,UPI,,,,,
B-33551,149,-1,1,Clothing,Saree,COD,,,,,
B-33552,80,22,3,Clothing,Stole,Debit Card,,,,,
B-33553,195,12,9,Clothing,Shirt,Credit Card,,,,,
B-33554,19,0,3,Clothing,Skirt,UPI,,,,,
B-33555,81,41,3,Clothing,Stole,Debit Card,,,,,
B-33556,83,34,5,Clothing,Shirt,Debit Card,,,,,
B-33557,149,17,4,Furniture,Furnishings,COD,,,,,
B-33558,193,46,1,Electronics,Printers,Credit Card,,,,,
B-33559,85,24,10,Clothing,Hankerchief,Debit Card,,,,,
B-33560,44,-17,5,Clothing,Saree,UPI,,,,,
B-33561,149,-40,2,Electronics,Phones,COD,,,,,
B-33562,26,0,2,Clothing,Kurti,COD,,,,,
B-33563,86,0,4,Clothing,T-shirt,Debit Card,,,,,
B-33564,86,22,2,Clothing,Saree,Debit Card,,,,,
B-33565,79,16,3,Clothing,T-shirt,COD,,,,,
B-33566,193,-275,3,Electronics,Phones,Credit Card,,,,,
B-33567,148,0,3,Clothing,Saree,COD,,,,,
B-33568,70,-14,2,Furniture,Furnishings,UPI,,,,,
B-33569,148,59,3,Clothing,Hankerchief,COD,,,,,
B-33570,190,19,9,Furniture,Furnishings,Credit Card,,,,,
B-33571,52,14,2,Clothing,Stole,COD,,,,,
B-33572,147,44,3,Clothing,Saree,COD,,,,,
B-33573,190,68,8,Clothing,T-shirt,Credit Card,,,,,
B-33574,80,-56,4,Electronics,Electronic Games,UPI,,,,,
B-33575,147,48,3,Clothing,Saree,COD,,,,,
B-33576,66,12,3,Clothing,Stole,COD,,,,,
B-33577,86,8,2,Clothing,Saree,Debit Card,,,,,
B-33578,88,19,2,Clothing,Shirt,Debit Card,,,,,
B-33579,188,-193,2,Electronics,Electronic Games,Credit Card,,,,,
B-33580,89,29,2,Clothing,Stole,UPI,,,,,
B-33581,146,19,5,Clothing,Stole,COD,,,,,
B-33582,143,32,1,Furniture,Bookcases,COD,,,,,
B-33583,25,-1,4,Clothing,Kurti,COD,,,,,
B-33584,30,12,3,Clothing,Skirt,UPI,,,,,
B-33585,140,-58,4,Furniture,Furnishings,COD,,,,,
B-33586,83,-48,1,Furniture,Bookcases,UPI,,,,,
B-33587,140,6,5,Clothing,Saree,COD,,,,,
B-33588,28,14,4,Clothing,Hankerchief,COD,,,,,
B-33589,139,14,3,Clothing,Stole,COD,,,,,
B-33590,30,14,3,Clothing,Hankerchief,UPI,,,,,
B-33591,89,36,3,Clothing,Shirt,UPI,,,,,
B-33592,187,30,4,Electronics,Accessories,Credit Card,,,,,
B-33593,139,21,3,Electronics,Accessories,COD,,,,,
B-33594,437,-14,2,Clothing,Saree,UPI,,,,,
B-33595,138,-3,5,Clothing,Saree,COD,,,,,
B-33596,85,13,2,Clothing,Shirt,UPI,,,,,
B-33597,83,12,3,Clothing,Stole,UPI,,,,,
B-33598,91,22,2,Clothing,Stole,UPI,,,,,
B-33599,137,5,5,Clothing,Shirt,COD,,,,,
B-33600,33,-12,7,Clothing,Saree,UPI,,,,,
B-33601,134,-34,2,Furniture,Chairs,COD,,,,,
B-33602,134,42,2,Furniture,Chairs,COD,,,,,
B-33603,133,-56,2,Furniture,Chairs,COD,,,,,
B-33604,93,-84,3,Clothing,Saree,UPI,,,,,
B-33605,86,-21,1,Electronics,Electronic Games,UPI,,,,,
B-33606,132,54,5,Clothing,Stole,COD,,,,,
B-33607,132,-10,3,Clothing,Saree,COD,,,,,
B-33608,132,-79,5,Furniture,Furnishings,COD,,,,,
B-33609,93,-65,4,Clothing,Stole,UPI,,,,,
B-33610,95,5,2,Clothing,Stole,UPI,,,,,
B-33611,97,12,2,Clothing,Hankerchief,UPI,,,,,
B-33612,131,-154,8,Furniture,Furnishings,COD,,,,,
B-33613,97,29,2,Clothing,Hankerchief,UPI,,,,,
B-33614,128,4,3,Clothing,Saree,COD,,,,,
B-33615,186,241,9,Clothing,Shirt,Credit Card,,,,,
B-33616,128,47,4,Clothing,Hankerchief,COD,,,,,
B-33617,185,48,4,Clothing,Stole,Credit Card,,,,,
B-33618,29,10,2,Clothing,Stole,COD,,,,,
B-33619,127,29,3,Furniture,Furnishings,COD,,,,,
B-33620,97,36,7,Clothing,Hankerchief,UPI,,,,,
B-33621,125,0,3,Electronics,Accessories,COD,,,,,
B-33622,299,-8,2,Clothing,Saree,COD,,,,,
B-33623,124,54,5,Clothing,T-shirt,COD,,,,,
B-33624,90,17,3,Clothing,Shirt,COD,,,,,
B-33625,122,11,4,Clothing,Hankerchief,COD,,,,,
B-33626,122,-66,9,Electronics,Accessories,COD,,,,,
B-33627,90,30,2,Furniture,Chairs,UPI,,,,,
B-33628,182,-11,3,Furniture,Bookcases,Credit Card,,,,,
B-33629,122,59,7,Furniture,Furnishings,COD,,,,,
B-33630,121,19,4,Clothing,Stole,COD,,,,,
B-33631,120,1,1,Furniture,Chairs,COD,,,,,
B-33632,120,23,5,Clothing,Stole,COD,,,,,
B-33633,34,-11,5,Clothing,T-shirt,COD,,,,,
B-33634,117,17,6,Clothing,Kurti,COD,,,,,
B-33635,38,9,2,Clothing,Stole,COD,,,,,
B-33636,117,-6,3,Electronics,Phones,COD,,,,,
B-33637,180,54,4,Clothing,T-shirt,Credit Card,,,,,
B-33638,99,-5,1,Clothing,Saree,UPI,,,,,
B-33639,172,-103,3,Furniture,Chairs,EMI,,,,,
B-33640,116,16,4,Clothing,Stole,COD,,,,,
B-33641,116,-4,1,Clothing,Saree,COD,,,,,
B-33642,171,68,7,Clothing,Stole,EMI,,,,,
B-33643,46,14,5,Clothing,Skirt,COD,,,,,
B-33644,115,-39,3,Clothing,Trousers,COD,,,,,
B-33645,100,7,2,Clothing,T-shirt,UPI,,,,,
B-33646,44,8,2,Clothing,Stole,COD,,,,,
B-33647,139,14,3,Clothing,Kurti,COD,,,,,
B-33648,171,-140,2,Furniture,Bookcases,EMI,,,,,
B-33649,100,12,2,Clothing,T-shirt,UPI,,,,,
B-33650,115,25,6,Clothing,Stole,COD,,,,,
B-33651,168,-9,3,Clothing,Saree,COD,,,,,
B-33652,115,47,2,Electronics,Accessories,COD,,,,,
B-33653,168,-111,2,Electronics,Phones,EMI,,,,,
B-33654,31,-7,5,Clothing,Skirt,UPI,,,,,
B-33655,114,41,6,Furniture,Furnishings,COD,,,,,
B-33656,111,9,4,Clothing,Stole,COD,,,,,
B-33657,11,-8,2,Clothing,Skirt,UPI,,,,,
B-33658,110,35,1,Furniture,Furnishings,COD,,,,,
B-33659,59,15,2,Clothing,T-shirt,UPI,,,,,
B-33660,166,27,2,Electronics,Accessories,EMI,,,,,
B-33661,109,-6,6,Clothing,Saree,COD,,,,,
B-33662,34,-6,4,Clothing,Leggings,COD,,,,,
B-33663,109,40,1,Furniture,Furnishings,COD,,,,,
B-33664,108,22,3,Electronics,Accessories,COD,,,,,
B-33665,103,50,2,Furniture,Furnishings,UPI,,,,,
B-33666,10,-8,2,Clothing,Skirt,COD,,,,,
B-33667,90,17,3,Clothing,Hankerchief,COD,,,,,
B-33668,105,46,2,Clothing,Stole,UPI,,,,,
B-33669,105,20,2,Clothing,Stole,Debit Card,,,,,
B-33670,22,-6,1,Furniture,Furnishings,COD,,,,,
B-33671,105,-33,5,Clothing,Kurti,COD,,,,,
B-33672,105,25,2,Clothing,Hankerchief,EMI,,,,,
B-33673,25,-7,5,Clothing,Saree,UPI,,,,,
B-33674,104,2,2,Furniture,Furnishings,COD,,,,,
B-33675,16,5,1,Clothing,Stole,UPI,,,,,
B-33676,64,-7,3,Clothing,Saree,COD,,,,,
B-33677,38,-6,2,Furniture,Furnishings,UPI,,,,,
B-33678,83,12,2,Furniture,Chairs,COD,,,,,
B-33679,103,36,2,Clothing,Hankerchief,COD,,,,,
B-33680,37,-6,1,Clothing,Saree,UPI,,,,,
B-33681,105,33,6,Clothing,Saree,EMI,,,,,
B-33682,78,-6,2,Furniture,Furnishings,UPI,,,,,
B-33683,102,-90,1,Clothing,Saree,COD,,,,,
B-33684,102,11,6,Clothing,T-shirt,COD,,,,,
B-33685,10,-8,1,Clothing,Kurti,UPI,,,,,
B-33686,101,18,9,Clothing,Skirt,COD,,,,,
B-33687,42,-6,4,Clothing,Saree,UPI,,,,,
B-33688,56,18,2,Clothing,Hankerchief,UPI,,,,,
B-33689,95,5,2,Clothing,Stole,COD,,,,,
B-33690,159,2,3,Furniture,Furnishings,EMI,,,,,
B-33691,158,69,3,Clothing,Stole,EMI,,,,,
B-33692,106,0,2,Electronics,Phones,EMI,,,,,
B-33693,101,16,4,Clothing,T-shirt,COD,,,,,
B-33694,107,37,3,Clothing,Shirt,COD,,,,,
B-33695,156,36,5,Clothing,T-shirt,EMI,,,,,
B-33696,108,-19,3,Electronics,Electronic Games,UPI,,,,,
B-33697,107,-54,4,Clothing,Stole,EMI,,,,,
B-33698,100,-58,4,Clothing,Hankerchief,COD,,,,,
B-33699,108,26,4,Clothing,Shirt,UPI,,,,,
B-33700,100,6,4,Clothing,Stole,COD,,,,,
B-33701,100,-23,1,Electronics,Phones,COD,,,,,
B-33702,43,17,2,Clothing,T-shirt,UPI,,,,,
B-33703,155,26,3,Clothing,Stole,EMI,,,,,
B-33704,151,9,3,Clothing,Hankerchief,EMI,,,,,
B-33705,151,29,5,Clothing,Hankerchief,EMI,,,,,
B-33706,110,-68,4,Clothing,Saree,EMI,,,,,
B-33707,98,9,2,Furniture,Furnishings,COD,,,,,
B-33708,97,-62,2,Clothing,Trousers,COD,,,,,
B-33709,111,35,5,Clothing,Shirt,COD,,,,,
B-33710,45,17,1,Electronics,Accessories,COD,,,,,
B-33711,112,15,2,Furniture,Chairs,COD,,,,,
B-33712,110,20,5,Clothing,Stole,Debit Card,,,,,
B-33713,98,-5,2,Clothing,Saree,UPI,,,,,
B-33714,110,12,7,Clothing,Stole,Debit Card,,,,,
B-33715,95,11,4,Furniture,Furnishings,COD,,,,,
B-33716,1228,14,3,Furniture,Chairs,UPI,,,,,
B-33717,29,0,3,Furniture,Furnishings,COD,,,,,
B-33718,94,27,2,Clothing,T-shirt,COD,,,,,
B-33719,115,25,1,Electronics,Accessories,COD,,,,,
B-33720,149,15,3,Clothing,Saree,EMI,,,,,
B-33721,148,23,4,Clothing,Kurti,EMI,,,,,
B-33722,93,15,2,Electronics,Accessories,COD,,,,,
B-33723,113,24,4,Clothing,Hankerchief,Debit Card,,,,,
B-33724,48,2,3,Clothing,Stole,COD,,,,,
B-33725,148,9,1,Electronics,Electronic Games,UPI,,,,,
B-33726,114,11,4,Clothing,T-shirt,Debit Card,,,,,
B-33727,92,42,2,Clothing,Stole,COD,,,,,
B-33728,117,14,3,Clothing,Shirt,UPI,,,,,
B-33729,21,-10,4,Clothing,Leggings,COD,,,,,
B-33730,33,-10,6,Clothing,Leggings,UPI,,,,,
B-33731,114,8,3,Electronics,Accessories,Debit Card,,,,,
B-33732,115,0,1,Electronics,Accessories,Debit Card,,,,,
B-33733,90,29,5,Clothing,T-shirt,COD,,,,,
B-33734,61,1,2,Furniture,Furnishings,COD,,,,,
B-33735,119,1,1,Furniture,Chairs,COD,,,,,
B-33736,117,36,2,Clothing,Trousers,Debit Card,,,,,
B-33737,148,54,2,Furniture,Chairs,UPI,,,,,
B-33738,249,-5,4,Clothing,Saree,COD,,,,,
B-33739,147,73,3,Clothing,Stole,UPI,,,,,
B-33740,118,35,7,Clothing,T-shirt,EMI,,,,,
B-33741,119,56,7,Clothing,Saree,EMI,,,,,
B-33742,90,27,2,Clothing,T-shirt,COD,,,,,
B-33743,32,1,2,Clothing,Stole,COD,,,,,
B-33744,89,-89,2,Furniture,Furnishings,COD,,,,,
B-33745,146,66,1,Electronics,Phones,UPI,,,,,
B-33746,89,-37,4,Clothing,Shirt,COD,,,,,
B-33747,88,11,3,Electronics,Accessories,COD,,,,,
B-33748,121,41,4,Clothing,Stole,EMI,,,,,
B-33749,88,20,2,Clothing,Saree,COD,,,,,
B-33750,87,-83,5,Clothing,Kurti,COD,,,,,
B-33751,87,4,2,Clothing,Shirt,COD,,,,,
B-33752,122,15,3,Electronics,Accessories,EMI,,,,,
B-33753,87,10,3,Clothing,Stole,COD,,,,,
B-33754,53,8,3,Furniture,Furnishings,UPI,,,,,
B-33755,87,-32,9,Clothing,Skirt,COD,,,,,
B-33756,86,-55,6,Clothing,Saree,COD,,,,,
B-33757,125,22,3,Clothing,Stole,EMI,,,,,
B-33758,128,-3,3,Clothing,Saree,Debit Card,,,,,
B-33759,143,-124,5,Clothing,Saree,UPI,,,,,
B-33760,86,22,2,Clothing,Saree,COD,,,,,
B-33761,86,9,3,Clothing,Saree,COD,,,,,
B-33762,85,-9,4,Clothing,Saree,COD,,,,,
B-33763,129,-75,5,Clothing,Shirt,Debit Card,,,,,
B-33764,84,-42,2,Electronics,Accessories,COD,,,,,
B-33765,83,-81,3,Furniture,Chairs,COD,,,,,
B-33766,143,6,2,Electronics,Accessories,UPI,,,,,
B-33767,336,123,3,Electronics,Phones,UPI,,,,,
B-33768,323,122,5,Electronics,Phones,UPI,,,,,
B-33769,130,61,3,Clothing,Shirt,Debit Card,,,,,
B-33770,152,-3,5,Clothing,Saree,COD,,,,,
B-33771,25,10,1,Furniture,Furnishings,UPI,,,,,
B-33772,140,15,5,Clothing,Stole,UPI,,,,,
B-33773,45,0,2,Clothing,Stole,UPI,,,,,
B-33774,132,49,3,Clothing,Shirt,COD,,,,,
B-33775,133,12,5,Clothing,Stole,Debit Card,,,,,
B-33776,82,13,2,Clothing,Shirt,COD,,,,,
B-33777,140,56,4,Clothing,Shirt,UPI,,,,,
B-33778,81,19,7,Clothing,Hankerchief,COD,,,,,
B-33779,137,38,5,Clothing,Hankerchief,Debit Card,,,,,
B-33780,137,-41,3,Electronics,Phones,Debit Card,,,,,
B-33781,140,57,2,Clothing,Trousers,Debit Card,,,,,
B-33782,139,30,3,Clothing,Shirt,UPI,,,,,
B-33783,138,11,5,Clothing,Stole,UPI,,,,,
B-33784,79,-124,9,Clothing,Skirt,COD,,,,,
B-33785,136,41,3,Electronics,Accessories,UPI,,,,,
B-33786,145,16,3,Clothing,T-shirt,Debit Card,,,,,
B-33787,44,20,2,Clothing,T-shirt,UPI,,,,,
B-33788,79,6,7,Clothing,Saree,COD,,,,,
B-33789,79,36,4,Clothing,Shirt,COD,,,,,
B-33790,134,-13,3,Electronics,Electronic Games,UPI,,,,,
B-33791,133,5,5,Clothing,Stole,UPI,,,,,
B-33792,47,20,7,Clothing,Hankerchief,UPI,,,,,
B-33793,133,-42,1,Electronics,Printers,UPI,,,,,
B-33794,78,27,3,Clothing,Stole,COD,,,,,
B-33795,78,7,1,Furniture,Chairs,COD,,,,,
B-33796,76,-92,8,Furniture,Furnishings,COD,,,,,
B-33797,76,-50,1,Clothing,Saree,COD,,,,,
B-33798,76,19,3,Clothing,Hankerchief,COD,,,,,
B-33799,74,29,3,Clothing,Stole,COD,,,,,
B-33800,74,-25,3,Clothing,Stole,COD,,,,,
B-33801,146,-63,3,Electronics,Electronic Games,Debit Card,,,,,
B-33802,73,-31,1,Furniture,Bookcases,COD,,,,,
B-33803,80,22,3,Clothing,Stole,UPI,,,,,
B-33804,133,46,5,Clothing,Shirt,EMI,,,,,
B-33805,146,7,2,Electronics,Phones,Debit Card,,,,,
B-33806,130,-41,4,Clothing,Saree,EMI,,,,,
B-33807,141,41,3,Clothing,Shirt,UPI,,,,,
B-33808,147,21,3,Furniture,Furnishings,Debit Card,,,,,
B-33809,73,-7,1,Electronics,Phones,COD,,,,,
B-33810,148,72,7,Clothing,T-shirt,Debit Card,,,,,
B-33811,58,0,4,Clothing,Saree,UPI,,,,,
B-33812,21,-13,3,Clothing,Leggings,UPI,,,,,
B-33813,148,25,3,Clothing,Saree,Debit Card,,,,,
B-33814,144,-7,4,Electronics,Electronic Games,COD,,,,,
B-33815,145,-104,5,Furniture,Chairs,UPI,,,,,
B-33816,72,-49,1,Electronics,Phones,COD,,,,,
B-33817,125,15,5,Clothing,Shirt,EMI,,,,,
B-33818,149,15,3,Clothing,Saree,Debit Card,,,,,
B-33819,72,16,2,Clothing,Shirt,COD,,,,,
B-33820,71,0,8,Clothing,Skirt,COD,,,,,
B-33821,71,-14,4,Furniture,Furnishings,COD,,,,,
B-33822,154,-85,3,Furniture,Chairs,EMI,,,,,
B-33823,191,13,8,Furniture,Furnishings,COD,,,,,
B-33824,170,19,5,Clothing,T-shirt,UPI,,,,,
B-33825,47,-3,2,Clothing,Stole,UPI,,,,,
B-33826,122,-47,4,Clothing,Saree,EMI,,,,,
B-33827,70,26,5,Clothing,Hankerchief,COD,,,,,
B-33828,155,5,3,Clothing,Stole,EMI,,,,,
B-33829,67,-86,9,Furniture,Furnishings,COD,,,,,
B-33830,67,-42,3,Clothing,Stole,COD,,,,,
B-33831,148,-101,2,Furniture,Bookcases,UPI,,,,,
B-33832,122,38,6,Clothing,T-shirt,Credit Card,,,,,
B-33833,16,-5,2,Clothing,Stole,UPI,,,,,
B-33834,121,-17,3,Furniture,Furnishings,Credit Card,,,,,
B-33835,42,-15,12,Clothing,Skirt,UPI,,,,,
B-33836,65,-4,6,Clothing,Hankerchief,COD,,,,,
B-33837,119,-43,7,Clothing,Kurti,Credit Card,,,,,
B-33838,155,56,3,Furniture,Furnishings,EMI,,,,,
B-33839,119,-5,8,Clothing,Saree,Credit Card,,,,,
B-33840,118,25,4,Clothing,Hankerchief,Credit Card,,,,,
B-33841,116,22,1,Electronics,Accessories,Credit Card,,,,,
B-33842,158,-29,10,Clothing,Hankerchief,EMI,,,,,
B-33843,158,69,3,Clothing,Stole,EMI,,,,,
B-33844,65,-52,3,Electronics,Accessories,COD,,,,,
B-33845,160,-59,2,Clothing,Saree,EMI,,,,,
B-33846,162,20,3,Furniture,Chairs,EMI,,,,,
B-33847,63,1,4,Clothing,T-shirt,COD,,,,,
B-33848,64,27,5,Clothing,Hankerchief,UPI,,,,,
B-33849,166,-113,4,Electronics,Accessories,EMI,,,,,
B-33850,167,43,7,Clothing,T-shirt,EMI,,,,,
B-33851,123,17,3,Furniture,Furnishings,COD,,,,,
B-33852,63,14,2,Clothing,Shirt,COD,,,,,
B-33853,891,0,5,Clothing,Saree,COD,,,,,
B-33854,75,28,9,Clothing,Hankerchief,UPI,,,,,
B-33855,62,6,5,Clothing,Hankerchief,COD,,,,,
B-33856,29,-18,7,Clothing,Skirt,UPI,,,,,
B-33857,168,18,6,Clothing,Stole,Debit Card,,,,,
B-33858,70,24,3,Clothing,Stole,UPI,,,,,
B-33859,169,55,4,Clothing,Saree,Debit Card,,,,,
B-33860,32,-8,2,Clothing,Stole,COD,,,,,
B-33861,44,-8,3,Clothing,Stole,UPI,,,,,
B-33862,116,-56,5,Clothing,Stole,Credit Card,,,,,
B-33863,156,21,3,Furniture,Chairs,COD,,,,,
B-33864,62,6,6,Clothing,Skirt,COD,,,,,
B-33865,54,1,2,Clothing,Saree,UPI,,,,,
B-33866,111,11,9,Clothing,Hankerchief,Credit Card,,,,,
B-33867,158,-63,4,Furniture,Chairs,UPI,,,,,
B-33868,7,-3,2,Clothing,Skirt,UPI,,,,,
B-33869,61,28,2,Clothing,Hankerchief,UPI,,,,,
B-33870,61,-50,4,Clothing,Hankerchief,COD,,,,,
B-33871,154,26,4,Electronics,Accessories,COD,,,,,
B-33872,62,1,3,Clothing,Saree,COD,,,,,
B-33873,169,38,3,Clothing,Saree,Debit Card,,,,,
B-33874,61,18,2,Electronics,Accessories,COD,,,,,
B-33875,61,-23,2,Clothing,Saree,COD,,,,,
B-33876,171,14,9,Clothing,Shirt,Debit Card,,,,,
B-33877,60,-49,8,Clothing,Hankerchief,COD,,,,,
B-33878,25,-11,1,Clothing,Stole,UPI,,,,,
B-33879,163,26,4,Clothing,Shirt,COD,,,,,
B-33880,173,86,1,Electronics,Printers,Debit Card,,,,,
B-33881,257,-3,2,Furniture,Bookcases,UPI,,,,,
B-33882,108,37,2,Clothing,Stole,Credit Card,,,,,
B-33883,177,41,4,Clothing,Shirt,Debit Card,,,,,
B-33884,106,15,7,Clothing,Hankerchief,Credit Card,,,,,
B-33885,41,-14,5,Clothing,Leggings,UPI,,,,,
B-33886,168,-10,3,Electronics,Accessories,UPI,,,,,
B-33887,60,21,4,Clothing,Stole,COD,,,,,
B-33888,31,-11,4,Clothing,Stole,COD,,,,,
B-33889,179,0,2,Clothing,Saree,Debit Card,,,,,
B-33890,106,12,3,Clothing,Trousers,Credit Card,,,,,
B-33891,60,13,2,Clothing,T-shirt,COD,,,,,
B-33892,180,5,3,Clothing,Trousers,Debit Card,,,,,
B-33893,60,-10,2,Furniture,Furnishings,COD,,,,,
B-33894,59,25,3,Clothing,Stole,COD,,,,,
B-33895,170,73,2,Electronics,Accessories,UPI,,,,,
B-33896,59,10,2,Clothing,Hankerchief,COD,,,,,
B-33897,24,-21,7,Clothing,Skirt,COD,,,,,
B-33898,105,-26,8,Clothing,Leggings,Credit Card,,,,,
B-33899,103,46,2,Clothing,Saree,Credit Card,,,,,
B-33900,171,17,6,Clothing,T-shirt,UPI,,,,,
B-33901,102,13,2,Clothing,Stole,Credit Card,,,,,
B-33902,98,12,2,Clothing,Hankerchief,Credit Card,,,,,
B-33903,59,10,4,Clothing,Leggings,COD,,,,,
B-33904,189,60,4,Furniture,Furnishings,Debit Card,,,,,
B-33905,58,-52,3,Furniture,Chairs,COD,,,,,
B-33906,60,3,3,Clothing,Saree,UPI,,,,,
B-33907,58,-8,2,Clothing,Saree,COD,,,,,
B-33908,94,20,2,Furniture,Furnishings,UPI,,,,,
B-33909,193,-166,3,Clothing,Saree,EMI,,,,,
B-33910,199,0,4,Clothing,Stole,EMI,,,,,
B-33911,202,89,9,Clothing,T-shirt,EMI,,,,,
B-33912,58,17,2,Clothing,Hankerchief,COD,,,,,
B-33913,57,-28,2,Clothing,Kurti,COD,,,,,
B-33914,204,-94,4,Clothing,Hankerchief,EMI,,,,,
B-33915,98,-12,2,Electronics,Electronic Games,Credit Card,,,,,
B-33916,22,-12,3,Clothing,Stole,COD,,,,,
B-33917,97,17,2,Clothing,Stole,Credit Card,,,,,
B-33918,57,24,5,Clothing,Leggings,COD,,,,,
B-33919,97,14,2,Clothing,T-shirt,Credit Card,,,,,
B-33920,97,17,2,Clothing,Stole,Credit Card,,,,,
B-33921,96,22,5,Clothing,Stole,Credit Card,,,,,
B-33922,94,27,2,Clothing,Shirt,Credit Card,,,,,
B-33923,26,-17,1,Clothing,Stole,COD,,,,,
B-33924,93,44,2,Clothing,Stole,Credit Card,,,,,
B-33925,93,-65,4,Clothing,Stole,Credit Card,,,,,
B-33926,92,5,6,Clothing,Hankerchief,Credit Card,,,,,
B-33927,57,27,2,Clothing,T-shirt,COD,,,,,
B-33928,57,7,3,Furniture,Furnishings,COD,,,,,
B-33929,57,21,4,Clothing,Leggings,COD,,,,,
B-33930,128,4,3,Clothing,Saree,COD,,,,,
B-33931,89,-4,5,Clothing,Saree,Credit Card,,,,,
B-33932,221,26,7,Furniture,Furnishings,COD,,,,,
B-33933,205,-119,3,Clothing,Saree,Debit Card,,,,,
B-33934,191,51,5,Clothing,Shirt,UPI,,,,,
B-33935,206,18,4,Clothing,Hankerchief,Debit Card,,,,,
B-33936,56,0,4,Clothing,Hankerchief,COD,,,,,
B-33937,88,16,4,Clothing,Stole,Credit Card,,,,,
B-33938,224,58,3,Electronics,Phones,UPI,,,,,
B-33939,193,8,4,Clothing,T-shirt,UPI,,,,,
B-33940,87,36,5,Clothing,Stole,Credit Card,,,,,
B-33941,189,4,1,Clothing,Saree,UPI,,,,,
B-33942,55,-33,2,Furniture,Chairs,COD,,,,,
B-33943,85,-1,3,Clothing,Saree,Credit Card,,,,,
B-33944,252,56,2,Electronics,Phones,UPI,,,,,
B-33945,197,73,1,Furniture,Bookcases,COD,,,,,
B-33946,17,-3,2,Clothing,Stole,UPI,,,,,
B-33947,100,28,2,Clothing,Hankerchief,UPI,,,,,
B-33948,80,-19,5,Clothing,Stole,UPI,,,,,
B-33949,75,29,1,Clothing,Trousers,UPI,,,,,
B-33950,26,4,2,Clothing,Saree,UPI,,,,,
B-33951,55,12,5,Clothing,Skirt,COD,,,,,
B-33952,157,5,9,Clothing,Saree,UPI,,,,,
B-33953,200,-60,4,Furniture,Bookcases,UPI,,,,,
B-33954,230,5,2,Clothing,Saree,UPI,,,,,
B-33955,213,-145,3,Furniture,Bookcases,Debit Card,,,,,
B-33956,55,4,2,Clothing,Stole,COD,,,,,
B-33957,220,-19,2,Clothing,Saree,Debit Card,,,,,
B-33958,150,32,3,Clothing,Hankerchief,COD,,,,,
B-33959,203,84,2,Electronics,Printers,UPI,,,,,
B-33960,93,31,3,Electronics,Accessories,UPI,,,,,
B-33961,290,35,6,Clothing,Hankerchief,COD,,,,,
B-33962,48,6,1,Clothing,Saree,COD,,,,,
B-33963,221,35,4,Electronics,Accessories,Debit Card,,,,,
B-33964,55,18,2,Clothing,Kurti,COD,,,,,
B-33965,227,102,8,Electronics,Accessories,Debit Card,,,,,
B-33966,55,-39,4,Clothing,Stole,COD,,,,,
B-33967,207,33,2,Electronics,Accessories,UPI,,,,,
B-33968,64,6,4,Clothing,Saree,COD,,,,,
B-33969,89,6,5,Clothing,Saree,COD,,,,,
B-33970,54,27,2,Clothing,Stole,COD,,,,,
B-33971,84,41,3,Clothing,T-shirt,Credit Card,,,,,
B-33972,209,-21,2,Electronics,Electronic Games,UPI,,,,,
B-33973,79,33,4,Clothing,Stole,UPI,,,,,
B-33974,54,8,4,Clothing,T-shirt,COD,,,,,
B-33975,229,59,9,Clothing,Saree,Debit Card,,,,,
B-33976,158,38,3,Clothing,Hankerchief,UPI,,,,,
B-33977,248,105,2,Electronics,Phones,Debit Card,,,,,
B-33978,199,6,2,Clothing,Saree,UPI,,,,,
B-33979,253,-11,1,Clothing,Trousers,Debit Card,,,,,
B-33980,257,-252,4,Clothing,Saree,Debit Card,,,,,
B-33981,193,33,5,Electronics,Accessories,COD,,,,,
B-33982,109,35,6,Clothing,T-shirt,COD,,,,,
B-33983,214,30,3,Electronics,Accessories,COD,,,,,
B-33984,141,7,7,Clothing,Saree,COD,,,,,
B-33985,201,32,4,Furniture,Furnishings,UPI,,,,,
B-33986,54,12,4,Clothing,Shirt,COD,,,,,
B-33987,83,6,6,Clothing,Shirt,EMI,,,,,
B-33988,54,-3,3,Clothing,Saree,COD,,,,,
B-33989,53,5,3,Clothing,T-shirt,COD,,,,,
B-33990,258,-27,2,Electronics,Phones,Debit Card,,,,,
B-33991,199,8,2,Clothing,Saree,COD,,,,,
B-33992,82,-27,3,Clothing,Kurti,EMI,,,,,
B-33993,139,36,3,Clothing,Stole,COD,,,,,
B-33994,53,15,2,Clothing,Stole,COD,,,,,
B-33995,53,1,4,Clothing,Stole,COD,,,,,
B-33996,101,38,2,Furniture,Furnishings,COD,,,,,
B-33997,262,215,2,Electronics,Printers,Debit Card,,,,,
B-33998,82,-39,5,Clothing,T-shirt,EMI,,,,,
B-33999,154,39,3,Clothing,Hankerchief,COD,,,,,
B-34000,52,18,2,Clothing,Stole,COD,,,,,
B-34001,1599,37,6,Electronics,Electronic Games,UPI,,,,,
B-34002,338,41,7,Clothing,Hankerchief,UPI,,,,,
B-34003,51,-49,2,Electronics,Electronic Games,COD,,,,,
B-34004,224,-81,3,Furniture,Chairs,COD,,,,,
B-34005,207,37,4,Clothing,Hankerchief,COD,,,,,
B-34006,51,14,2,Clothing,Stole,COD,,,,,
B-34007,82,8,3,Electronics,Accessories,EMI,,,,,
B-34008,50,-17,2,Clothing,Stole,COD,,,,,
B-34009,263,-31,9,Electronics,Electronic Games,Debit Card,,,,,
B-34010,50,7,6,Clothing,Skirt,COD,,,,,
B-34011,245,-3,4,Electronics,Phones,UPI,,,,,
B-34012,82,24,6,Clothing,Hankerchief,EMI,,,,,
B-34013,229,-41,8,Electronics,Accessories,COD,,,,,
B-34014,50,14,1,Electronics,Electronic Games,COD,,,,,
B-34015,220,40,2,Electronics,Accessories,COD,,,,,
B-34016,263,-63,2,Electronics,Electronic Games,Debit Card,,,,,
B-34017,81,-41,5,Clothing,Leggings,EMI,,,,,
B-34018,50,-17,2,Clothing,Stole,COD,,,,,
B-34019,49,5,4,Clothing,Hankerchief,COD,,,,,
B-34020,237,47,9,Clothing,T-shirt,UPI,,,,,
B-34021,264,-30,3,Furniture,Furnishings,Debit Card,,,,,
B-34022,49,3,1,Clothing,Shirt,COD,,,,,
B-34023,63,-24,6,Clothing,Kurti,COD,,,,,
B-34024,81,-51,7,Clothing,Stole,EMI,,,,,
B-34025,264,71,10,Furniture,Furnishings,Debit Card,,,,,
B-34026,48,11,2,Clothing,Shirt,COD,,,,,
B-34027,48,15,1,Clothing,Hankerchief,COD,,,,,
B-34028,245,-78,2,Electronics,Printers,UPI,,,,,
B-34029,146,42,5,Clothing,Hankerchief,UPI,,,,,
B-34030,245,10,2,Furniture,Bookcases,COD,,,,,
B-34031,245,91,2,Furniture,Bookcases,UPI,,,,,
B-34032,80,3,3,Clothing,Stole,EMI,,,,,
B-34033,269,33,5,Furniture,Chairs,Debit Card,,,,,
B-34034,80,22,3,Clothing,Stole,EMI,,,,,
B-34035,284,44,6,Clothing,Hankerchief,COD,,,,,
B-34036,313,44,3,Electronics,Electronic Games,COD,,,,,
B-34037,80,-26,9,Clothing,Skirt,EMI,,,,,
B-34038,48,-8,8,Clothing,Stole,COD,,,,,
B-34039,87,16,2,Clothing,Saree,UPI,,,,,
B-34040,47,-114,5,Furniture,Furnishings,COD,,,,,
B-34041,140,28,2,Electronics,Phones,COD,,,,,
B-34042,47,1,2,Clothing,Stole,COD,,,,,
B-34043,79,-2,2,Furniture,Furnishings,EMI,,,,,
B-34044,78,-64,7,Clothing,Stole,EMI,,,,,
B-34045,47,-3,2,Clothing,Stole,COD,,,,,
B-34046,185,48,4,Clothing,Stole,UPI,,,,,
B-34047,77,36,2,Clothing,Shirt,EMI,,,,,
B-34048,259,47,5,Clothing,Hankerchief,UPI,,,,,
B-34049,75,0,7,Clothing,Saree,EMI,,,,,
B-34050,75,0,3,Clothing,Shirt,EMI,,,,,
B-34051,46,0,4,Clothing,Leggings,COD,,,,,
B-34052,46,13,3,Clothing,Hankerchief,COD,,,,,
B-34053,200,13,5,Electronics,Phones,COD,,,,,
B-34054,46,-14,1,Electronics,Phones,COD,,,,,
B-34055,126,52,4,Clothing,Hankerchief,UPI,,,,,
B-34056,74,29,3,Clothing,Stole,EMI,,,,,
B-34057,45,13,4,Clothing,Skirt,COD,,,,,
B-34058,74,9,3,Clothing,Shirt,UPI,,,,,
B-34059,129,11,2,Electronics,Phones,UPI,,,,,
B-34060,122,50,7,Clothing,Stole,UPI,,,,,
B-34061,74,-51,3,Clothing,Stole,UPI,,,,,
B-34062,278,39,5,Furniture,Chairs,Debit Card,,,,,
B-34063,282,14,4,Clothing,Trousers,Debit Card,,,,,
B-34064,45,0,2,Clothing,T-shirt,COD,,,,,
B-34065,45,6,3,Clothing,Shirt,COD,,,,,
B-34066,45,16,3,Clothing,Stole,COD,,,,,
B-34067,73,-36,3,Furniture,Chairs,UPI,,,,,
B-34068,45,12,4,Clothing,Hankerchief,COD,,,,,
B-34069,72,-6,3,Clothing,Saree,UPI,,,,,
B-34070,71,-44,5,Electronics,Accessories,UPI,,,,,
B-34071,45,-2,4,Clothing,Shirt,COD,,,,,
B-34072,286,140,6,Clothing,Shirt,Debit Card,,,,,
B-34073,294,138,2,Electronics,Printers,Debit Card,,,,,
B-34074,223,4,3,Electronics,Phones,COD,,,,,
B-34075,20,-2,1,Electronics,Accessories,UPI,,,,,
B-34076,302,75,6,Furniture,Furnishings,Debit Card,,,,,
B-34077,113,28,2,Clothing,Saree,UPI,,,,,
B-34078,44,2,3,Clothing,Hankerchief,COD,,,,,
B-34079,305,-270,5,Electronics,Electronic Games,Debit Card,,,,,
B-34080,306,-147,3,Clothing,Saree,Debit Card,,,,,
B-34081,70,-64,5,Clothing,Stole,UPI,,,,,
B-34082,44,11,4,Clothing,Stole,COD,,,,,
B-34083,44,14,3,Clothing,Hankerchief,COD,,,,,
B-34084,319,312,5,Clothing,Saree,Debit Card,,,,,
B-34085,287,-280,12,Furniture,Chairs,UPI,,,,,
B-34086,44,10,3,Clothing,Stole,COD,,,,,
B-34087,288,-180,4,Furniture,Chairs,COD,,,,,
B-34088,49,-31,2,Clothing,Stole,COD,,,,,
B-34089,43,-10,4,Clothing,Skirt,COD,,,,,
B-34090,43,5,3,Clothing,Stole,COD,,,,,
B-34091,68,-27,3,Electronics,Accessories,UPI,,,,,
B-34092,320,144,1,Electronics,Printers,Debit Card,,,,,
B-34093,67,2,4,Clothing,T-shirt,UPI,,,,,
B-34094,66,-12,5,Clothing,Stole,UPI,,,,,
B-34095,321,26,3,Electronics,Printers,Debit Card,,,,,
B-34096,43,-5,2,Clothing,Saree,COD,,,,,
B-34097,114,-39,5,Clothing,Kurti,COD,,,,,
B-34098,43,17,1,Clothing,Saree,COD,,,,,
B-34099,43,21,3,Clothing,Shirt,COD,,,,,
B-34100,637,50,5,Clothing,Saree,COD,,,,,
B-34101,300,42,2,Electronics,Printers,COD,,,,,
B-34102,341,44,7,Furniture,Furnishings,UPI,,,,,
B-34103,102,0,3,Electronics,Phones,COD,,,,,
B-34104,328,-15,3,Electronics,Electronic Games,Debit Card,,,,,
B-34105,341,160,7,Clothing,Stole,Debit Card,,,,,
B-34106,62,11,7,Clothing,Hankerchief,UPI,,,,,
B-34107,42,13,3,Clothing,Leggings,COD,,,,,
B-34108,62,28,5,Clothing,Hankerchief,UPI,,,,,
B-34109,42,7,2,Clothing,Kurti,COD,,,,,
B-34110,42,-3,1,Electronics,Electronic Games,COD,,,,,
B-34111,313,-13,5,Furniture,Bookcases,UPI,,,,,
B-34112,109,52,2,Clothing,Stole,UPI,,,,,
B-34113,226,58,3,Electronics,Accessories,COD,,,,,
B-34114,62,-1,1,Electronics,Phones,UPI,,,,,
B-34115,61,-25,4,Electronics,Accessories,UPI,,,,,
B-34116,222,74,5,Clothing,Hankerchief,COD,,,,,
B-34117,342,-154,7,Furniture,Furnishings,Debit Card,,,,,
B-34118,344,-34,3,Clothing,Saree,Debit Card,,,,,
B-34119,345,38,7,Clothing,Hankerchief,Debit Card,,,,,
B-34120,46,0,2,Electronics,Electronic Games,COD,,,,,
B-34121,255,74,5,Clothing,Hankerchief,COD,,,,,
B-34122,360,32,3,Clothing,Saree,UPI,,,,,
B-34123,372,59,3,Electronics,Printers,UPI,,,,,
B-34124,61,30,2,Clothing,Hankerchief,UPI,,,,,
B-34125,42,12,5,Clothing,Hankerchief,COD,,,,,
B-34126,42,-26,2,Clothing,Kurti,COD,,,,,
B-34127,61,25,4,Clothing,Saree,UPI,,,,,
B-34128,41,11,6,Clothing,Hankerchief,COD,,,,,
B-34129,40,13,3,Clothing,T-shirt,COD,,,,,
B-34130,59,21,2,Clothing,Stole,UPI,,,,,
B-34131,57,27,2,Clothing,Shirt,UPI,,,,,
B-34132,17,6,1,Clothing,Stole,UPI,,,,,
B-34133,40,10,2,Clothing,Stole,COD,,,,,
B-34134,349,-24,2,Clothing,Saree,Debit Card,,,,,
B-34135,335,-22,7,Furniture,Chairs,UPI,,,,,
B-34136,40,16,3,Clothing,Hankerchief,COD,,,,,
B-34137,40,17,2,Clothing,Stole,COD,,,,,
B-34138,40,-7,3,Clothing,Stole,COD,,,,,
B-34139,352,74,8,Clothing,Stole,Debit Card,,,,,
B-34140,55,-26,4,Clothing,Saree,UPI,,,,,
B-34141,352,18,5,Clothing,Trousers,Debit Card,,,,,
B-34142,53,-18,4,Clothing,T-shirt,UPI,,,,,
B-34143,51,7,2,Furniture,Furnishings,UPI,,,,,
B-34144,40,-37,3,Clothing,Stole,COD,,,,,
B-34145,39,14,5,Clothing,Leggings,COD,,,,,
B-34146,355,-4,2,Clothing,Saree,Debit Card,,,,,
B-34147,357,139,2,Clothing,Saree,Debit Card,,,,,
B-34148,38,18,1,Clothing,Kurti,COD,,,,,
B-34149,38,9,2,Clothing,Stole,COD,,,,,
B-34150,141,10,4,Clothing,Shirt,UPI,,,,,
B-34151,36,4,9,Clothing,Hankerchief,COD,,,,,
B-34152,351,-94,5,Electronics,Electronic Games,COD,,,,,
B-34153,369,15,3,Electronics,Electronic Games,Debit Card,,,,,
B-34154,53,24,6,Clothing,Hankerchief,EMI,,,,,
B-34155,371,115,1,Furniture,Bookcases,Debit Card,,,,,
B-34156,499,33,4,Clothing,Saree,COD,,,,,
B-34157,223,62,7,Clothing,Shirt,COD,,,,,
B-34158,50,-4,6,Clothing,T-shirt,EMI,,,,,
B-34159,391,90,6,Electronics,Phones,Debit Card,,,,,
B-34160,416,137,3,Electronics,Phones,Debit Card,,,,,
B-34161,424,-17,9,Furniture,Chairs,Debit Card,,,,,
B-34162,362,127,1,Furniture,Bookcases,COD,,,,,
B-34163,36,-7,1,Electronics,Electronic Games,COD,,,,,
B-34164,34,-10,3,Clothing,Skirt,COD,,,,,
B-34165,367,73,3,Electronics,Electronic Games,UPI,,,,,
B-34166,425,208,7,Clothing,Saree,Debit Card,,,,,
B-34167,433,26,3,Electronics,Printers,Debit Card,,,,,
B-34168,460,31,3,Furniture,Bookcases,Debit Card,,,,,
B-34169,62,-56,5,Clothing,Kurti,COD,,,,,
B-34170,50,16,1,Clothing,Stole,EMI,,,,,
B-34171,460,-143,3,Furniture,Chairs,Debit Card,,,,,
B-34172,34,3,3,Clothing,Saree,COD,,,,,
B-34173,227,59,2,Furniture,Furnishings,UPI,,,,,
B-34174,469,33,4,Electronics,Electronic Games,Debit Card,,,,,
B-34175,103,46,2,Clothing,Saree,UPI,,,,,
B-34176,34,-13,5,Clothing,Leggings,COD,,,,,
B-34177,137,63,3,Clothing,Stole,COD,,,,,
B-34178,34,12,2,Clothing,Stole,COD,,,,,
B-34179,474,56,4,Electronics,Phones,Debit Card,,,,,
B-34180,50,3,2,Clothing,Stole,EMI,,,,,
B-34181,69,-67,4,Clothing,Kurti,UPI,,,,,
B-34182,389,-83,3,Furniture,Chairs,UPI,,,,,
B-34183,77,-43,8,Clothing,Stole,COD,,,,,
B-34184,51,21,3,Clothing,T-shirt,COD,,,,,
B-34185,394,146,2,Furniture,Bookcases,UPI,,,,,
B-34186,48,-22,2,Clothing,Saree,EMI,,,,,
B-34187,34,-12,5,Clothing,Leggings,COD,,,,,
B-34188,484,28,3,Electronics,Printers,Debit Card,,,,,
B-34189,47,-27,4,Clothing,Saree,EMI,,,,,
B-34190,45,8,4,Clothing,Skirt,EMI,,,,,
B-34191,128,55,1,Clothing,Saree,COD,,,,,
B-34192,669,74,5,Furniture,Bookcases,COD,,,,,
B-34193,34,13,2,Clothing,Saree,COD,,,,,
B-34194,44,14,3,Clothing,Hankerchief,Credit Card,,,,,
B-34195,33,1,2,Clothing,Shirt,COD,,,,,
B-34196,33,10,3,Clothing,Hankerchief,COD,,,,,
B-34197,487,-23,3,Electronics,Printers,Debit Card,,,,,
B-34198,497,179,3,Furniture,Chairs,Debit Card,,,,,
B-34199,508,203,2,Electronics,Accessories,Debit Card,,,,,
B-34200,524,-25,2,Electronics,Electronic Games,Debit Card,,,,,
B-34201,425,183,5,Electronics,Accessories,UPI,,,,,
B-34202,168,56,3,Clothing,Saree,COD,,,,,
B-34203,141,28,7,Furniture,Furnishings,UPI,,,,,
B-34204,429,17,3,Furniture,Chairs,UPI,,,,,
B-34205,44,-8,3,Clothing,Stole,Credit Card,,,,,
B-34206,149,136,3,Clothing,Stole,UPI,,,,,
B-34207,44,-34,3,Clothing,Stole,Credit Card,,,,,
B-34208,33,10,3,Clothing,Hankerchief,COD,,,,,
B-34209,33,9,2,Clothing,Hankerchief,COD,,,,,
B-34210,442,31,2,Electronics,Electronic Games,UPI,,,,,
B-34211,41,6,5,Clothing,Skirt,Credit Card,,,,,
B-34212,33,-12,5,Clothing,Hankerchief,COD,,,,,
B-34213,32,3,8,Clothing,Hankerchief,COD,,,,,
B-34214,32,6,3,Clothing,Shirt,COD,,,,,
B-34215,179,77,1,Clothing,Saree,UPI,,,,,
B-34216,31,10,1,Clothing,Kurti,COD,,,,,
B-34217,140,68,5,Clothing,T-shirt,COD,,,,,
B-34218,529,137,3,Electronics,Phones,Debit Card,,,,,
B-34219,534,0,3,Clothing,Saree,Debit Card,,,,,
B-34220,41,-6,1,Furniture,Chairs,Credit Card,,,,,
B-34221,379,63,2,Clothing,Saree,COD,,,,,
B-34222,81,-44,3,Clothing,Stole,COD,,,,,
B-34223,40,-33,5,Clothing,Hankerchief,Credit Card,,,,,
B-34224,40,18,1,Electronics,Accessories,Credit Card,,,,,
B-34225,534,0,3,Clothing,Saree,Debit Card,,,,,
B-34226,31,9,2,Clothing,Hankerchief,COD,,,,,
B-34227,473,-113,9,Clothing,Hankerchief,UPI,,,,,
B-34228,31,-10,3,Clothing,Skirt,COD,,,,,
B-34229,31,-3,4,Clothing,Saree,COD,,,,,
B-34230,91,15,6,Clothing,T-shirt,UPI,,,,,
B-34231,30,-25,2,Clothing,T-shirt,COD,,,,,
B-34232,30,6,1,Clothing,T-shirt,COD,,,,,
B-34233,40,0,3,Clothing,Saree,Credit Card,,,,,
B-34234,534,5,2,Electronics,Electronic Games,Debit Card,,,,,
B-34235,539,-146,7,Furniture,Furnishings,Debit Card,,,,,
B-34236,490,-128,8,Furniture,Bookcases,UPI,,,,,
B-34237,163,81,2,Electronics,Accessories,COD,,,,,
B-34238,184,85,6,Clothing,T-shirt,UPI,,,,,
B-34239,494,54,4,Furniture,Bookcases,COD,,,,,
B-34240,30,11,5,Clothing,Hankerchief,COD,,,,,
B-34241,30,0,1,Clothing,Kurti,COD,,,,,
B-34242,39,-18,2,Clothing,Leggings,Credit Card,,,,,
B-34243,1700,85,3,Clothing,Trousers,COD,,,,,
B-34244,332,-43,6,Electronics,Phones,UPI,,,,,
B-34245,436,131,9,Clothing,Hankerchief,UPI,,,,,
B-34246,30,-5,2,Furniture,Furnishings,COD,,,,,
B-34247,30,-10,2,Clothing,Stole,COD,,,,,
B-34248,38,-13,3,Clothing,Stole,Credit Card,,,,,
B-34249,511,194,3,Furniture,Chairs,UPI,,,,,
B-34250,37,-53,3,Clothing,Saree,Credit Card,,,,,
B-34251,513,215,2,Electronics,Accessories,COD,,,,,
B-34252,516,69,4,Furniture,Bookcases,UPI,,,,,
B-34253,559,-19,2,Clothing,Trousers,Debit Card,,,,,
B-34254,29,-10,3,Clothing,Skirt,COD,,,,,
B-34255,148,52,5,Clothing,Stole,UPI,,,,,
B-34256,559,-174,2,Electronics,Electronic Games,Debit Card,,,,,
B-34257,527,26,3,Electronics,Electronic Games,COD,,,,,
B-34258,560,44,3,Clothing,Saree,Debit Card,,,,,
B-34259,571,108,12,Clothing,Stole,Debit Card,,,,,
B-34260,29,2,3,Clothing,Skirt,COD,,,,,
B-34261,29,3,2,Clothing,Stole,COD,,,,,
B-34262,29,-3,3,Clothing,Saree,COD,,,,,
B-34263,35,14,2,Clothing,Stole,Credit Card,,,,,
B-34264,579,139,3,Electronics,Printers,Debit Card,,,,,
B-34265,29,-24,4,Clothing,Leggings,COD,,,,,
B-34266,593,213,4,Furniture,Bookcases,Debit Card,,,,,
B-34267,217,72,2,Furniture,Furnishings,COD,,,,,
B-34268,353,90,8,Clothing,Saree,COD,,,,,
B-34269,382,92,2,Electronics,Printers,COD,,,,,
B-34270,597,93,4,Furniture,Chairs,Debit Card,,,,,
B-34271,212,97,7,Clothing,Hankerchief,COD,,,,,
B-34272,689,90,5,Clothing,Saree,COD,,,,,
B-34273,28,-10,3,Clothing,Skirt,COD,,,,,
B-34274,34,12,3,Clothing,Hankerchief,Credit Card,,,,,
B-34275,600,-102,5,Electronics,Electronic Games,Debit Card,,,,,
B-34276,637,113,5,Clothing,Saree,UPI,,,,,
B-34277,616,-69,7,Furniture,Furnishings,Debit Card,,,,,
B-34278,624,37,2,Electronics,Electronic Games,Debit Card,,,,,
B-34279,28,4,1,Clothing,T-shirt,COD,,,,,
B-34280,584,-444,7,Electronics,Printers,UPI,,,,,
B-34281,28,6,4,Clothing,Skirt,COD,,,,,
B-34282,33,-1,1,Clothing,Saree,Credit Card,,,,,
B-34283,27,-20,2,Clothing,Hankerchief,COD,,,,,
B-34284,27,5,2,Clothing,Skirt,COD,,,,,
B-34285,27,4,3,Clothing,Skirt,COD,,,,,
B-34286,635,-349,5,Clothing,Saree,Debit Card,,,,,
B-34287,598,166,4,Furniture,Bookcases,UPI,,,,,
B-34288,636,-204,2,Electronics,Printers,Debit Card,,,,,
B-34289,27,9,2,Clothing,Hankerchief,COD,,,,,
B-34290,27,-6,4,Clothing,Hankerchief,COD,,,,,
B-34291,637,212,8,Electronics,Phones,Debit Card,,,,,
B-34292,290,110,9,Clothing,Stole,UPI,,,,,
B-34293,27,-25,2,Clothing,Stole,COD,,,,,
B-34294,632,-114,4,Furniture,Tables,UPI,,,,,
B-34295,643,-45,2,Electronics,Printers,Debit Card,,,,,
B-34296,652,13,6,Furniture,Furnishings,Debit Card,,,,,
B-34297,33,-27,1,Furniture,Chairs,Credit Card,,,,,
B-34298,26,2,2,Clothing,Hankerchief,COD,,,,,
B-34299,633,-633,11,Electronics,Accessories,UPI,,,,,
B-34300,26,9,2,Clothing,Leggings,COD,,,,,
B-34301,191,93,4,Clothing,Shirt,UPI,,,,,
B-34302,887,80,3,Electronics,Printers,UPI,,,,,
B-34303,637,261,2,Electronics,Printers,COD,,,,,
B-34304,670,15,5,Furniture,Bookcases,Debit Card,,,,,
B-34305,26,7,4,Clothing,Hankerchief,COD,,,,,
B-34306,676,195,5,Furniture,Bookcases,Debit Card,,,,,
B-34307,26,12,3,Clothing,Hankerchief,COD,,,,,
B-34308,26,-24,1,Clothing,Stole,COD,,,,,
B-34309,25,7,2,Clothing,Stole,COD,,,,,
B-34310,24,-30,1,Furniture,Chairs,COD,,,,,
B-34311,32,-12,1,Furniture,Chairs,Credit Card,,,,,
B-34312,31,-2,2,Clothing,Saree,Credit Card,,,,,
B-34313,651,169,5,Electronics,Printers,COD,,,,,
B-34314,326,107,3,Furniture,Furnishings,UPI,,,,,
B-34315,30,-6,2,Clothing,Hankerchief,UPI,,,,,
B-34316,30,5,2,Clothing,Kurti,UPI,,,,,
B-34317,662,240,2,Furniture,Bookcases,COD,,,,,
B-34318,30,-23,2,Clothing,Saree,UPI,,,,,
B-34319,29,9,3,Clothing,Saree,UPI,,,,,
B-34320,28,1,1,Electronics,Accessories,UPI,,,,,
B-34321,28,-3,2,Clothing,Saree,UPI,,,,,
B-34322,24,2,4,Clothing,Hankerchief,COD,,,,,
B-34323,28,-26,2,Clothing,Stole,UPI,,,,,
B-34324,27,5,1,Clothing,Stole,UPI,,,,,
B-34325,27,-15,1,Clothing,Stole,UPI,,,,,
B-34326,24,11,3,Clothing,Hankerchief,COD,,,,,
B-34327,23,-6,4,Clothing,Hankerchief,COD,,,,,
B-34328,322,193,5,Electronics,Printers,COD,,,,,
B-34329,688,-103,6,Electronics,Accessories,Debit Card,,,,,
B-34330,23,-3,1,Clothing,Shirt,COD,,,,,
B-34331,26,3,3,Clothing,Skirt,UPI,,,,,
B-34332,68,-56,2,Electronics,Phones,COD,,,,,
B-34333,462,169,4,Clothing,Saree,COD,,,,,
B-34334,941,203,3,Furniture,Tables,UPI,,,,,
B-34335,23,4,2,Clothing,Skirt,COD,,,,,
B-34336,720,43,2,Electronics,Printers,UPI,,,,,
B-34337,724,-447,4,Electronics,Electronic Games,UPI,,,,,
B-34338,724,253,2,Furniture,Bookcases,UPI,,,,,
B-34339,26,10,4,Clothing,Hankerchief,UPI,,,,,
B-34340,22,-2,3,Clothing,Hankerchief,COD,,,,,
B-34341,711,-8,4,Clothing,Saree,Debit Card,,,,,
B-34342,107,31,5,Clothing,T-shirt,COD,,,,,
B-34343,765,-153,2,Electronics,Phones,Debit Card,,,,,
B-34344,22,8,2,Clothing,Leggings,COD,,,,,
B-34345,26,-5,2,Clothing,Stole,UPI,,,,,
B-34346,22,8,3,Clothing,Hankerchief,COD,,,,,
B-34347,743,89,5,Electronics,Printers,UPI,,,,,
B-34348,22,-15,4,Clothing,Kurti,COD,,,,,
B-34349,781,594,6,Electronics,Printers,Debit Card,,,,,
B-34350,25,-2,5,Clothing,Hankerchief,UPI,,,,,
B-34351,25,2,2,Clothing,Hankerchief,UPI,,,,,
B-34352,119,43,5,Clothing,T-shirt,COD,,,,,
B-34353,785,52,2,Electronics,Phones,Debit Card,,,,,
B-34354,183,-66,5,Electronics,Phones,UPI,,,,,
B-34355,22,4,1,Clothing,Stole,COD,,,,,
B-34356,642,180,5,Clothing,Saree,COD,,,,,
B-34357,767,-353,5,Clothing,Trousers,COD,,,,,
B-34358,770,323,3,Electronics,Accessories,COD,,,,,
B-34359,21,-17,3,Clothing,Shirt,COD,,,,,
B-34360,21,-6,3,Clothing,Leggings,COD,,,,,
B-34361,492,187,2,Electronics,Accessories,UPI,,,,,
B-34362,816,-96,3,Electronics,Printers,Debit Card,,,,,
B-34363,25,2,3,Clothing,Kurti,Credit Card,,,,,
B-34364,802,120,7,Electronics,Accessories,COD,,,,,
B-34365,811,154,7,Electronics,Accessories,UPI,,,,,
B-34366,835,267,5,Electronics,Phones,Debit Card,,,,,
B-34367,21,-5,1,Electronics,Accessories,COD,,,,,
B-34368,450,-190,4,Furniture,Bookcases,COD,,,,,
B-34369,24,-1,4,Clothing,Skirt,Credit Card,,,,,
B-34370,832,0,3,Clothing,Trousers,UPI,,,,,
B-34371,833,93,3,Clothing,Trousers,UPI,,,,,
B-34372,20,6,1,Clothing,T-shirt,COD,,,,,
B-34373,23,-5,7,Clothing,Hankerchief,Credit Card,,,,,
B-34374,550,-242,5,Furniture,Furnishings,UPI,,,,,
B-34375,148,-91,2,Electronics,Phones,COD,,,,,
B-34376,846,9,2,Furniture,Chairs,Debit Card,,,,,
B-34377,856,385,6,Electronics,Printers,COD,,,,,
B-34378,871,131,2,Furniture,Bookcases,UPI,,,,,
B-34379,19,-18,4,Clothing,Kurti,COD,,,,,
B-34380,610,-66,2,Furniture,Tables,COD,,,,,
B-34381,880,97,8,Furniture,Furnishings,Debit Card,,,,,
B-34382,22,-8,4,Clothing,Hankerchief,Credit Card,,,,,
B-34383,22,11,2,Clothing,Skirt,Credit Card,,,,,
B-34384,21,4,3,Clothing,Hankerchief,Credit Card,,,,,
B-34385,18,1,3,Clothing,Hankerchief,COD,,,,,
B-34386,911,202,7,Furniture,Chairs,COD,,,,,
B-34387,18,2,3,Clothing,Hankerchief,COD,,,,,
B-34388,911,355,5,Electronics,Phones,Debit Card,,,,,
B-34389,143,-129,2,Electronics,Phones,COD,,,,,
B-34390,918,22,9,Electronics,Electronic Games,COD,,,,,
B-34391,925,-447,5,Electronics,Electronic Games,COD,,,,,
B-34392,17,8,2,Clothing,Skirt,COD,,,,,
B-34393,465,207,9,Clothing,Saree,COD,,,,,
B-34394,17,-9,3,Clothing,Stole,COD,,,,,
B-34395,935,114,4,Electronics,Electronic Games,UPI,,,,,
B-34396,16,-10,2,Clothing,T-shirt,COD,,,,,
B-34397,954,95,3,Electronics,Printers,UPI,,,,,
B-34398,915,-99,3,Furniture,Tables,Debit Card,,,,,
B-34399,955,305,3,Electronics,Printers,Debit Card,,,,,
B-34400,976,293,4,Electronics,Accessories,COD,,,,,
B-34401,1069,0,6,Clothing,Saree,EMI,,,,,
B-34402,19,-15,3,Clothing,Hankerchief,Credit Card,,,,,
B-34403,16,6,3,Clothing,Hankerchief,COD,,,,,
B-34404,1030,206,8,Electronics,Printers,UPI,,,,,
B-34405,620,82,6,Electronics,Accessories,COD,,,,,
B-34406,16,8,2,Clothing,Hankerchief,COD,,,,,
B-34407,19,8,2,Clothing,Hankerchief,Credit Card,,,,,
B-34408,249,-130,4,Electronics,Phones,UPI,,,,,
B-34409,16,6,1,Clothing,Stole,COD,,,,,
B-34410,1361,197,9,Furniture,Bookcases,COD,,,,,
B-34411,15,1,1,Clothing,Shirt,COD,,,,,
B-34412,1076,-38,4,Electronics,Printers,COD,,,,,
B-34413,18,2,3,Clothing,Hankerchief,Credit Card,,,,,
B-34414,1101,352,3,Furniture,Bookcases,UPI,,,,,
B-34415,15,2,1,Clothing,Leggings,COD,,,,,
B-34416,1104,209,4,Clothing,Trousers,UPI,,,,,
B-34417,14,2,1,Clothing,Hankerchief,COD,,,,,
B-34418,14,5,1,Clothing,Hankerchief,COD,,,,,
B-34419,14,-3,2,Clothing,Leggings,COD,,,,,
B-34420,14,-1,4,Clothing,Kurti,COD,,,,,
B-34421,13,-8,1,Clothing,T-shirt,COD,,,,,
B-34422,13,-1,3,Clothing,Hankerchief,COD,,,,,
B-34423,1275,1148,7,Furniture,Bookcases,EMI,,,,,
B-34424,17,1,2,Clothing,Skirt,Credit Card,,,,,
B-34425,13,0,2,Clothing,Hankerchief,COD,,,,,
B-34426,1270,546,11,Electronics,Electronic Games,EMI,,,,,
B-34427,13,-2,1,Clothing,Stole,COD,,,,,
B-34428,13,3,1,Clothing,Leggings,COD,,,,,
B-34429,17,5,1,Clothing,Hankerchief,UPI,,,,,
B-34430,13,-13,2,Clothing,Skirt,COD,,,,,
B-34431,13,-9,2,Clothing,Skirt,COD,,,,,
B-34432,1263,-56,5,Clothing,Trousers,EMI,,,,,
B-34433,1629,-153,3,Electronics,Phones,COD,,,,,
B-34434,17,7,3,Clothing,Hankerchief,UPI,,,,,
B-34435,17,2,2,Clothing,Skirt,UPI,,,,,
B-34436,1250,-12,2,Electronics,Printers,EMI,,,,,
B-34437,17,-11,3,Clothing,Skirt,UPI,,,,,
B-34438,977,-244,7,Electronics,Phones,COD,,,,,
B-34439,1246,62,3,Furniture,Bookcases,EMI,,,,,
B-34440,12,1,2,Clothing,Hankerchief,COD,,,,,
B-34441,11,-4,2,Clothing,Skirt,COD,,,,,
B-34442,1327,318,8,Furniture,Chairs,EMI,,,,,
B-34443,1319,567,5,Electronics,Printers,COD,,,,,
B-34444,1402,109,11,Clothing,Saree,EMI,,,,,
B-34445,1514,742,4,Electronics,Printers,EMI,,,,,
B-34446,1351,111,6,Electronics,Electronic Games,COD,,,,,
B-34447,1355,-60,5,Clothing,Trousers,COD,,,,,
B-34448,10,2,2,Clothing,Hankerchief,COD,,,,,
B-34449,10,-2,2,Clothing,Leggings,COD,,,,,
B-34450,1582,-443,6,Clothing,Trousers,EMI,,,,,
B-34451,1218,352,9,Furniture,Bookcases,EMI,,,,,
B-34452,321,315,5,Clothing,Saree,UPI,,,,,
B-34453,736,346,5,Electronics,Printers,COD,,,,,
B-34454,1218,-420,8,Furniture,Bookcases,COD,,,,,
B-34455,1027,441,8,Clothing,Saree,COD,,,,,
B-34456,10,5,1,Clothing,Stole,COD,,,,,
B-34457,2366,552,5,Clothing,Trousers,UPI,,,,,
B-34458,9,-6,2,Clothing,Hankerchief,COD,,,,,
B-34459,16,-12,2,Clothing,Stole,UPI,,,,,
B-34460,9,3,1,Clothing,Skirt,COD,,,,,
B-34461,1560,421,3,Clothing,Trousers,COD,,,,,
B-34462,1137,568,2,Clothing,Trousers,EMI,,,,,
B-34463,9,-9,2,Clothing,Kurti,COD,,,,,
B-34464,15,-7,1,Clothing,Hankerchief,UPI,,,,,
B-34465,14,5,1,Clothing,Hankerchief,UPI,,,,,
B-34466,14,7,2,Clothing,Hankerchief,UPI,,,,,
B-34467,8,-2,2,Clothing,Hankerchief,COD,,,,,
B-34468,1389,680,7,Clothing,Saree,COD,,,,,
B-34469,8,-1,2,Clothing,Leggings,COD,,,,,
B-34470,8,-2,1,Clothing,Stole,COD,,,,,
B-34471,13,4,1,Clothing,Leggings,UPI,,,,,
B-34472,8,-6,1,Clothing,Stole,COD,,,,,
B-34473,12,2,2,Clothing,Skirt,Credit Card,,,,,
B-34474,1716,309,7,Electronics,Accessories,COD,,,,,
B-34475,1117,447,10,Furniture,Bookcases,EMI,,,,,
B-34476,9,-6,2,Clothing,Skirt,Credit Card,,,,,
B-34477,332,503,3,Electronics,Printers,COD,,,,,
B-34478,7,-4,3,Clothing,Hankerchief,COD,,,,,
B-34479,8,-2,3,Clothing,Hankerchief,Credit Card,,,,,
B-34480,2061,701,5,Furniture,Bookcases,UPI,,,,,
B-34481,1103,276,3,Furniture,Chairs,EMI,,,,,
B-34482,2103,322,8,Electronics,Electronic Games,UPI,,,,,
B-34483,2115,23,5,Furniture,Chairs,COD,,,,,
B-34484,850,-289,5,Electronics,Electronic Games,COD,,,,,
B-34485,1063,64,7,Electronics,Phones,EMI,,,,,
B-34486,1063,-175,4,Electronics,Electronic Games,EMI,,,,,
B-34487,2292,127,7,Furniture,Bookcases,COD,,,,,
B-34488,7,-1,2,Clothing,Hankerchief,Credit Card,,,,,
B-34489,2452,191,7,Furniture,Bookcases,UPI,,,,,
B-34490,2457,665,11,Electronics,Electronic Games,EMI,,,,,
B-34491,4,-3,1,Clothing,Skirt,Credit Card,,,,,
B-34492,2830,-1981,13,Furniture,Bookcases,EMI,,,,,
B-34493,7,1,1,Clothing,Hankerchief,COD,,,,,
B-34494,7,0,2,Clothing,Skirt,COD,,,,,
B-34495,7,-3,2,Clothing,Hankerchief,COD,,,,,
B-34496,3151,-35,7,Clothing,Trousers,EMI,,,,,
B-34497,4141,1698,13,Electronics,Printers,COD,,,,,
B-34498,7,-2,1,Clothing,Hankerchief,COD,,,,,
B-34499,4363,305,5,Furniture,Tables,EMI,,,,,
B-34500,1096,658,7,Electronics,Electronic Games,COD,,,,,
B-34501,5729,64,14,Furniture,Chairs,EMI,,,,,
B-34502,2927,146,8,Furniture,Bookcases,EMI,,,,,
B-34503,2847,712,8,Electronics,Printers,Credit Card,,,,,
B-34504,2617,1151,4,Electronics,Phones,Credit Card,,,,,
B-34505,2244,247,4,Clothing,Trousers,Credit Card,,,,,
B-34506,275,-275,4,Clothing,Saree,COD,,,,,
B-34507,387,-213,5,Clothing,Saree,UPI,,,,,
B-34508,50,-44,2,Clothing,Hankerchief,UPI,,,,,
B-34509,135,-54,5,Clothing,Kurti,COD,,,,,
B-34510,231,-190,9,Clothing,Hankerchief,COD,,,,,
B-34511,2125,-234,6,Electronics,Printers,EMI,,,,,
B-34512,3873,-891,6,Electronics,Phones,Credit Card,,,,,
B-34513,729,-492,5,Furniture,Bookcases,UPI,,,,,
B-34514,2188,1050,5,Furniture,Bookcases,Credit Card,,,,,
B-34515,6,-3,1,Clothing,Hankerchief,UPI,,,,,
B-34516,1854,433,5,Furniture,Bookcases,Credit Card,,,,,
B-34517,6,1,1,Clothing,Kurti,UPI,,,,,
B-34518,2093,721,5,Furniture,Chairs,Credit Card,,,,,
B-34519,7,-1,2,Clothing,Skirt,UPI,,,,,
B-34520,1622,-624,5,Furniture,Tables,Credit Card,,,,,
B-34521,1622,95,5,Electronics,Printers,Credit Card,,,,,
B-34522,373,254,6,Electronics,Printers,UPI,,,,,
B-34523,82,-33,4,Clothing,Kurti,COD,,,,,
B-34524,8,2,2,Clothing,Skirt,UPI,,,,,
B-34525,1954,782,3,Electronics,Phones,Credit Card,,,,,
B-34526,1543,370,8,Electronics,Printers,Credit Card,,,,,
B-34527,1506,-266,6,Electronics,Printers,Credit Card,,,,,
B-34528,1829,-56,6,Furniture,Tables,Credit Card,,,,,
B-34529,9,-1,3,Clothing,Skirt,UPI,,,,,
B-34530,1461,202,5,Furniture,Tables,EMI,,,,,
B-34531,391,113,8,Clothing,Stole,COD,,,,,
B-34532,1824,1303,8,Electronics,Phones,Credit Card,,,,,
B-34533,16,-15,4,Clothing,Hankerchief,UPI,,,,,
B-34534,1745,122,2,Furniture,Tables,Credit Card,,,,,
B-34535,663,-212,5,Electronics,Printers,UPI,,,,,
B-34536,10,-1,1,Clothing,Leggings,UPI,,,,,
B-34537,1630,802,5,Furniture,Tables,EMI,,,,,
B-34538,12,0,2,Clothing,Hankerchief,UPI,,,,,
B-34539,12,-7,2,Clothing,Leggings,UPI,,,,,
B-34540,1709,564,3,Clothing,Trousers,Credit Card,,,,,
B-34541,12,3,1,Clothing,Stole,UPI,,,,,
B-34542,1625,-77,3,Electronics,Phones,EMI,,,,,
B-34543,13,5,2,Clothing,Hankerchief,UPI,,,,,
B-34544,1361,980,3,Furniture,Tables,COD,,,,,
B-34545,1622,-448,3,Electronics,Phones,EMI,,,,,
B-34546,1547,340,6,Electronics,Accessories,EMI,,,,,
B-34547,1657,460,4,Furniture,Chairs,Credit Card,,,,,
B-34548,1603,0,9,Clothing,Saree,Credit Card,,,,,
B-34549,1549,-439,4,Electronics,Phones,Credit Card,,,,,
B-34550,1183,106,4,Electronics,Printers,EMI,,,,,
B-34551,74,-123,8,Clothing,Skirt,UPI,,,,,
B-34552,1499,239,13,Clothing,Saree,Credit Card,,,,,
B-34553,1120,199,6,Clothing,Saree,EMI,,,,,
B-34554,15,-2,1,Clothing,T-shirt,Debit Card,,,,,
B-34555,1487,624,3,Clothing,Trousers,Credit Card,,,,,
B-34556,1118,206,2,Furniture,Tables,Credit Card,,,,,
B-34557,11,-5,2,Clothing,Hankerchief,COD,,,,,
B-34558,15,4,1,Clothing,Hankerchief,Debit Card,,,,,
B-34559,1364,1864,5,Furniture,Tables,Credit Card,,,,,
B-34560,1337,147,7,Electronics,Printers,Credit Card,,,,,
B-34561,15,2,1,Clothing,Leggings,Debit Card,,,,,
B-34562,322,-193,5,Electronics,Printers,UPI,,,,,
B-34563,1316,527,7,Electronics,Electronic Games,Credit Card,,,,,
B-34564,1314,342,3,Furniture,Bookcases,Credit Card,,,,,
B-34565,17,7,3,Clothing,Hankerchief,Debit Card,,,,,
B-34566,17,2,2,Clothing,Skirt,Debit Card,,,,,
B-34567,17,-12,5,Clothing,Skirt,Debit Card,,,,,
B-34568,1308,536,3,Furniture,Bookcases,Credit Card,,,,,
B-34569,1076,-38,4,Electronics,Printers,Credit Card,,,,,
B-34570,1301,573,5,Electronics,Accessories,Credit Card,,,,,
B-34571,1300,-16,8,Electronics,Printers,Credit Card,,,,,
B-34572,11,-2,4,Clothing,Hankerchief,COD,,,,,
B-34573,1298,65,9,Electronics,Printers,EMI,,,,,
B-34574,304,97,6,Clothing,Stole,UPI,,,,,
B-34575,1055,264,4,Electronics,Printers,EMI,,,,,
B-34576,17,-13,4,Clothing,Skirt,Debit Card,,,,,
B-34577,147,73,3,Clothing,Stole,COD,,,,,
B-34578,965,-68,3,Electronics,Printers,COD,,,,,
B-34579,12,-2,3,Clothing,Hankerchief,COD,,,,,
B-34580,14,-2,3,Clothing,Hankerchief,UPI,,,,,
B-34581,934,-916,7,Electronics,Electronic Games,COD,,,,,
B-34582,929,-93,9,Clothing,Saree,COD,,,,,
B-34583,18,3,2,Clothing,Hankerchief,Debit Card,,,,,
B-34584,916,192,11,Electronics,Phones,COD,,,,,
B-34585,76,-72,9,Clothing,Hankerchief,COD,,,,,
B-34586,869,67,4,Furniture,Tables,COD,,,,,
B-34587,112,24,3,Clothing,Kurti,COD,,,,,
B-34588,39,16,6,Clothing,Skirt,UPI,,,,,
B-34589,857,-274,2,Furniture,Tables,COD,,,,,
B-34590,828,230,2,Furniture,Chairs,COD,,,,,
B-34591,1279,-640,8,Electronics,Printers,EMI,,,,,
B-34592,1250,486,7,Clothing,Saree,EMI,,,,,
B-34593,823,-18,7,Furniture,Chairs,COD,,,,,
B-34594,1157,-13,9,Furniture,Bookcases,Credit Card,,,,,
B-34595,126,-63,3,Electronics,Accessories,UPI,,,,,
B-34596,1145,-706,3,Electronics,Phones,Credit Card,,,,,
B-34597,774,170,3,Electronics,Accessories,COD,,,,,
B-34598,24,-1,2,Clothing,Hankerchief,COD,,,,,
B-34599,774,170,3,Electronics,Accessories,COD,,,,,
B-34600,93,-1,2,Clothing,Hankerchief,COD,,,,,
B-34601,765,-36,3,Electronics,Electronic Games,COD,,,,,
B-34602,762,101,6,Electronics,Printers,COD,,,,,
B-34603,761,266,9,Electronics,Electronic Games,COD,,,,,
B-34604,96,-48,5,Clothing,Leggings,UPI,,,,,
B-34605,1137,-14,7,Electronics,Printers,EMI,,,,,
B-34606,18,8,2,Clothing,Hankerchief,Debit Card,,,,,
B-34607,749,-307,7,Furniture,Furnishings,COD,,,,,
B-34608,1120,199,6,Clothing,Saree,EMI,,,,,
B-34609,744,119,6,Electronics,Printers,COD,,,,,
B-34610,14,0,4,Clothing,Hankerchief,UPI,,,,,
B-34611,19,8,2,Clothing,Hankerchief,Debit Card,,,,,
B-34612,512,-225,5,Clothing,Saree,COD,,,,,
B-34613,742,198,2,Furniture,Bookcases,COD,,,,,
B-34614,44,-40,3,Clothing,Stole,COD,,,,,
B-34615,1061,-36,8,Furniture,Bookcases,EMI,,,,,
B-34616,19,-2,2,Clothing,Leggings,Debit Card,,,,,
B-34617,17,0,1,Clothing,Hankerchief,COD,,,,,
B-34618,741,267,5,Furniture,Bookcases,COD,,,,,
B-34619,735,-235,6,Electronics,Printers,COD,,,,,
B-34620,19,-1,1,Clothing,Shirt,Debit Card,,,,,
B-34621,1021,-48,4,Electronics,Electronic Games,EMI,,,,,
B-34622,556,-209,7,Clothing,Saree,COD,,,,,
B-34623,63,-17,6,Clothing,Leggings,COD,,,,,
B-34624,734,248,2,Furniture,Chairs,COD,,,,,
B-34625,933,166,5,Clothing,Saree,Credit Card,,,,,
B-34626,20,-9,6,Clothing,Hankerchief,Debit Card,,,,,
B-34627,877,395,2,Furniture,Bookcases,Credit Card,,,,,
B-34628,719,303,6,Furniture,Chairs,COD,,,,,
B-34629,12,1,2,Clothing,Hankerchief,COD,,,,,
B-34630,714,56,4,Clothing,Saree,COD,,,,,
B-34631,50,-15,4,Clothing,Leggings,COD,,,,,
B-34632,709,-100,5,Electronics,Phones,COD,,,,,
B-34633,21,-12,3,Clothing,Hankerchief,Debit Card,,,,,
B-34634,693,254,6,Clothing,Saree,COD,,,,,
B-34635,24,1,4,Clothing,Hankerchief,COD,,,,,
B-34636,24,1,2,Clothing,Hankerchief,UPI,,,,,
B-34637,24,1,2,Clothing,Hankerchief,COD,,,,,
B-34638,21,10,1,Clothing,T-shirt,Debit Card,,,,,
B-34639,681,259,4,Furniture,Chairs,COD,,,,,
B-34640,674,-187,2,Furniture,Tables,COD,,,,,
B-34641,671,-309,5,Electronics,Electronic Games,COD,,,,,
B-34642,646,-213,3,Electronics,Electronic Games,COD,,,,,
B-34643,40,15,1,Clothing,Kurti,COD,,,,,
B-34644,24,-2,2,Clothing,T-shirt,COD,,,,,
B-34645,644,167,2,Electronics,Printers,COD,,,,,
B-34646,643,225,2,Electronics,Printers,COD,,,,,
B-34647,632,-316,6,Clothing,Saree,COD,,,,,
B-34648,632,316,6,Clothing,Saree,COD,,,,,
B-34649,610,208,3,Electronics,Printers,COD,,,,,
B-34650,78,-28,6,Clothing,Kurti,UPI,,,,,
B-34651,595,119,4,Furniture,Bookcases,COD,,,,,
B-34652,595,292,3,Clothing,Saree,COD,,,,,
B-34653,852,51,5,Furniture,Bookcases,Credit Card,,,,,
B-34654,594,89,3,Furniture,Bookcases,COD,,,,,
B-34655,585,175,13,Clothing,T-shirt,COD,,,,,
B-34656,582,262,5,Furniture,Furnishings,COD,,,,,
B-34657,845,84,7,Clothing,Saree,Credit Card,,,,,
B-34658,829,19,4,Electronics,Printers,Credit Card,,,,,
B-34659,561,212,3,Clothing,Saree,COD,,,,,
B-34660,771,-424,2,Electronics,Phones,Credit Card,,,,,
B-34661,765,8,6,Clothing,Saree,EMI,,,,,
B-34662,31,2,2,Clothing,Hankerchief,COD,,,,,
B-34663,557,-111,2,Electronics,Electronic Games,COD,,,,,
B-34664,757,371,2,Electronics,Printers,Credit Card,,,,,
B-34665,545,-73,11,Electronics,Phones,COD,,,,,
B-34666,1052,-82,3,Furniture,Bookcases,UPI,,,,,
B-34667,544,-152,3,Furniture,Bookcases,COD,,,,,
B-34668,22,9,2,Clothing,Leggings,Debit Card,,,,,
B-34669,757,371,2,Electronics,Printers,Credit Card,,,,,
B-34670,742,198,2,Furniture,Bookcases,Credit Card,,,,,
B-34671,537,107,3,Clothing,Saree,COD,,,,,
B-34672,536,91,1,Clothing,Trousers,COD,,,,,
B-34673,6,3,1,Clothing,Hankerchief,COD,,,,,
B-34674,523,204,7,Clothing,Trousers,COD,,,,,
B-34675,27,9,2,Clothing,T-shirt,UPI,,,,,
B-34676,516,392,8,Furniture,Chairs,COD,,,,,
B-34677,504,116,3,Furniture,Bookcases,COD,,,,,
B-34678,502,84,4,Electronics,Phones,COD,,,,,
B-34679,734,213,6,Electronics,Electronic Games,Credit Card,,,,,
B-34680,42,12,2,Clothing,Kurti,COD,,,,,
B-34681,29,11,4,Clothing,Skirt,COD,,,,,
B-34682,240,12,6,Clothing,Kurti,UPI,,,,,
B-34683,496,-79,2,Clothing,Trousers,COD,,,,,
B-34684,485,29,4,Electronics,Electronic Games,COD,,,,,
B-34685,31,-11,3,Clothing,Skirt,UPI,,,,,
B-34686,676,151,3,Electronics,Printers,Credit Card,,,,,
B-34687,23,8,2,Clothing,Hankerchief,Debit Card,,,,,
B-34688,13,3,2,Clothing,Hankerchief,COD,,,,,
B-34689,180,0,8,Clothing,Stole,COD,,,,,
B-34690,671,114,9,Electronics,Phones,Credit Card,,,,,
B-34691,22,11,3,Clothing,Kurti,COD,,,,,
B-34692,668,-31,3,Electronics,Printers,Credit Card,,,,,
B-34693,145,0,3,Clothing,Saree,UPI,,,,,
B-34694,24,8,2,Clothing,Skirt,Debit Card,,,,,
B-34695,476,0,3,Furniture,Chairs,COD,,,,,
B-34696,24,11,5,Clothing,Hankerchief,Debit Card,,,,,
B-34697,37,3,3,Clothing,Hankerchief,COD,,,,,
B-34698,152,50,6,Clothing,Stole,UPI,,,,,
B-34699,32,11,2,Clothing,Leggings,UPI,,,,,
B-34700,52,11,5,Clothing,Leggings,COD,,,,,
B-34701,24,11,3,Clothing,Hankerchief,Debit Card,,,,,
B-34702,473,42,4,Furniture,Chairs,COD,,,,,
B-34703,263,50,5,Clothing,Stole,COD,,,,,
B-34704,61,11,3,Clothing,Kurti,COD,,,,,
B-34705,469,-459,3,Electronics,Electronic Games,COD,,,,,
B-34706,1272,547,2,Electronics,Phones,COD,,,,,
B-34707,169,0,3,Electronics,Accessories,COD,,,,,
B-34708,25,11,3,Clothing,Leggings,Debit Card,,,,,
B-34709,457,-41,4,Clothing,Saree,COD,,,,,
B-34710,455,77,8,Electronics,Accessories,COD,,,,,
B-34711,25,2,2,Clothing,Hankerchief,Debit Card,,,,,
B-34712,450,-90,3,Electronics,Printers,COD,,,,,
B-34713,30,-35,1,Furniture,Chairs,COD,,,,,
B-34714,659,-37,2,Furniture,Bookcases,Credit Card,,,,,
B-34715,448,148,2,Electronics,Printers,COD,,,,,
B-34716,446,53,3,Electronics,Printers,COD,,,,,
B-34717,98,-45,2,Furniture,Chairs,UPI,,,,,
B-34718,443,11,1,Clothing,Saree,COD,,,,,
B-34719,427,-50,7,Electronics,Phones,COD,,,,,
B-34720,656,-36,2,Furniture,Bookcases,Credit Card,,,,,
B-34721,424,161,2,Clothing,Saree,COD,,,,,
B-34722,27,8,2,Clothing,T-shirt,Debit Card,,,,,
B-34723,424,-272,5,Electronics,Phones,COD,,,,,
B-34724,202,4,4,Clothing,Hankerchief,COD,,,,,
B-34725,1275,357,2,Electronics,Phones,UPI,,,,,
B-34726,418,70,7,Electronics,Phones,COD,,,,,
B-34727,417,49,3,Electronics,Electronic Games,COD,,,,,
B-34728,199,48,4,Clothing,Stole,UPI,,,,,
B-34729,385,-77,11,Furniture,Furnishings,UPI,,,,,
B-34730,414,199,3,Electronics,Phones,COD,,,,,
B-34731,97,-45,4,Clothing,Saree,COD,,,,,
B-34732,648,50,6,Electronics,Electronic Games,Credit Card,,,,,
B-34733,27,-25,2,Clothing,Shirt,Debit Card,,,,,
B-34734,27,12,1,Clothing,Stole,Debit Card,,,,,
B-34735,27,1,1,Clothing,Stole,UPI,,,,,
B-34736,413,-314,9,Furniture,Chairs,COD,,,,,
B-34737,53,2,4,Clothing,Hankerchief,COD,,,,,
B-34738,29,8,5,Clothing,Hankerchief,UPI,,,,,
B-34739,30,13,1,Clothing,T-shirt,UPI,,,,,
B-34740,412,412,6,Clothing,Saree,COD,,,,,
B-34741,646,-23,2,Electronics,Printers,Credit Card,,,,,
B-34742,30,-5,5,Clothing,Stole,UPI,,,,,
B-34743,618,27,4,Furniture,Bookcases,Credit Card,,,,,
B-34744,143,-124,5,Clothing,Saree,UPI,,,,,
B-34745,31,1,2,Clothing,Hankerchief,UPI,,,,,
B-34746,409,86,3,Clothing,Saree,COD,,,,,
B-34747,406,126,2,Clothing,Saree,COD,,,,,
B-34748,565,66,7,Clothing,Saree,Credit Card,,,,,
B-34749,85,2,6,Clothing,Stole,COD,,,,,
B-34750,561,118,5,Furniture,Bookcases,Credit Card,,,,,
B-34751,503,-56,2,Clothing,Trousers,COD,,,,,
B-34752,31,14,3,Clothing,Stole,UPI,,,,,
B-34753,398,111,8,Clothing,Hankerchief,COD,,,,,
B-34754,388,93,2,Furniture,Bookcases,COD,,,,,
B-34755,498,-116,4,Clothing,Saree,UPI,,,,,
B-34756,561,212,3,Clothing,Saree,Credit Card,,,,,
B-34757,61,3,4,Clothing,Hankerchief,COD,,,,,
B-34758,34,-22,4,Clothing,T-shirt,COD,,,,,
B-34759,32,6,3,Clothing,Shirt,UPI,,,,,
B-34760,623,-192,3,Furniture,Tables,UPI,,,,,
B-34761,520,151,3,Electronics,Phones,Credit Card,,,,,
B-34762,32,-16,6,Clothing,Saree,UPI,,,,,
B-34763,32,-5,5,Clothing,Hankerchief,UPI,,,,,
B-34764,510,234,6,Electronics,Electronic Games,EMI,,,,,
B-34765,382,68,3,Clothing,Saree,COD,,,,,
B-34766,33,13,3,Clothing,Leggings,UPI,,,,,
B-34767,381,-13,2,Clothing,Saree,COD,,,,,
B-34768,490,88,2,Electronics,Accessories,EMI,,,,,
B-34769,381,144,2,Clothing,Saree,COD,,,,,
B-34770,487,143,4,Electronics,Phones,EMI,,,,,
B-34771,366,84,3,Furniture,Bookcases,COD,,,,,
B-34772,33,-29,3,Clothing,Shirt,UPI,,,,,
B-34773,365,107,3,Electronics,Phones,COD,,,,,
B-34774,207,-100,2,Clothing,Saree,UPI,,,,,
B-34775,359,-338,5,Furniture,Bookcases,COD,,,,,
B-34776,351,-47,8,Electronics,Phones,COD,,,,,
B-34777,485,199,4,Clothing,Saree,EMI,,,,,
B-34778,37,-23,4,Clothing,Shirt,UPI,,,,,
B-34779,34,10,2,Clothing,T-shirt,Debit Card,,,,,
B-34780,346,108,3,Furniture,Chairs,COD,,,,,
B-34781,342,-103,4,Electronics,Electronic Games,COD,,,,,
B-34782,35,-8,2,Furniture,Furnishings,Debit Card,,,,,
B-34783,121,41,4,Clothing,Stole,UPI,,,,,
B-34784,336,57,2,Electronics,Phones,COD,,,,,
B-34785,336,71,3,Furniture,Bookcases,COD,,,,,
B-34786,27,4,1,Clothing,Hankerchief,COD,,,,,
B-34787,333,50,2,Electronics,Phones,COD,,,,,
B-34788,36,7,3,Clothing,Leggings,Debit Card,,,,,
B-34789,333,-15,3,Electronics,Phones,COD,,,,,
B-34790,327,114,4,Clothing,Trousers,COD,,,,,
B-34791,18,6,3,Clothing,Hankerchief,UPI,,,,,
B-34792,325,32,7,Clothing,T-shirt,COD,,,,,
B-34793,482,-6,7,Electronics,Electronic Games,EMI,,,,,
B-34794,465,-33,4,Electronics,Phones,EMI,,,,,
B-34795,40,-12,3,Clothing,Shirt,COD,,,,,
B-34796,107,36,6,Clothing,Stole,COD,,,,,
B-34797,312,-312,7,Furniture,Chairs,COD,,,,,
B-34798,451,25,3,Electronics,Phones,EMI,,,,,
B-34799,312,62,1,Electronics,Electronic Games,COD,,,,,
B-34800,311,72,2,Furniture,Bookcases,COD,,,,,
B-34801,11,5,2,Clothing,Hankerchief,UPI,,,,,
B-34802,37,-5,3,Clothing,T-shirt,Debit Card,,,,,
B-34803,444,-200,4,Electronics,Phones,EMI,,,,,
B-34804,434,26,11,Clothing,Shirt,Credit Card,,,,,
B-34805,299,0,6,Clothing,Stole,COD,,,,,
B-34806,37,17,3,Clothing,Hankerchief,Debit Card,,,,,
B-34807,299,113,2,Furniture,Bookcases,COD,,,,,
B-34808,298,74,2,Furniture,Bookcases,COD,,,,,
B-34809,94,7,7,Clothing,Leggings,UPI,,,,,
B-34810,296,225,11,Clothing,Saree,COD,,,,,
B-34811,37,17,3,Clothing,Hankerchief,Debit Card,,,,,
B-34812,291,93,2,Electronics,Printers,COD,,,,,
B-34813,327,-39,1,Electronics,Phones,COD,,,,,
B-34814,291,119,11,Clothing,Saree,COD,,,,,
B-34815,287,-66,6,Clothing,Kurti,COD,,,,,
B-34816,42,15,1,Electronics,Accessories,UPI,,,,,
B-34817,429,61,3,Electronics,Electronic Games,Credit Card,,,,,
B-34818,285,128,2,Electronics,Printers,COD,,,,,
B-34819,277,3,1,Electronics,Electronic Games,COD,,,,,
B-34820,274,-7,4,Electronics,Phones,COD,,,,,
B-34821,273,-87,4,Electronics,Phones,COD,,,,,
B-34822,269,91,1,Electronics,Electronic Games,COD,,,,,
B-34823,11,5,1,Clothing,Skirt,COD,,,,,
B-34824,39,2,2,Clothing,Saree,Debit Card,,,,,
B-34825,264,-26,3,Clothing,Trousers,COD,,,,,
B-34826,40,16,3,Clothing,Hankerchief,Debit Card,,,,,
B-34827,41,19,2,Clothing,T-shirt,Debit Card,,,,,
B-34828,253,-63,2,Clothing,Saree,UPI,,,,,
B-34829,406,97,7,Furniture,Chairs,Credit Card,,,,,
B-34830,32,7,3,Clothing,Hankerchief,COD,,,,,
B-34831,260,68,2,Electronics,Printers,COD,,,,,
B-34832,41,19,5,Clothing,Hankerchief,Debit Card,,,,,
B-34833,401,13,6,Furniture,Chairs,Credit Card,,,,,
B-34834,382,30,3,Clothing,Saree,Credit Card,,,,,
B-34835,867,251,5,Electronics,Phones,COD,,,,,
B-34836,43,0,3,Clothing,Saree,Debit Card,,,,,
B-34837,43,-43,7,Clothing,Stole,Debit Card,,,,,
B-34838,74,29,3,Clothing,Stole,COD,,,,,
B-34839,44,-26,3,Clothing,Hankerchief,Debit Card,,,,,
B-34840,259,-55,2,Furniture,Chairs,COD,,,,,
B-34841,257,23,5,Clothing,Hankerchief,COD,,,,,
B-34842,76,27,5,Clothing,Stole,COD,,,,,
B-34843,44,-32,3,Clothing,Stole,Debit Card,,,,,
B-34844,257,3,2,Clothing,Saree,COD,,,,,
B-34845,255,76,9,Clothing,Hankerchief,COD,,,,,
B-34846,44,14,3,Clothing,Hankerchief,Debit Card,,,,,
B-34847,45,-2,4,Clothing,Shirt,COD,,,,,
B-34848,44,-3,1,Clothing,Saree,Debit Card,,,,,
B-34849,382,119,2,Clothing,Saree,Credit Card,,,,,
B-34850,250,100,3,Clothing,Trousers,COD,,,,,
B-34851,45,-15,2,Furniture,Chairs,COD,,,,,
B-34852,246,61,2,Furniture,Bookcases,COD,,,,,
B-34853,50,25,5,Clothing,Stole,COD,,,,,
B-34854,246,98,5,Clothing,Hankerchief,COD,,,,,
B-34855,44,99,3,Clothing,Kurti,Debit Card,,,,,
B-34856,245,-78,3,Clothing,Saree,COD,,,,,
B-34857,245,30,2,Clothing,Saree,COD,,,,,
B-34858,376,0,7,Clothing,Stole,Credit Card,,,,,
B-34859,45,1,3,Clothing,T-shirt,Debit Card,,,,,
B-34860,45,-28,2,Clothing,Stole,Debit Card,,,,,
B-34861,244,-122,5,Furniture,Furnishings,COD,,,,,
B-34862,244,83,2,Furniture,Bookcases,COD,,,,,
B-34863,10,4,1,Clothing,Kurti,UPI,,,,,
B-34864,375,180,3,Furniture,Bookcases,Credit Card,,,,,
B-34865,46,14,5,Clothing,Skirt,Debit Card,,,,,
B-34866,49,-31,2,Clothing,Stole,UPI,,,,,
B-34867,47,-20,2,Clothing,Kurti,Debit Card,,,,,
B-34868,355,-114,7,Clothing,Stole,Credit Card,,,,,
B-34869,32,8,5,Clothing,Hankerchief,UPI,,,,,
B-34870,243,-14,2,Furniture,Chairs,COD,,,,,
B-34871,241,-77,4,Electronics,Electronic Games,COD,,,,,
B-34872,47,15,5,Clothing,Saree,Debit Card,,,,,
B-34873,50,-10,6,Clothing,Skirt,Debit Card,,,,,
B-34874,15,6,2,Clothing,Hankerchief,COD,,,,,
B-34875,148,24,3,Clothing,Stole,COD,,,,,
B-34876,299,-28,3,Electronics,Electronic Games,UPI,,,,,
B-34877,68,-30,1,Electronics,Phones,UPI,,,,,
B-34878,52,18,5,Clothing,Leggings,Debit Card,,,,,
B-34879,239,-162,5,Furniture,Chairs,COD,,,,,
B-34880,27,6,3,Clothing,Skirt,COD,,,,,
B-34881,238,20,2,Clothing,Saree,COD,,,,,
B-34882,48,16,3,Clothing,Shirt,COD,,,,,
B-34883,66,22,3,Clothing,Stole,UPI,,,,,
B-34884,53,24,1,Clothing,Hankerchief,Debit Card,,,,,
B-34885,233,-10,5,Electronics,Electronic Games,COD,,,,,
B-34886,53,-2,3,Clothing,Saree,Debit Card,,,,,
B-34887,54,8,4,Clothing,T-shirt,Debit Card,,,,,
B-34888,352,-345,5,Clothing,Saree,Credit Card,,,,,
B-34889,349,0,7,Clothing,Stole,Credit Card,,,,,
B-34890,341,-85,6,Clothing,Trousers,Credit Card,,,,,
B-34891,54,12,3,Clothing,Saree,Debit Card,,,,,
B-34892,57,7,2,Clothing,Shirt,UPI,,,,,
B-34893,340,20,7,Clothing,Shirt,Credit Card,,,,,
B-34894,227,48,5,Clothing,Stole,COD,,,,,
B-34895,330,81,1,Furniture,Bookcases,Credit Card,,,,,
B-34896,216,-38,6,Furniture,Furnishings,UPI,,,,,
B-34897,224,-143,3,Furniture,Chairs,COD,,,,,
B-34898,55,-33,2,Furniture,Chairs,Debit Card,,,,,
B-34899,49,21,1,Clothing,Stole,UPI,,,,,
B-34900,224,87,3,Clothing,Trousers,COD,,,,,
B-34901,223,27,2,Furniture,Bookcases,COD,,,,,
B-34902,324,39,8,Electronics,Accessories,Credit Card,,,,,
B-34903,56,18,2,Clothing,Hankerchief,Debit Card,,,,,
B-34904,223,62,7,Clothing,Shirt,COD,,,,,
B-34905,10,2,2,Clothing,Skirt,COD,,,,,
B-34906,57,6,5,Clothing,Leggings,Debit Card,,,,,
B-34907,322,-113,4,Clothing,Saree,Credit Card,,,,,
B-34908,219,4,2,Clothing,Saree,COD,,,,,
B-34909,103,21,7,Clothing,Stole,UPI,,,,,
B-34910,47,-27,4,Clothing,Saree,COD,,,,,
B-34911,219,0,1,Clothing,Saree,COD,,,,,
B-34912,57,-48,6,Clothing,Leggings,Debit Card,,,,,
B-34913,319,102,6,Electronics,Accessories,Credit Card,,,,,
B-34914,315,-8,3,Furniture,Chairs,Credit Card,,,,,
B-34915,314,-41,3,Electronics,Electronic Games,Credit Card,,,,,
B-34916,311,40,1,Electronics,Electronic Games,EMI,,,,,
B-34917,307,74,3,Electronics,Accessories,EMI,,,,,
B-34918,294,109,7,Electronics,Accessories,EMI,,,,,
B-34919,216,-83,3,Electronics,Electronic Games,COD,,,,,
B-34920,58,-42,2,Furniture,Chairs,Debit Card,,,,,
B-34921,48,20,4,Clothing,Stole,UPI,,,,,
B-34922,54,14,3,Clothing,T-shirt,UPI,,,,,
B-34923,216,50,4,Clothing,Stole,COD,,,,,
B-34924,215,-30,2,Clothing,Saree,COD,,,,,
B-34925,43,8,3,Clothing,Leggings,COD,,,,,
B-34926,136,-33,5,Clothing,Saree,COD,,,,,
B-34927,59,-30,3,Clothing,Leggings,Debit Card,,,,,
B-34928,213,4,14,Clothing,Shirt,COD,,,,,
B-34929,59,21,2,Clothing,Stole,Debit Card,,,,,
B-34930,55,3,3,Clothing,T-shirt,COD,,,,,
B-34931,294,62,9,Clothing,T-shirt,EMI,,,,,
B-34932,210,62,2,Electronics,Phones,COD,,,,,
B-34933,59,24,6,Clothing,Kurti,Debit Card,,,,,
B-34934,396,-31,9,Clothing,Saree,COD,,,,,
B-34935,284,45,2,Furniture,Bookcases,EMI,,,,,
B-34936,276,52,5,Clothing,Saree,EMI,,,,,
B-34937,23,2,2,Clothing,Skirt,UPI,,,,,
B-34938,209,-63,4,Electronics,Electronic Games,COD,,,,,
B-34939,50,-28,5,Furniture,Furnishings,COD,,,,,
B-34940,57,27,2,Clothing,Shirt,COD,,,,,
B-34941,276,-21,2,Electronics,Phones,EMI,,,,,
B-34942,268,6,2,Furniture,Bookcases,UPI,,,,,
B-34943,269,111,3,Clothing,Trousers,EMI,,,,,
B-34944,209,2,1,Clothing,Saree,COD,,,,,
B-34945,60,-12,4,Clothing,Hankerchief,Debit Card,,,,,
B-34946,269,-86,2,Electronics,Electronic Games,EMI,,,,,
B-34947,208,-25,2,Clothing,Saree,COD,,,,,
B-34948,27,2,2,Clothing,Leggings,UPI,,,,,
B-34949,206,-206,3,Clothing,Saree,COD,,,,,
B-34950,61,8,4,Clothing,Hankerchief,Debit Card,,,,,
B-34951,212,-24,2,Furniture,Chairs,COD,,,,,
B-34952,262,64,6,Clothing,Saree,EMI,,,,,
B-34953,204,276,3,Furniture,Bookcases,COD,,,,,
B-34954,59,-46,7,Clothing,T-shirt,UPI,,,,,
B-34955,199,-18,2,Clothing,Saree,COD,,,,,
B-34956,59,6,1,Electronics,Accessories,UPI,,,,,
B-34957,45,9,3,Clothing,Leggings,UPI,,,,,
B-34958,211,19,8,Clothing,Stole,COD,,,,,
B-34959,65,-16,2,Electronics,Phones,Debit Card,,,,,
B-34960,25,0,4,Clothing,Skirt,UPI,,,,,
B-34961,196,-7,5,Electronics,Phones,COD,,,,,
B-34962,261,13,6,Clothing,Shirt,Credit Card,,,,,
B-34963,195,-117,5,Electronics,Phones,COD,,,,,
B-34964,192,-146,3,Clothing,Saree,COD,,,,,
B-34965,189,87,7,Clothing,Stole,COD,,,,,
B-34966,32,2,2,Clothing,Kurti,UPI,,,,,
B-34967,188,13,7,Clothing,Shirt,COD,,,,,
B-34968,73,-25,3,Clothing,Saree,COD,,,,,
B-34969,259,47,5,Clothing,Hankerchief,Credit Card,,,,,
B-34970,187,-15,3,Clothing,Trousers,COD,,,,,
B-34971,26,11,2,Clothing,Hankerchief,UPI,,,,,
B-34972,185,-26,6,Furniture,Chairs,COD,,,,,
B-34973,248,8,2,Clothing,Saree,Credit Card,,,,,
B-34974,67,9,4,Clothing,Leggings,Debit Card,,,,,
B-34975,248,-70,3,Furniture,Chairs,Credit Card,,,,,
B-34976,246,61,2,Furniture,Bookcases,Credit Card,,,,,
B-34977,179,-25,5,Clothing,Kurti,COD,,,,,
B-34978,176,-28,5,Furniture,Furnishings,COD,,,,,
B-34979,176,-13,5,Furniture,Furnishings,COD,,,,,
B-34980,68,-62,2,Clothing,Trousers,Debit Card,,,,,
B-34981,176,37,6,Electronics,Accessories,COD,,,,,
B-34982,88,11,7,Clothing,Hankerchief,UPI,,,,,
B-34983,68,20,5,Clothing,Hankerchief,Debit Card,,,,,
B-34984,231,99,2,Electronics,Electronic Games,Credit Card,,,,,
B-34985,62,8,2,Clothing,T-shirt,UPI,,,,,
B-34986,175,77,3,Clothing,Saree,COD,,,,,
B-34987,71,4,5,Clothing,Leggings,Debit Card,,,,,
B-34988,174,-70,3,Electronics,Accessories,COD,,,,,
B-34989,173,69,3,Furniture,Chairs,COD,,,,,
B-34990,171,2,2,Electronics,Electronic Games,COD,,,,,
B-34991,268,-25,3,Clothing,Saree,COD,,,,,
B-34992,71,32,3,Clothing,Saree,Debit Card,,,,,
B-34993,29,10,4,Clothing,Hankerchief,UPI,,,,,
B-34994,65,17,2,Clothing,T-shirt,UPI,,,,,
B-34995,72,-46,7,Clothing,Kurti,Debit Card,,,,,
B-34996,168,-51,2,Furniture,Bookcases,COD,,,,,
B-34997,165,30,3,Clothing,Stole,COD,,,,,
B-34998,74,-59,2,Electronics,Accessories,Debit Card,,,,,
B-34999,89,17,2,Clothing,Stole,UPI,,,,,
B-35000,228,63,3,Electronics,Electronic Games,Credit Card,,,,,
B-35001,119,-24,4,Furniture,Furnishings,COD,,,,,
B-35002,75,-25,3,Clothing,Stole,UPI,,,,,
B-35003,67,20,4,Clothing,T-shirt,UPI,,,,,
B-35004,7,0,1,Clothing,Leggings,COD,,,,,
B-35005,222,35,5,Clothing,Saree,Credit Card,,,,,
B-35006,219,-9,4,Clothing,Saree,Credit Card,,,,,
B-35007,42,-23,2,Furniture,Furnishings,UPI,,,,,
B-35008,216,-135,3,Furniture,Chairs,Credit Card,,,,,
B-35009,47,-21,2,Electronics,Electronic Games,COD,,,,,
B-35010,68,-55,5,Electronics,Accessories,UPI,,,,,
B-35011,74,33,2,Clothing,Shirt,Debit Card,,,,,
B-35012,165,46,3,Furniture,Furnishings,COD,,,,,
B-35013,101,11,2,Clothing,Hankerchief,UPI,,,,,
B-35014,162,73,2,Electronics,Electronic Games,COD,,,,,
B-35015,20,-22,1,Furniture,Furnishings,UPI,,,,,
B-35016,162,55,3,Clothing,Stole,COD,,,,,
B-35017,229,-23,2,Clothing,Saree,UPI,,,,,
B-35018,27,0,2,Clothing,Leggings,COD,,,,,
B-35019,685,7,7,Clothing,Trousers,UPI,,,,,
B-35020,75,2,5,Clothing,Leggings,Debit Card,,,,,
B-35021,161,-229,8,Furniture,Furnishings,COD,,,,,
B-35022,71,19,3,Clothing,T-shirt,COD,,,,,
B-35023,211,-105,2,Clothing,Saree,Credit Card,,,,,
B-35024,79,5,6,Clothing,Hankerchief,Debit Card,,,,,
B-35025,32,-22,5,Clothing,Saree,UPI,,,,,
B-35026,161,40,3,Clothing,Stole,COD,,,,,
B-35027,159,4,1,Clothing,Saree,COD,,,,,
B-35028,210,-50,4,Clothing,Hankerchief,Credit Card,,,,,
B-35029,79,39,2,Clothing,Shirt,Debit Card,,,,,
B-35030,207,153,3,Clothing,Saree,Credit Card,,,,,
B-35031,36,0,4,Clothing,Kurti,COD,,,,,
B-35032,206,12,1,Electronics,Printers,Credit Card,,,,,
B-35033,46,0,4,Clothing,Leggings,COD,,,,,
B-35034,156,23,3,Clothing,Stole,COD,,,,,
B-35035,154,54,3,Clothing,Hankerchief,COD,,,,,
B-35036,36,15,3,Clothing,Stole,UPI,,,,,
B-35037,206,51,4,Clothing,Hankerchief,Credit Card,,,,,
B-35038,200,7,4,Electronics,Electronic Games,Credit Card,,,,,
B-35039,199,-1,1,Clothing,Saree,Credit Card,,,,,
B-35040,154,22,7,Clothing,T-shirt,COD,,,,,
B-35041,152,23,3,Furniture,Furnishings,COD,,,,,
B-35042,152,50,6,Clothing,Stole,COD,,,,,
B-35043,122,-21,3,Furniture,Furnishings,UPI,,,,,
B-35044,149,48,6,Clothing,Stole,COD,,,,,
B-35045,149,-87,4,Clothing,Saree,COD,,,,,
B-35046,197,20,4,Clothing,Kurti,Credit Card,,,,,
B-35047,76,-54,3,Electronics,Electronic Games,COD,,,,,
B-35048,221,-15,2,Electronics,Electronic Games,COD,,,,,
B-35049,79,32,3,Clothing,Saree,Debit Card,,,,,
B-35050,45,12,7,Clothing,Hankerchief,UPI,,,,,
B-35051,149,-1,1,Clothing,Saree,COD,,,,,
B-35052,80,22,3,Clothing,Stole,Debit Card,,,,,
B-35053,195,12,9,Clothing,Shirt,Credit Card,,,,,
B-35054,19,0,3,Clothing,Skirt,UPI,,,,,
B-35055,81,41,3,Clothing,Stole,Debit Card,,,,,
B-35056,83,34,5,Clothing,Shirt,Debit Card,,,,,
B-35057,149,17,4,Furniture,Furnishings,COD,,,,,
B-35058,193,46,1,Electronics,Printers,Credit Card,,,,,
B-35059,85,24,10,Clothing,Hankerchief,Debit Card,,,,,
B-35060,44,-17,5,Clothing,Saree,UPI,,,,,
B-35061,149,-40,2,Electronics,Phones,COD,,,,,
B-35062,26,0,2,Clothing,Kurti,COD,,,,,
B-35063,86,0,4,Clothing,T-shirt,Debit Card,,,,,
B-35064,86,22,2,Clothing,Saree,Debit Card,,,,,
B-35065,79,16,3,Clothing,T-shirt,COD,,,,,
B-35066,193,-275,3,Electronics,Phones,Credit Card,,,,,
B-35067,148,0,3,Clothing,Saree,COD,,,,,
B-35068,70,-14,2,Furniture,Furnishings,UPI,,,,,
B-35069,148,59,3,Clothing,Hankerchief,COD,,,,,
B-35070,190,19,9,Furniture,Furnishings,Credit Card,,,,,
B-35071,52,14,2,Clothing,Stole,COD,,,,,
B-35072,147,44,3,Clothing,Saree,COD,,,,,
B-35073,190,68,8,Clothing,T-shirt,Credit Card,,,,,
B-35074,80,-56,4,Electronics,Electronic Games,UPI,,,,,
B-35075,147,48,3,Clothing,Saree,COD,,,,,
B-35076,66,12,3,Clothing,Stole,COD,,,,,
B-35077,86,8,2,Clothing,Saree,Debit Card,,,,,
B-35078,88,19,2,Clothing,Shirt,Debit Card,,,,,
B-35079,188,-193,2,Electronics,Electronic Games,Credit Card,,,,,
B-35080,89,29,2,Clothing,Stole,UPI,,,,,
B-35081,146,19,5,Clothing,Stole,COD,,,,,
B-35082,143,32,1,Furniture,Bookcases,COD,,,,,
B-35083,25,-1,4,Clothing,Kurti,COD,,,,,
B-35084,30,12,3,Clothing,Skirt,UPI,,,,,
B-35085,140,-58,4,Furniture,Furnishings,COD,,,,,
B-35086,83,-48,1,Furniture,Bookcases,UPI,,,,,
B-35087,140,6,5,Clothing,Saree,COD,,,,,
B-35088,28,14,4,Clothing,Hankerchief,COD,,,,,
B-35089,139,14,3,Clothing,Stole,COD,,,,,
B-35090,30,14,3,Clothing,Hankerchief,UPI,,,,,
B-35091,89,36,3,Clothing,Shirt,UPI,,,,,
B-35092,187,30,4,Electronics,Accessories,Credit Card,,,,,
B-35093,139,21,3,Electronics,Accessories,COD,,,,,
B-35094,437,-14,2,Clothing,Saree,UPI,,,,,
B-35095,138,-3,5,Clothing,Saree,COD,,,,,
B-35096,85,13,2,Clothing,Shirt,UPI,,,,,
B-35097,83,12,3,Clothing,Stole,UPI,,,,,
B-35098,91,22,2,Clothing,Stole,UPI,,,,,
B-35099,137,5,5,Clothing,Shirt,COD,,,,,
B-35100,33,-12,7,Clothing,Saree,UPI,,,,,
B-35101,134,-34,2,Furniture,Chairs,COD,,,,,
B-35102,134,42,2,Furniture,Chairs,COD,,,,,
B-35103,133,-56,2,Furniture,Chairs,COD,,,,,
B-35104,93,-84,3,Clothing,Saree,UPI,,,,,
B-35105,86,-21,1,Electronics,Electronic Games,UPI,,,,,
B-35106,132,54,5,Clothing,Stole,COD,,,,,
B-35107,132,-10,3,Clothing,Saree,COD,,,,,
B-35108,132,-79,5,Furniture,Furnishings,COD,,,,,
B-35109,93,-65,4,Clothing,Stole,UPI,,,,,
B-35110,95,5,2,Clothing,Stole,UPI,,,,,
B-35111,97,12,2,Clothing,Hankerchief,UPI,,,,,
B-35112,131,-154,8,Furniture,Furnishings,COD,,,,,
B-35113,97,29,2,Clothing,Hankerchief,UPI,,,,,
B-35114,128,4,3,Clothing,Saree,COD,,,,,
B-35115,186,241,9,Clothing,Shirt,Credit Card,,,,,
B-35116,128,47,4,Clothing,Hankerchief,COD,,,,,
B-35117,185,48,4,Clothing,Stole,Credit Card,,,,,
B-35118,29,10,2,Clothing,Stole,COD,,,,,
B-35119,127,29,3,Furniture,Furnishings,COD,,,,,
B-35120,97,36,7,Clothing,Hankerchief,UPI,,,,,
B-35121,125,0,3,Electronics,Accessories,COD,,,,,
B-35122,299,-8,2,Clothing,Saree,COD,,,,,
B-35123,124,54,5,Clothing,T-shirt,COD,,,,,
B-35124,90,17,3,Clothing,Shirt,COD,,,,,
B-35125,122,11,4,Clothing,Hankerchief,COD,,,,,
B-35126,122,-66,9,Electronics,Accessories,COD,,,,,
B-35127,90,30,2,Furniture,Chairs,UPI,,,,,
B-35128,182,-11,3,Furniture,Bookcases,Credit Card,,,,,
B-35129,122,59,7,Furniture,Furnishings,COD,,,,,
B-35130,121,19,4,Clothing,Stole,COD,,,,,
B-35131,120,1,1,Furniture,Chairs,COD,,,,,
B-35132,120,23,5,Clothing,Stole,COD,,,,,
B-35133,34,-11,5,Clothing,T-shirt,COD,,,,,
B-35134,117,17,6,Clothing,Kurti,COD,,,,,
B-35135,38,9,2,Clothing,Stole,COD,,,,,
B-35136,117,-6,3,Electronics,Phones,COD,,,,,
B-35137,180,54,4,Clothing,T-shirt,Credit Card,,,,,
B-35138,99,-5,1,Clothing,Saree,UPI,,,,,
B-35139,172,-103,3,Furniture,Chairs,EMI,,,,,
B-35140,116,16,4,Clothing,Stole,COD,,,,,
B-35141,116,-4,1,Clothing,Saree,COD,,,,,
B-35142,171,68,7,Clothing,Stole,EMI,,,,,
B-35143,46,14,5,Clothing,Skirt,COD,,,,,
B-35144,115,-39,3,Clothing,Trousers,COD,,,,,
B-35145,100,7,2,Clothing,T-shirt,UPI,,,,,
B-35146,44,8,2,Clothing,Stole,COD,,,,,
B-35147,139,14,3,Clothing,Kurti,COD,,,,,
B-35148,171,-140,2,Furniture,Bookcases,EMI,,,,,
B-35149,100,12,2,Clothing,T-shirt,UPI,,,,,
B-35150,115,25,6,Clothing,Stole,COD,,,,,
B-35151,168,-9,3,Clothing,Saree,COD,,,,,
B-35152,115,47,2,Electronics,Accessories,COD,,,,,
B-35153,168,-111,2,Electronics,Phones,EMI,,,,,
B-35154,31,-7,5,Clothing,Skirt,UPI,,,,,
B-35155,114,41,6,Furniture,Furnishings,COD,,,,,
B-35156,111,9,4,Clothing,Stole,COD,,,,,
B-35157,11,-8,2,Clothing,Skirt,UPI,,,,,
B-35158,110,35,1,Furniture,Furnishings,COD,,,,,
B-35159,59,15,2,Clothing,T-shirt,UPI,,,,,
B-35160,166,27,2,Electronics,Accessories,EMI,,,,,
B-35161,109,-6,6,Clothing,Saree,COD,,,,,
B-35162,34,-6,4,Clothing,Leggings,COD,,,,,
B-35163,109,40,1,Furniture,Furnishings,COD,,,,,
B-35164,108,22,3,Electronics,Accessories,COD,,,,,
B-35165,103,50,2,Furniture,Furnishings,UPI,,,,,
B-35166,10,-8,2,Clothing,Skirt,COD,,,,,
B-35167,90,17,3,Clothing,Hankerchief,COD,,,,,
B-35168,105,46,2,Clothing,Stole,UPI,,,,,
B-35169,105,20,2,Clothing,Stole,Debit Card,,,,,
B-35170,22,-6,1,Furniture,Furnishings,COD,,,,,
B-35171,105,-33,5,Clothing,Kurti,COD,,,,,
B-35172,105,25,2,Clothing,Hankerchief,EMI,,,,,
B-35173,25,-7,5,Clothing,Saree,UPI,,,,,
B-35174,104,2,2,Furniture,Furnishings,COD,,,,,
B-35175,16,5,1,Clothing,Stole,UPI,,,,,
B-35176,64,-7,3,Clothing,Saree,COD,,,,,
B-35177,38,-6,2,Furniture,Furnishings,UPI,,,,,
B-35178,83,12,2,Furniture,Chairs,COD,,,,,
B-35179,103,36,2,Clothing,Hankerchief,COD,,,,,
B-35180,37,-6,1,Clothing,Saree,UPI,,,,,
B-35181,105,33,6,Clothing,Saree,EMI,,,,,
B-35182,78,-6,2,Furniture,Furnishings,UPI,,,,,
B-35183,102,-90,1,Clothing,Saree,COD,,,,,
B-35184,102,11,6,Clothing,T-shirt,COD,,,,,
B-35185,10,-8,1,Clothing,Kurti,UPI,,,,,
B-35186,101,18,9,Clothing,Skirt,COD,,,,,
B-35187,42,-6,4,Clothing,Saree,UPI,,,,,
B-35188,56,18,2,Clothing,Hankerchief,UPI,,,,,
B-35189,95,5,2,Clothing,Stole,COD,,,,,
B-35190,159,2,3,Furniture,Furnishings,EMI,,,,,
B-35191,158,69,3,Clothing,Stole,EMI,,,,,
B-35192,106,0,2,Electronics,Phones,EMI,,,,,
B-35193,101,16,4,Clothing,T-shirt,COD,,,,,
B-35194,107,37,3,Clothing,Shirt,COD,,,,,
B-35195,156,36,5,Clothing,T-shirt,EMI,,,,,
B-35196,108,-19,3,Electronics,Electronic Games,UPI,,,,,
B-35197,107,-54,4,Clothing,Stole,EMI,,,,,
B-35198,100,-58,4,Clothing,Hankerchief,COD,,,,,
B-35199,108,26,4,Clothing,Shirt,UPI,,,,,
B-35200,100,6,4,Clothing,Stole,COD,,,,,
B-35201,100,-23,1,Electronics,Phones,COD,,,,,
B-35202,43,17,2,Clothing,T-shirt,UPI,,,,,
B-35203,155,26,3,Clothing,Stole,EMI,,,,,
B-35204,151,9,3,Clothing,Hankerchief,EMI,,,,,
B-35205,151,29,5,Clothing,Hankerchief,EMI,,,,,
B-35206,110,-68,4,Clothing,Saree,EMI,,,,,
B-35207,98,9,2,Furniture,Furnishings,COD,,,,,
B-35208,97,-62,2,Clothing,Trousers,COD,,,,,
B-35209,111,35,5,Clothing,Shirt,COD,,,,,
B-35210,45,17,1,Electronics,Accessories,COD,,,,,
B-35211,112,15,2,Furniture,Chairs,COD,,,,,
B-35212,110,20,5,Clothing,Stole,Debit Card,,,,,
B-35213,98,-5,2,Clothing,Saree,UPI,,,,,
B-35214,110,12,7,Clothing,Stole,Debit Card,,,,,
B-35215,95,11,4,Furniture,Furnishings,COD,,,,,
B-35216,1228,14,3,Furniture,Chairs,UPI,,,,,
B-35217,29,0,3,Furniture,Furnishings,COD,,,,,
B-35218,94,27,2,Clothing,T-shirt,COD,,,,,
B-35219,115,25,1,Electronics,Accessories,COD,,,,,
B-35220,149,15,3,Clothing,Saree,EMI,,,,,
B-35221,148,23,4,Clothing,Kurti,EMI,,,,,
B-35222,93,15,2,Electronics,Accessories,COD,,,,,
B-35223,113,24,4,Clothing,Hankerchief,Debit Card,,,,,
B-35224,48,2,3,Clothing,Stole,COD,,,,,
B-35225,148,9,1,Electronics,Electronic Games,UPI,,,,,
B-35226,114,11,4,Clothing,T-shirt,Debit Card,,,,,
B-35227,92,42,2,Clothing,Stole,COD,,,,,
B-35228,117,14,3,Clothing,Shirt,UPI,,,,,
B-35229,21,-10,4,Clothing,Leggings,COD,,,,,
B-35230,33,-10,6,Clothing,Leggings,UPI,,,,,
B-35231,114,8,3,Electronics,Accessories,Debit Card,,,,,
B-35232,115,0,1,Electronics,Accessories,Debit Card,,,,,
B-35233,90,29,5,Clothing,T-shirt,COD,,,,,
B-35234,61,1,2,Furniture,Furnishings,COD,,,,,
B-35235,119,1,1,Furniture,Chairs,COD,,,,,
B-35236,117,36,2,Clothing,Trousers,Debit Card,,,,,
B-35237,148,54,2,Furniture,Chairs,UPI,,,,,
B-35238,249,-5,4,Clothing,Saree,COD,,,,,
B-35239,147,73,3,Clothing,Stole,UPI,,,,,
B-35240,118,35,7,Clothing,T-shirt,EMI,,,,,
B-35241,119,56,7,Clothing,Saree,EMI,,,,,
B-35242,90,27,2,Clothing,T-shirt,COD,,,,,
B-35243,32,1,2,Clothing,Stole,COD,,,,,
B-35244,89,-89,2,Furniture,Furnishings,COD,,,,,
B-35245,146,66,1,Electronics,Phones,UPI,,,,,
B-35246,89,-37,4,Clothing,Shirt,COD,,,,,
B-35247,88,11,3,Electronics,Accessories,COD,,,,,
B-35248,121,41,4,Clothing,Stole,EMI,,,,,
B-35249,88,20,2,Clothing,Saree,COD,,,,,
B-35250,87,-83,5,Clothing,Kurti,COD,,,,,
B-35251,87,4,2,Clothing,Shirt,COD,,,,,
B-35252,122,15,3,Electronics,Accessories,EMI,,,,,
B-35253,87,10,3,Clothing,Stole,COD,,,,,
B-35254,53,8,3,Furniture,Furnishings,UPI,,,,,
B-35255,87,-32,9,Clothing,Skirt,COD,,,,,
B-35256,86,-55,6,Clothing,Saree,COD,,,,,
B-35257,125,22,3,Clothing,Stole,EMI,,,,,
B-35258,128,-3,3,Clothing,Saree,Debit Card,,,,,
B-35259,143,-124,5,Clothing,Saree,UPI,,,,,
B-35260,86,22,2,Clothing,Saree,COD,,,,,
B-35261,86,9,3,Clothing,Saree,COD,,,,,
B-35262,85,-9,4,Clothing,Saree,COD,,,,,
B-35263,129,-75,5,Clothing,Shirt,Debit Card,,,,,
B-35264,84,-42,2,Electronics,Accessories,COD,,,,,
B-35265,83,-81,3,Furniture,Chairs,COD,,,,,
B-35266,143,6,2,Electronics,Accessories,UPI,,,,,
B-35267,336,123,3,Electronics,Phones,UPI,,,,,
B-35268,323,122,5,Electronics,Phones,UPI,,,,,
B-35269,130,61,3,Clothing,Shirt,Debit Card,,,,,
B-35270,152,-3,5,Clothing,Saree,COD,,,,,
B-35271,25,10,1,Furniture,Furnishings,UPI,,,,,
B-35272,140,15,5,Clothing,Stole,UPI,,,,,
B-35273,45,0,2,Clothing,Stole,UPI,,,,,
B-35274,132,49,3,Clothing,Shirt,COD,,,,,
B-35275,133,12,5,Clothing,Stole,Debit Card,,,,,
B-35276,82,13,2,Clothing,Shirt,COD,,,,,
B-35277,140,56,4,Clothing,Shirt,UPI,,,,,
B-35278,81,19,7,Clothing,Hankerchief,COD,,,,,
B-35279,137,38,5,Clothing,Hankerchief,Debit Card,,,,,
B-35280,137,-41,3,Electronics,Phones,Debit Card,,,,,
B-35281,140,57,2,Clothing,Trousers,Debit Card,,,,,
B-35282,139,30,3,Clothing,Shirt,UPI,,,,,
B-35283,138,11,5,Clothing,Stole,UPI,,,,,
B-35284,79,-124,9,Clothing,Skirt,COD,,,,,
B-35285,136,41,3,Electronics,Accessories,UPI,,,,,
B-35286,145,16,3,Clothing,T-shirt,Debit Card,,,,,
B-35287,44,20,2,Clothing,T-shirt,UPI,,,,,
B-35288,79,6,7,Clothing,Saree,COD,,,,,
B-35289,79,36,4,Clothing,Shirt,COD,,,,,
B-35290,134,-13,3,Electronics,Electronic Games,UPI,,,,,
B-35291,133,5,5,Clothing,Stole,UPI,,,,,
B-35292,47,20,7,Clothing,Hankerchief,UPI,,,,,
B-35293,133,-42,1,Electronics,Printers,UPI,,,,,
B-35294,78,27,3,Clothing,Stole,COD,,,,,
B-35295,78,7,1,Furniture,Chairs,COD,,,,,
B-35296,76,-92,8,Furniture,Furnishings,COD,,,,,
B-35297,76,-50,1,Clothing,Saree,COD,,,,,
B-35298,76,19,3,Clothing,Hankerchief,COD,,,,,
B-35299,74,29,3,Clothing,Stole,COD,,,,,
B-35300,74,-25,3,Clothing,Stole,COD,,,,,
B-35301,146,-63,3,Electronics,Electronic Games,Debit Card,,,,,
B-35302,73,-31,1,Furniture,Bookcases,COD,,,,,
B-35303,80,22,3,Clothing,Stole,UPI,,,,,
B-35304,133,46,5,Clothing,Shirt,EMI,,,,,
B-35305,146,7,2,Electronics,Phones,Debit Card,,,,,
B-35306,130,-41,4,Clothing,Saree,EMI,,,,,
B-35307,141,41,3,Clothing,Shirt,UPI,,,,,
B-35308,147,21,3,Furniture,Furnishings,Debit Card,,,,,
B-35309,73,-7,1,Electronics,Phones,COD,,,,,
B-35310,148,72,7,Clothing,T-shirt,Debit Card,,,,,
B-35311,58,0,4,Clothing,Saree,UPI,,,,,
B-35312,21,-13,3,Clothing,Leggings,UPI,,,,,
B-35313,148,25,3,Clothing,Saree,Debit Card,,,,,
B-35314,144,-7,4,Electronics,Electronic Games,COD,,,,,
B-35315,145,-104,5,Furniture,Chairs,UPI,,,,,
B-35316,72,-49,1,Electronics,Phones,COD,,,,,
B-35317,125,15,5,Clothing,Shirt,EMI,,,,,
B-35318,149,15,3,Clothing,Saree,Debit Card,,,,,
B-35319,72,16,2,Clothing,Shirt,COD,,,,,
B-35320,71,0,8,Clothing,Skirt,COD,,,,,
B-35321,71,-14,4,Furniture,Furnishings,COD,,,,,
B-35322,154,-85,3,Furniture,Chairs,EMI,,,,,
B-35323,191,13,8,Furniture,Furnishings,COD,,,,,
B-35324,170,19,5,Clothing,T-shirt,UPI,,,,,
B-35325,47,-3,2,Clothing,Stole,UPI,,,,,
B-35326,122,-47,4,Clothing,Saree,EMI,,,,,
B-35327,70,26,5,Clothing,Hankerchief,COD,,,,,
B-35328,155,5,3,Clothing,Stole,EMI,,,,,
B-35329,67,-86,9,Furniture,Furnishings,COD,,,,,
B-35330,67,-42,3,Clothing,Stole,COD,,,,,
B-35331,148,-101,2,Furniture,Bookcases,UPI,,,,,
B-35332,122,38,6,Clothing,T-shirt,Credit Card,,,,,
B-35333,16,-5,2,Clothing,Stole,UPI,,,,,
B-35334,121,-17,3,Furniture,Furnishings,Credit Card,,,,,
B-35335,42,-15,12,Clothing,Skirt,UPI,,,,,
B-35336,65,-4,6,Clothing,Hankerchief,COD,,,,,
B-35337,119,-43,7,Clothing,Kurti,Credit Card,,,,,
B-35338,155,56,3,Furniture,Furnishings,EMI,,,,,
B-35339,119,-5,8,Clothing,Saree,Credit Card,,,,,
B-35340,118,25,4,Clothing,Hankerchief,Credit Card,,,,,
B-35341,116,22,1,Electronics,Accessories,Credit Card,,,,,
B-35342,158,-29,10,Clothing,Hankerchief,EMI,,,,,
B-35343,158,69,3,Clothing,Stole,EMI,,,,,
B-35344,65,-52,3,Electronics,Accessories,COD,,,,,
B-35345,160,-59,2,Clothing,Saree,EMI,,,,,
B-35346,162,20,3,Furniture,Chairs,EMI,,,,,
B-35347,63,1,4,Clothing,T-shirt,COD,,,,,
B-35348,64,27,5,Clothing,Hankerchief,UPI,,,,,
B-35349,166,-113,4,Electronics,Accessories,EMI,,,,,
B-35350,167,43,7,Clothing,T-shirt,EMI,,,,,
B-35351,123,17,3,Furniture,Furnishings,COD,,,,,
B-35352,63,14,2,Clothing,Shirt,COD,,,,,
B-35353,891,0,5,Clothing,Saree,COD,,,,,
B-35354,75,28,9,Clothing,Hankerchief,UPI,,,,,
B-35355,62,6,5,Clothing,Hankerchief,COD,,,,,
B-35356,29,-18,7,Clothing,Skirt,UPI,,,,,
B-35357,168,18,6,Clothing,Stole,Debit Card,,,,,
B-35358,70,24,3,Clothing,Stole,UPI,,,,,
B-35359,169,55,4,Clothing,Saree,Debit Card,,,,,
B-35360,32,-8,2,Clothing,Stole,COD,,,,,
B-35361,44,-8,3,Clothing,Stole,UPI,,,,,
B-35362,116,-56,5,Clothing,Stole,Credit Card,,,,,
B-35363,156,21,3,Furniture,Chairs,COD,,,,,
B-35364,62,6,6,Clothing,Skirt,COD,,,,,
B-35365,54,1,2,Clothing,Saree,UPI,,,,,
B-35366,111,11,9,Clothing,Hankerchief,Credit Card,,,,,
B-35367,158,-63,4,Furniture,Chairs,UPI,,,,,
B-35368,7,-3,2,Clothing,Skirt,UPI,,,,,
B-35369,61,28,2,Clothing,Hankerchief,UPI,,,,,
B-35370,61,-50,4,Clothing,Hankerchief,COD,,,,,
B-35371,154,26,4,Electronics,Accessories,COD,,,,,
B-35372,62,1,3,Clothing,Saree,COD,,,,,
B-35373,169,38,3,Clothing,Saree,Debit Card,,,,,
B-35374,61,18,2,Electronics,Accessories,COD,,,,,
B-35375,61,-23,2,Clothing,Saree,COD,,,,,
B-35376,171,14,9,Clothing,Shirt,Debit Card,,,,,
B-35377,60,-49,8,Clothing,Hankerchief,COD,,,,,
B-35378,25,-11,1,Clothing,Stole,UPI,,,,,
B-35379,163,26,4,Clothing,Shirt,COD,,,,,
B-35380,173,86,1,Electronics,Printers,Debit Card,,,,,
B-35381,257,-3,2,Furniture,Bookcases,UPI,,,,,
B-35382,108,37,2,Clothing,Stole,Credit Card,,,,,
B-35383,177,41,4,Clothing,Shirt,Debit Card,,,,,
B-35384,106,15,7,Clothing,Hankerchief,Credit Card,,,,,
B-35385,41,-14,5,Clothing,Leggings,UPI,,,,,
B-35386,168,-10,3,Electronics,Accessories,UPI,,,,,
B-35387,60,21,4,Clothing,Stole,COD,,,,,
B-35388,31,-11,4,Clothing,Stole,COD,,,,,
B-35389,179,0,2,Clothing,Saree,Debit Card,,,,,
B-35390,106,12,3,Clothing,Trousers,Credit Card,,,,,
B-35391,60,13,2,Clothing,T-shirt,COD,,,,,
B-35392,180,5,3,Clothing,Trousers,Debit Card,,,,,
B-35393,60,-10,2,Furniture,Furnishings,COD,,,,,
B-35394,59,25,3,Clothing,Stole,COD,,,,,
B-35395,170,73,2,Electronics,Accessories,UPI,,,,,
B-35396,59,10,2,Clothing,Hankerchief,COD,,,,,
B-35397,24,-21,7,Clothing,Skirt,COD,,,,,
B-35398,105,-26,8,Clothing,Leggings,Credit Card,,,,,
B-35399,103,46,2,Clothing,Saree,Credit Card,,,,,
B-35400,171,17,6,Clothing,T-shirt,UPI,,,,,
B-35401,102,13,2,Clothing,Stole,Credit Card,,,,,
B-35402,98,12,2,Clothing,Hankerchief,Credit Card,,,,,
B-35403,59,10,4,Clothing,Leggings,COD,,,,,
B-35404,189,60,4,Furniture,Furnishings,Debit Card,,,,,
B-35405,58,-52,3,Furniture,Chairs,COD,,,,,
B-35406,60,3,3,Clothing,Saree,UPI,,,,,
B-35407,58,-8,2,Clothing,Saree,COD,,,,,
B-35408,94,20,2,Furniture,Furnishings,UPI,,,,,
B-35409,193,-166,3,Clothing,Saree,EMI,,,,,
B-35410,199,0,4,Clothing,Stole,EMI,,,,,
B-35411,202,89,9,Clothing,T-shirt,EMI,,,,,
B-35412,58,17,2,Clothing,Hankerchief,COD,,,,,
B-35413,57,-28,2,Clothing,Kurti,COD,,,,,
B-35414,204,-94,4,Clothing,Hankerchief,EMI,,,,,
B-35415,98,-12,2,Electronics,Electronic Games,Credit Card,,,,,
B-35416,22,-12,3,Clothing,Stole,COD,,,,,
B-35417,97,17,2,Clothing,Stole,Credit Card,,,,,
B-35418,57,24,5,Clothing,Leggings,COD,,,,,
B-35419,97,14,2,Clothing,T-shirt,Credit Card,,,,,
B-35420,97,17,2,Clothing,Stole,Credit Card,,,,,
B-35421,96,22,5,Clothing,Stole,Credit Card,,,,,
B-35422,94,27,2,Clothing,Shirt,Credit Card,,,,,
B-35423,26,-17,1,Clothing,Stole,COD,,,,,
B-35424,93,44,2,Clothing,Stole,Credit Card,,,,,
B-35425,93,-65,4,Clothing,Stole,Credit Card,,,,,
B-35426,92,5,6,Clothing,Hankerchief,Credit Card,,,,,
B-35427,57,27,2,Clothing,T-shirt,COD,,,,,
B-35428,57,7,3,Furniture,Furnishings,COD,,,,,
B-35429,57,21,4,Clothing,Leggings,COD,,,,,
B-35430,128,4,3,Clothing,Saree,COD,,,,,
B-35431,89,-4,5,Clothing,Saree,Credit Card,,,,,
B-35432,221,26,7,Furniture,Furnishings,COD,,,,,
B-35433,205,-119,3,Clothing,Saree,Debit Card,,,,,
B-35434,191,51,5,Clothing,Shirt,UPI,,,,,
B-35435,206,18,4,Clothing,Hankerchief,Debit Card,,,,,
B-35436,56,0,4,Clothing,Hankerchief,COD,,,,,
B-35437,88,16,4,Clothing,Stole,Credit Card,,,,,
B-35438,224,58,3,Electronics,Phones,UPI,,,,,
B-35439,193,8,4,Clothing,T-shirt,UPI,,,,,
B-35440,87,36,5,Clothing,Stole,Credit Card,,,,,
B-35441,189,4,1,Clothing,Saree,UPI,,,,,
B-35442,55,-33,2,Furniture,Chairs,COD,,,,,
B-35443,85,-1,3,Clothing,Saree,Credit Card,,,,,
B-35444,252,56,2,Electronics,Phones,UPI,,,,,
B-35445,197,73,1,Furniture,Bookcases,COD,,,,,
B-35446,17,-3,2,Clothing,Stole,UPI,,,,,
B-35447,100,28,2,Clothing,Hankerchief,UPI,,,,,
B-35448,80,-19,5,Clothing,Stole,UPI,,,,,
B-35449,75,29,1,Clothing,Trousers,UPI,,,,,
B-35450,26,4,2,Clothing,Saree,UPI,,,,,
B-35451,55,12,5,Clothing,Skirt,COD,,,,,
B-35452,157,5,9,Clothing,Saree,UPI,,,,,
B-35453,200,-60,4,Furniture,Bookcases,UPI,,,,,
B-35454,230,5,2,Clothing,Saree,UPI,,,,,
B-35455,213,-145,3,Furniture,Bookcases,Debit Card,,,,,
B-35456,55,4,2,Clothing,Stole,COD,,,,,
B-35457,220,-19,2,Clothing,Saree,Debit Card,,,,,
B-35458,150,32,3,Clothing,Hankerchief,COD,,,,,
B-35459,203,84,2,Electronics,Printers,UPI,,,,,
B-35460,93,31,3,Electronics,Accessories,UPI,,,,,
B-35461,290,35,6,Clothing,Hankerchief,COD,,,,,
B-35462,48,6,1,Clothing,Saree,COD,,,,,
B-35463,221,35,4,Electronics,Accessories,Debit Card,,,,,
B-35464,55,18,2,Clothing,Kurti,COD,,,,,
B-35465,227,102,8,Electronics,Accessories,Debit Card,,,,,
B-35466,55,-39,4,Clothing,Stole,COD,,,,,
B-35467,207,33,2,Electronics,Accessories,UPI,,,,,
B-35468,64,6,4,Clothing,Saree,COD,,,,,
B-35469,89,6,5,Clothing,Saree,COD,,,,,
B-35470,54,27,2,Clothing,Stole,COD,,,,,
B-35471,84,41,3,Clothing,T-shirt,Credit Card,,,,,
B-35472,209,-21,2,Electronics,Electronic Games,UPI,,,,,
B-35473,79,33,4,Clothing,Stole,UPI,,,,,
B-35474,54,8,4,Clothing,T-shirt,COD,,,,,
B-35475,229,59,9,Clothing,Saree,Debit Card,,,,,
B-35476,158,38,3,Clothing,Hankerchief,UPI,,,,,
B-35477,248,105,2,Electronics,Phones,Debit Card,,,,,
B-35478,199,6,2,Clothing,Saree,UPI,,,,,
B-35479,253,-11,1,Clothing,Trousers,Debit Card,,,,,
B-35480,257,-252,4,Clothing,Saree,Debit Card,,,,,
B-35481,193,33,5,Electronics,Accessories,COD,,,,,
B-35482,109,35,6,Clothing,T-shirt,COD,,,,,
B-35483,214,30,3,Electronics,Accessories,COD,,,,,
B-35484,141,7,7,Clothing,Saree,COD,,,,,
B-35485,201,32,4,Furniture,Furnishings,UPI,,,,,
B-35486,54,12,4,Clothing,Shirt,COD,,,,,
B-35487,83,6,6,Clothing,Shirt,EMI,,,,,
B-35488,54,-3,3,Clothing,Saree,COD,,,,,
B-35489,53,5,3,Clothing,T-shirt,COD,,,,,
B-35490,258,-27,2,Electronics,Phones,Debit Card,,,,,
B-35491,199,8,2,Clothing,Saree,COD,,,,,
B-35492,82,-27,3,Clothing,Kurti,EMI,,,,,
B-35493,139,36,3,Clothing,Stole,COD,,,,,
B-35494,53,15,2,Clothing,Stole,COD,,,,,
B-35495,53,1,4,Clothing,Stole,COD,,,,,
B-35496,101,38,2,Furniture,Furnishings,COD,,,,,
B-35497,262,215,2,Electronics,Printers,Debit Card,,,,,
B-35498,82,-39,5,Clothing,T-shirt,EMI,,,,,
B-35499,154,39,3,Clothing,Hankerchief,COD,,,,,
B-35500,52,18,2,Clothing,Stole,COD,,,,,
B-35501,1599,37,6,Electronics,Electronic Games,UPI,,,,,
B-35502,338,41,7,Clothing,Hankerchief,UPI,,,,,
B-35503,51,-49,2,Electronics,Electronic Games,COD,,,,,
B-35504,224,-81,3,Furniture,Chairs,COD,,,,,
B-35505,207,37,4,Clothing,Hankerchief,COD,,,,,
B-35506,51,14,2,Clothing,Stole,COD,,,,,
B-35507,82,8,3,Electronics,Accessories,EMI,,,,,
B-35508,50,-17,2,Clothing,Stole,COD,,,,,
B-35509,263,-31,9,Electronics,Electronic Games,Debit Card,,,,,
B-35510,50,7,6,Clothing,Skirt,COD,,,,,
B-35511,245,-3,4,Electronics,Phones,UPI,,,,,
B-35512,82,24,6,Clothing,Hankerchief,EMI,,,,,
B-35513,229,-41,8,Electronics,Accessories,COD,,,,,
B-35514,50,14,1,Electronics,Electronic Games,COD,,,,,
B-35515,220,40,2,Electronics,Accessories,COD,,,,,
B-35516,263,-63,2,Electronics,Electronic Games,Debit Card,,,,,
B-35517,81,-41,5,Clothing,Leggings,EMI,,,,,
B-35518,50,-17,2,Clothing,Stole,COD,,,,,
B-35519,49,5,4,Clothing,Hankerchief,COD,,,,,
B-35520,237,47,9,Clothing,T-shirt,UPI,,,,,
B-35521,264,-30,3,Furniture,Furnishings,Debit Card,,,,,
B-35522,49,3,1,Clothing,Shirt,COD,,,,,
B-35523,63,-24,6,Clothing,Kurti,COD,,,,,
B-35524,81,-51,7,Clothing,Stole,EMI,,,,,
B-35525,264,71,10,Furniture,Furnishings,Debit Card,,,,,
B-35526,48,11,2,Clothing,Shirt,COD,,,,,
B-35527,48,15,1,Clothing,Hankerchief,COD,,,,,
B-35528,245,-78,2,Electronics,Printers,UPI,,,,,
B-35529,146,42,5,Clothing,Hankerchief,UPI,,,,,
B-35530,245,10,2,Furniture,Bookcases,COD,,,,,
B-35531,245,91,2,Furniture,Bookcases,UPI,,,,,
B-35532,80,3,3,Clothing,Stole,EMI,,,,,
B-35533,269,33,5,Furniture,Chairs,Debit Card,,,,,
B-35534,80,22,3,Clothing,Stole,EMI,,,,,
B-35535,284,44,6,Clothing,Hankerchief,COD,,,,,
B-35536,313,44,3,Electronics,Electronic Games,COD,,,,,
B-35537,80,-26,9,Clothing,Skirt,EMI,,,,,
B-35538,48,-8,8,Clothing,Stole,COD,,,,,
B-35539,87,16,2,Clothing,Saree,UPI,,,,,
B-35540,47,-114,5,Furniture,Furnishings,COD,,,,,
B-35541,140,28,2,Electronics,Phones,COD,,,,,
B-35542,47,1,2,Clothing,Stole,COD,,,,,
B-35543,79,-2,2,Furniture,Furnishings,EMI,,,,,
B-35544,78,-64,7,Clothing,Stole,EMI,,,,,
B-35545,47,-3,2,Clothing,Stole,COD,,,,,
B-35546,185,48,4,Clothing,Stole,UPI,,,,,
B-35547,77,36,2,Clothing,Shirt,EMI,,,,,
B-35548,259,47,5,Clothing,Hankerchief,UPI,,,,,
B-35549,75,0,7,Clothing,Saree,EMI,,,,,
B-35550,75,0,3,Clothing,Shirt,EMI,,,,,
B-35551,46,0,4,Clothing,Leggings,COD,,,,,
B-35552,46,13,3,Clothing,Hankerchief,COD,,,,,
B-35553,200,13,5,Electronics,Phones,COD,,,,,
B-35554,46,-14,1,Electronics,Phones,COD,,,,,
B-35555,126,52,4,Clothing,Hankerchief,UPI,,,,,
B-35556,74,29,3,Clothing,Stole,EMI,,,,,
B-35557,45,13,4,Clothing,Skirt,COD,,,,,
B-35558,74,9,3,Clothing,Shirt,UPI,,,,,
B-35559,129,11,2,Electronics,Phones,UPI,,,,,
B-35560,122,50,7,Clothing,Stole,UPI,,,,,
B-35561,74,-51,3,Clothing,Stole,UPI,,,,,
B-35562,278,39,5,Furniture,Chairs,Debit Card,,,,,
B-35563,282,14,4,Clothing,Trousers,Debit Card,,,,,
B-35564,45,0,2,Clothing,T-shirt,COD,,,,,
B-35565,45,6,3,Clothing,Shirt,COD,,,,,
B-35566,45,16,3,Clothing,Stole,COD,,,,,
B-35567,73,-36,3,Furniture,Chairs,UPI,,,,,
B-35568,45,12,4,Clothing,Hankerchief,COD,,,,,
B-35569,72,-6,3,Clothing,Saree,UPI,,,,,
B-35570,71,-44,5,Electronics,Accessories,UPI,,,,,
B-35571,45,-2,4,Clothing,Shirt,COD,,,,,
B-35572,286,140,6,Clothing,Shirt,Debit Card,,,,,
B-35573,294,138,2,Electronics,Printers,Debit Card,,,,,
B-35574,223,4,3,Electronics,Phones,COD,,,,,
B-35575,20,-2,1,Electronics,Accessories,UPI,,,,,
B-35576,302,75,6,Furniture,Furnishings,Debit Card,,,,,
B-35577,113,28,2,Clothing,Saree,UPI,,,,,
B-35578,44,2,3,Clothing,Hankerchief,COD,,,,,
B-35579,305,-270,5,Electronics,Electronic Games,Debit Card,,,,,
B-35580,306,-147,3,Clothing,Saree,Debit Card,,,,,
B-35581,70,-64,5,Clothing,Stole,UPI,,,,,
B-35582,44,11,4,Clothing,Stole,COD,,,,,
B-35583,44,14,3,Clothing,Hankerchief,COD,,,,,
B-35584,319,312,5,Clothing,Saree,Debit Card,,,,,
B-35585,287,-280,12,Furniture,Chairs,UPI,,,,,
B-35586,44,10,3,Clothing,Stole,COD,,,,,
B-35587,288,-180,4,Furniture,Chairs,COD,,,,,
B-35588,49,-31,2,Clothing,Stole,COD,,,,,
B-35589,43,-10,4,Clothing,Skirt,COD,,,,,
B-35590,43,5,3,Clothing,Stole,COD,,,,,
B-35591,68,-27,3,Electronics,Accessories,UPI,,,,,
B-35592,320,144,1,Electronics,Printers,Debit Card,,,,,
B-35593,67,2,4,Clothing,T-shirt,UPI,,,,,
B-35594,66,-12,5,Clothing,Stole,UPI,,,,,
B-35595,321,26,3,Electronics,Printers,Debit Card,,,,,
B-35596,43,-5,2,Clothing,Saree,COD,,,,,
B-35597,114,-39,5,Clothing,Kurti,COD,,,,,
B-35598,43,17,1,Clothing,Saree,COD,,,,,
B-35599,43,21,3,Clothing,Shirt,COD,,,,,
B-35600,637,50,5,Clothing,Saree,COD,,,,,
B-35601,300,42,2,Electronics,Printers,COD,,,,,
B-35602,341,44,7,Furniture,Furnishings,UPI,,,,,
B-35603,102,0,3,Electronics,Phones,COD,,,,,
B-35604,328,-15,3,Electronics,Electronic Games,Debit Card,,,,,
B-35605,341,160,7,Clothing,Stole,Debit Card,,,,,
B-35606,62,11,7,Clothing,Hankerchief,UPI,,,,,
B-35607,42,13,3,Clothing,Leggings,COD,,,,,
B-35608,62,28,5,Clothing,Hankerchief,UPI,,,,,
B-35609,42,7,2,Clothing,Kurti,COD,,,,,
B-35610,42,-3,1,Electronics,Electronic Games,COD,,,,,
B-35611,313,-13,5,Furniture,Bookcases,UPI,,,,,
B-35612,109,52,2,Clothing,Stole,UPI,,,,,
B-35613,226,58,3,Electronics,Accessories,COD,,,,,
B-35614,62,-1,1,Electronics,Phones,UPI,,,,,
B-35615,61,-25,4,Electronics,Accessories,UPI,,,,,
B-35616,222,74,5,Clothing,Hankerchief,COD,,,,,
B-35617,342,-154,7,Furniture,Furnishings,Debit Card,,,,,
B-35618,344,-34,3,Clothing,Saree,Debit Card,,,,,
B-35619,345,38,7,Clothing,Hankerchief,Debit Card,,,,,
B-35620,46,0,2,Electronics,Electronic Games,COD,,,,,
B-35621,255,74,5,Clothing,Hankerchief,COD,,,,,
B-35622,360,32,3,Clothing,Saree,UPI,,,,,
B-35623,372,59,3,Electronics,Printers,UPI,,,,,
B-35624,61,30,2,Clothing,Hankerchief,UPI,,,,,
B-35625,42,12,5,Clothing,Hankerchief,COD,,,,,
B-35626,42,-26,2,Clothing,Kurti,COD,,,,,
B-35627,61,25,4,Clothing,Saree,UPI,,,,,
B-35628,41,11,6,Clothing,Hankerchief,COD,,,,,
B-35629,40,13,3,Clothing,T-shirt,COD,,,,,
B-35630,59,21,2,Clothing,Stole,UPI,,,,,
B-35631,57,27,2,Clothing,Shirt,UPI,,,,,
B-35632,17,6,1,Clothing,Stole,UPI,,,,,
B-35633,40,10,2,Clothing,Stole,COD,,,,,
B-35634,349,-24,2,Clothing,Saree,Debit Card,,,,,
B-35635,335,-22,7,Furniture,Chairs,UPI,,,,,
B-35636,40,16,3,Clothing,Hankerchief,COD,,,,,
B-35637,40,17,2,Clothing,Stole,COD,,,,,
B-35638,40,-7,3,Clothing,Stole,COD,,,,,
B-35639,352,74,8,Clothing,Stole,Debit Card,,,,,
B-35640,55,-26,4,Clothing,Saree,UPI,,,,,
B-35641,352,18,5,Clothing,Trousers,Debit Card,,,,,
B-35642,53,-18,4,Clothing,T-shirt,UPI,,,,,
B-35643,51,7,2,Furniture,Furnishings,UPI,,,,,
B-35644,40,-37,3,Clothing,Stole,COD,,,,,
B-35645,39,14,5,Clothing,Leggings,COD,,,,,
B-35646,355,-4,2,Clothing,Saree,Debit Card,,,,,
B-35647,357,139,2,Clothing,Saree,Debit Card,,,,,
B-35648,38,18,1,Clothing,Kurti,COD,,,,,
B-35649,38,9,2,Clothing,Stole,COD,,,,,
B-35650,141,10,4,Clothing,Shirt,UPI,,,,,
B-35651,36,4,9,Clothing,Hankerchief,COD,,,,,
B-35652,351,-94,5,Electronics,Electronic Games,COD,,,,,
B-35653,369,15,3,Electronics,Electronic Games,Debit Card,,,,,
B-35654,53,24,6,Clothing,Hankerchief,EMI,,,,,
B-35655,371,115,1,Furniture,Bookcases,Debit Card,,,,,
B-35656,499,33,4,Clothing,Saree,COD,,,,,
B-35657,223,62,7,Clothing,Shirt,COD,,,,,
B-35658,50,-4,6,Clothing,T-shirt,EMI,,,,,
B-35659,391,90,6,Electronics,Phones,Debit Card,,,,,
B-35660,416,137,3,Electronics,Phones,Debit Card,,,,,
B-35661,424,-17,9,Furniture,Chairs,Debit Card,,,,,
B-35662,362,127,1,Furniture,Bookcases,COD,,,,,
B-35663,36,-7,1,Electronics,Electronic Games,COD,,,,,
B-35664,34,-10,3,Clothing,Skirt,COD,,,,,
B-35665,367,73,3,Electronics,Electronic Games,UPI,,,,,
B-35666,425,208,7,Clothing,Saree,Debit Card,,,,,
B-35667,433,26,3,Electronics,Printers,Debit Card,,,,,
B-35668,460,31,3,Furniture,Bookcases,Debit Card,,,,,
B-35669,62,-56,5,Clothing,Kurti,COD,,,,,
B-35670,50,16,1,Clothing,Stole,EMI,,,,,
B-35671,460,-143,3,Furniture,Chairs,Debit Card,,,,,
B-35672,34,3,3,Clothing,Saree,COD,,,,,
B-35673,227,59,2,Furniture,Furnishings,UPI,,,,,
B-35674,469,33,4,Electronics,Electronic Games,Debit Card,,,,,
B-35675,103,46,2,Clothing,Saree,UPI,,,,,
B-35676,34,-13,5,Clothing,Leggings,COD,,,,,
B-35677,137,63,3,Clothing,Stole,COD,,,,,
B-35678,34,12,2,Clothing,Stole,COD,,,,,
B-35679,474,56,4,Electronics,Phones,Debit Card,,,,,
B-35680,50,3,2,Clothing,Stole,EMI,,,,,
B-35681,69,-67,4,Clothing,Kurti,UPI,,,,,
B-35682,389,-83,3,Furniture,Chairs,UPI,,,,,
B-35683,77,-43,8,Clothing,Stole,COD,,,,,
B-35684,51,21,3,Clothing,T-shirt,COD,,,,,
B-35685,394,146,2,Furniture,Bookcases,UPI,,,,,
B-35686,48,-22,2,Clothing,Saree,EMI,,,,,
B-35687,34,-12,5,Clothing,Leggings,COD,,,,,
B-35688,484,28,3,Electronics,Printers,Debit Card,,,,,
B-35689,47,-27,4,Clothing,Saree,EMI,,,,,
B-35690,45,8,4,Clothing,Skirt,EMI,,,,,
B-35691,128,55,1,Clothing,Saree,COD,,,,,
B-35692,669,74,5,Furniture,Bookcases,COD,,,,,
B-35693,34,13,2,Clothing,Saree,COD,,,,,
B-35694,44,14,3,Clothing,Hankerchief,Credit Card,,,,,
B-35695,33,1,2,Clothing,Shirt,COD,,,,,
B-35696,33,10,3,Clothing,Hankerchief,COD,,,,,
B-35697,487,-23,3,Electronics,Printers,Debit Card,,,,,
B-35698,497,179,3,Furniture,Chairs,Debit Card,,,,,
B-35699,508,203,2,Electronics,Accessories,Debit Card,,,,,
B-35700,524,-25,2,Electronics,Electronic Games,Debit Card,,,,,
B-35701,425,183,5,Electronics,Accessories,UPI,,,,,
B-35702,168,56,3,Clothing,Saree,COD,,,,,
B-35703,141,28,7,Furniture,Furnishings,UPI,,,,,
B-35704,429,17,3,Furniture,Chairs,UPI,,,,,
B-35705,44,-8,3,Clothing,Stole,Credit Card,,,,,
B-35706,149,136,3,Clothing,Stole,UPI,,,,,
B-35707,44,-34,3,Clothing,Stole,Credit Card,,,,,
B-35708,33,10,3,Clothing,Hankerchief,COD,,,,,
B-35709,33,9,2,Clothing,Hankerchief,COD,,,,,
B-35710,442,31,2,Electronics,Electronic Games,UPI,,,,,
B-35711,41,6,5,Clothing,Skirt,Credit Card,,,,,
B-35712,33,-12,5,Clothing,Hankerchief,COD,,,,,
B-35713,32,3,8,Clothing,Hankerchief,COD,,,,,
B-35714,32,6,3,Clothing,Shirt,COD,,,,,
B-35715,179,77,1,Clothing,Saree,UPI,,,,,
B-35716,31,10,1,Clothing,Kurti,COD,,,,,
B-35717,140,68,5,Clothing,T-shirt,COD,,,,,
B-35718,529,137,3,Electronics,Phones,Debit Card,,,,,
B-35719,534,0,3,Clothing,Saree,Debit Card,,,,,
B-35720,41,-6,1,Furniture,Chairs,Credit Card,,,,,
B-35721,379,63,2,Clothing,Saree,COD,,,,,
B-35722,81,-44,3,Clothing,Stole,COD,,,,,
B-35723,40,-33,5,Clothing,Hankerchief,Credit Card,,,,,
B-35724,40,18,1,Electronics,Accessories,Credit Card,,,,,
B-35725,534,0,3,Clothing,Saree,Debit Card,,,,,
B-35726,31,9,2,Clothing,Hankerchief,COD,,,,,
B-35727,473,-113,9,Clothing,Hankerchief,UPI,,,,,
B-35728,31,-10,3,Clothing,Skirt,COD,,,,,
B-35729,31,-3,4,Clothing,Saree,COD,,,,,
B-35730,91,15,6,Clothing,T-shirt,UPI,,,,,
B-35731,30,-25,2,Clothing,T-shirt,COD,,,,,
B-35732,30,6,1,Clothing,T-shirt,COD,,,,,
B-35733,40,0,3,Clothing,Saree,Credit Card,,,,,
B-35734,534,5,2,Electronics,Electronic Games,Debit Card,,,,,
B-35735,539,-146,7,Furniture,Furnishings,Debit Card,,,,,
B-35736,490,-128,8,Furniture,Bookcases,UPI,,,,,
B-35737,163,81,2,Electronics,Accessories,COD,,,,,
B-35738,184,85,6,Clothing,T-shirt,UPI,,,,,
B-35739,494,54,4,Furniture,Bookcases,COD,,,,,
B-35740,30,11,5,Clothing,Hankerchief,COD,,,,,
B-35741,30,0,1,Clothing,Kurti,COD,,,,,
B-35742,39,-18,2,Clothing,Leggings,Credit Card,,,,,
B-35743,1700,85,3,Clothing,Trousers,COD,,,,,
B-35744,332,-43,6,Electronics,Phones,UPI,,,,,
B-35745,436,131,9,Clothing,Hankerchief,UPI,,,,,
B-35746,30,-5,2,Furniture,Furnishings,COD,,,,,
B-35747,30,-10,2,Clothing,Stole,COD,,,,,
B-35748,38,-13,3,Clothing,Stole,Credit Card,,,,,
B-35749,511,194,3,Furniture,Chairs,UPI,,,,,
B-35750,37,-53,3,Clothing,Saree,Credit Card,,,,,
B-35751,513,215,2,Electronics,Accessories,COD,,,,,
B-35752,516,69,4,Furniture,Bookcases,UPI,,,,,
B-35753,559,-19,2,Clothing,Trousers,Debit Card,,,,,
B-35754,29,-10,3,Clothing,Skirt,COD,,,,,
B-35755,148,52,5,Clothing,Stole,UPI,,,,,
B-35756,559,-174,2,Electronics,Electronic Games,Debit Card,,,,,
B-35757,527,26,3,Electronics,Electronic Games,COD,,,,,
B-35758,560,44,3,Clothing,Saree,Debit Card,,,,,
B-35759,571,108,12,Clothing,Stole,Debit Card,,,,,
B-35760,29,2,3,Clothing,Skirt,COD,,,,,
B-35761,29,3,2,Clothing,Stole,COD,,,,,
B-35762,29,-3,3,Clothing,Saree,COD,,,,,
B-35763,35,14,2,Clothing,Stole,Credit Card,,,,,
B-35764,579,139,3,Electronics,Printers,Debit Card,,,,,
B-35765,29,-24,4,Clothing,Leggings,COD,,,,,
B-35766,593,213,4,Furniture,Bookcases,Debit Card,,,,,
B-35767,217,72,2,Furniture,Furnishings,COD,,,,,
B-35768,353,90,8,Clothing,Saree,COD,,,,,
B-35769,382,92,2,Electronics,Printers,COD,,,,,
B-35770,597,93,4,Furniture,Chairs,Debit Card,,,,,
B-35771,212,97,7,Clothing,Hankerchief,COD,,,,,
B-35772,689,90,5,Clothing,Saree,COD,,,,,
B-35773,28,-10,3,Clothing,Skirt,COD,,,,,
B-35774,34,12,3,Clothing,Hankerchief,Credit Card,,,,,
B-35775,600,-102,5,Electronics,Electronic Games,Debit Card,,,,,
B-35776,637,113,5,Clothing,Saree,UPI,,,,,
B-35777,616,-69,7,Furniture,Furnishings,Debit Card,,,,,
B-35778,624,37,2,Electronics,Electronic Games,Debit Card,,,,,
B-35779,28,4,1,Clothing,T-shirt,COD,,,,,
B-35780,584,-444,7,Electronics,Printers,UPI,,,,,
B-35781,28,6,4,Clothing,Skirt,COD,,,,,
B-35782,33,-1,1,Clothing,Saree,Credit Card,,,,,
B-35783,27,-20,2,Clothing,Hankerchief,COD,,,,,
B-35784,27,5,2,Clothing,Skirt,COD,,,,,
B-35785,27,4,3,Clothing,Skirt,COD,,,,,
B-35786,635,-349,5,Clothing,Saree,Debit Card,,,,,
B-35787,598,166,4,Furniture,Bookcases,UPI,,,,,
B-35788,636,-204,2,Electronics,Printers,Debit Card,,,,,
B-35789,27,9,2,Clothing,Hankerchief,COD,,,,,
B-35790,27,-6,4,Clothing,Hankerchief,COD,,,,,
B-35791,637,212,8,Electronics,Phones,Debit Card,,,,,
B-35792,290,110,9,Clothing,Stole,UPI,,,,,
B-35793,27,-25,2,Clothing,Stole,COD,,,,,
B-35794,632,-114,4,Furniture,Tables,UPI,,,,,
B-35795,643,-45,2,Electronics,Printers,Debit Card,,,,,
B-35796,652,13,6,Furniture,Furnishings,Debit Card,,,,,
B-35797,33,-27,1,Furniture,Chairs,Credit Card,,,,,
B-35798,26,2,2,Clothing,Hankerchief,COD,,,,,
B-35799,633,-633,11,Electronics,Accessories,UPI,,,,,
B-35800,26,9,2,Clothing,Leggings,COD,,,,,
B-35801,191,93,4,Clothing,Shirt,UPI,,,,,
B-35802,887,80,3,Electronics,Printers,UPI,,,,,
B-35803,637,261,2,Electronics,Printers,COD,,,,,
B-35804,670,15,5,Furniture,Bookcases,Debit Card,,,,,
B-35805,26,7,4,Clothing,Hankerchief,COD,,,,,
B-35806,676,195,5,Furniture,Bookcases,Debit Card,,,,,
B-35807,26,12,3,Clothing,Hankerchief,COD,,,,,
B-35808,26,-24,1,Clothing,Stole,COD,,,,,
B-35809,25,7,2,Clothing,Stole,COD,,,,,
B-35810,24,-30,1,Furniture,Chairs,COD,,,,,
B-35811,32,-12,1,Furniture,Chairs,Credit Card,,,,,
B-35812,31,-2,2,Clothing,Saree,Credit Card,,,,,
B-35813,651,169,5,Electronics,Printers,COD,,,,,
B-35814,326,107,3,Furniture,Furnishings,UPI,,,,,
B-35815,30,-6,2,Clothing,Hankerchief,UPI,,,,,
B-35816,30,5,2,Clothing,Kurti,UPI,,,,,
B-35817,662,240,2,Furniture,Bookcases,COD,,,,,
B-35818,30,-23,2,Clothing,Saree,UPI,,,,,
B-35819,29,9,3,Clothing,Saree,UPI,,,,,
B-35820,28,1,1,Electronics,Accessories,UPI,,,,,
B-35821,28,-3,2,Clothing,Saree,UPI,,,,,
B-35822,24,2,4,Clothing,Hankerchief,COD,,,,,
B-35823,28,-26,2,Clothing,Stole,UPI,,,,,
B-35824,27,5,1,Clothing,Stole,UPI,,,,,
B-35825,27,-15,1,Clothing,Stole,UPI,,,,,
B-35826,24,11,3,Clothing,Hankerchief,COD,,,,,
B-35827,23,-6,4,Clothing,Hankerchief,COD,,,,,
B-35828,322,193,5,Electronics,Printers,COD,,,,,
B-35829,688,-103,6,Electronics,Accessories,Debit Card,,,,,
B-35830,23,-3,1,Clothing,Shirt,COD,,,,,
B-35831,26,3,3,Clothing,Skirt,UPI,,,,,
B-35832,68,-56,2,Electronics,Phones,COD,,,,,
B-35833,462,169,4,Clothing,Saree,COD,,,,,
B-35834,941,203,3,Furniture,Tables,UPI,,,,,
B-35835,23,4,2,Clothing,Skirt,COD,,,,,
B-35836,720,43,2,Electronics,Printers,UPI,,,,,
B-35837,724,-447,4,Electronics,Electronic Games,UPI,,,,,
B-35838,724,253,2,Furniture,Bookcases,UPI,,,,,
B-35839,26,10,4,Clothing,Hankerchief,UPI,,,,,
B-35840,22,-2,3,Clothing,Hankerchief,COD,,,,,
B-35841,711,-8,4,Clothing,Saree,Debit Card,,,,,
B-35842,107,31,5,Clothing,T-shirt,COD,,,,,
B-35843,765,-153,2,Electronics,Phones,Debit Card,,,,,
B-35844,22,8,2,Clothing,Leggings,COD,,,,,
B-35845,26,-5,2,Clothing,Stole,UPI,,,,,
B-35846,22,8,3,Clothing,Hankerchief,COD,,,,,
B-35847,743,89,5,Electronics,Printers,UPI,,,,,
B-35848,22,-15,4,Clothing,Kurti,COD,,,,,
B-35849,781,594,6,Electronics,Printers,Debit Card,,,,,
B-35850,25,-2,5,Clothing,Hankerchief,UPI,,,,,
B-35851,25,2,2,Clothing,Hankerchief,UPI,,,,,
B-35852,119,43,5,Clothing,T-shirt,COD,,,,,
B-35853,785,52,2,Electronics,Phones,Debit Card,,,,,
B-35854,183,-66,5,Electronics,Phones,UPI,,,,,
B-35855,22,4,1,Clothing,Stole,COD,,,,,
B-35856,642,180,5,Clothing,Saree,COD,,,,,
B-35857,767,-353,5,Clothing,Trousers,COD,,,,,
B-35858,770,323,3,Electronics,Accessories,COD,,,,,
B-35859,21,-17,3,Clothing,Shirt,COD,,,,,
B-35860,21,-6,3,Clothing,Leggings,COD,,,,,
B-35861,492,187,2,Electronics,Accessories,UPI,,,,,
B-35862,816,-96,3,Electronics,Printers,Debit Card,,,,,
B-35863,25,2,3,Clothing,Kurti,Credit Card,,,,,
B-35864,802,120,7,Electronics,Accessories,COD,,,,,
B-35865,811,154,7,Electronics,Accessories,UPI,,,,,
B-35866,835,267,5,Electronics,Phones,Debit Card,,,,,
B-35867,21,-5,1,Electronics,Accessories,COD,,,,,
B-35868,450,-190,4,Furniture,Bookcases,COD,,,,,
B-35869,24,-1,4,Clothing,Skirt,Credit Card,,,,,
B-35870,832,0,3,Clothing,Trousers,UPI,,,,,
B-35871,833,93,3,Clothing,Trousers,UPI,,,,,
B-35872,20,6,1,Clothing,T-shirt,COD,,,,,
B-35873,23,-5,7,Clothing,Hankerchief,Credit Card,,,,,
B-35874,550,-242,5,Furniture,Furnishings,UPI,,,,,
B-35875,148,-91,2,Electronics,Phones,COD,,,,,
B-35876,846,9,2,Furniture,Chairs,Debit Card,,,,,
B-35877,856,385,6,Electronics,Printers,COD,,,,,
B-35878,871,131,2,Furniture,Bookcases,UPI,,,,,
B-35879,19,-18,4,Clothing,Kurti,COD,,,,,
B-35880,610,-66,2,Furniture,Tables,COD,,,,,
B-35881,880,97,8,Furniture,Furnishings,Debit Card,,,,,
B-35882,22,-8,4,Clothing,Hankerchief,Credit Card,,,,,
B-35883,22,11,2,Clothing,Skirt,Credit Card,,,,,
B-35884,21,4,3,Clothing,Hankerchief,Credit Card,,,,,
B-35885,18,1,3,Clothing,Hankerchief,COD,,,,,
B-35886,911,202,7,Furniture,Chairs,COD,,,,,
B-35887,18,2,3,Clothing,Hankerchief,COD,,,,,
B-35888,911,355,5,Electronics,Phones,Debit Card,,,,,
B-35889,143,-129,2,Electronics,Phones,COD,,,,,
B-35890,918,22,9,Electronics,Electronic Games,COD,,,,,
B-35891,925,-447,5,Electronics,Electronic Games,COD,,,,,
B-35892,17,8,2,Clothing,Skirt,COD,,,,,
B-35893,465,207,9,Clothing,Saree,COD,,,,,
B-35894,17,-9,3,Clothing,Stole,COD,,,,,
B-35895,935,114,4,Electronics,Electronic Games,UPI,,,,,
B-35896,16,-10,2,Clothing,T-shirt,COD,,,,,
B-35897,954,95,3,Electronics,Printers,UPI,,,,,
B-35898,915,-99,3,Furniture,Tables,Debit Card,,,,,
B-35899,955,305,3,Electronics,Printers,Debit Card,,,,,
B-35900,976,293,4,Electronics,Accessories,COD,,,,,
B-35901,1069,0,6,Clothing,Saree,EMI,,,,,
B-35902,19,-15,3,Clothing,Hankerchief,Credit Card,,,,,
B-35903,16,6,3,Clothing,Hankerchief,COD,,,,,
B-35904,1030,206,8,Electronics,Printers,UPI,,,,,
B-35905,620,82,6,Electronics,Accessories,COD,,,,,
B-35906,16,8,2,Clothing,Hankerchief,COD,,,,,
B-35907,19,8,2,Clothing,Hankerchief,Credit Card,,,,,
B-35908,249,-130,4,Electronics,Phones,UPI,,,,,
B-35909,16,6,1,Clothing,Stole,COD,,,,,
B-35910,1361,197,9,Furniture,Bookcases,COD,,,,,
B-35911,15,1,1,Clothing,Shirt,COD,,,,,
B-35912,1076,-38,4,Electronics,Printers,COD,,,,,
B-35913,18,2,3,Clothing,Hankerchief,Credit Card,,,,,
B-35914,1101,352,3,Furniture,Bookcases,UPI,,,,,
B-35915,15,2,1,Clothing,Leggings,COD,,,,,
B-35916,1104,209,4,Clothing,Trousers,UPI,,,,,
B-35917,14,2,1,Clothing,Hankerchief,COD,,,,,
B-35918,14,5,1,Clothing,Hankerchief,COD,,,,,
B-35919,14,-3,2,Clothing,Leggings,COD,,,,,
B-35920,14,-1,4,Clothing,Kurti,COD,,,,,
B-35921,13,-8,1,Clothing,T-shirt,COD,,,,,
B-35922,13,-1,3,Clothing,Hankerchief,COD,,,,,
B-35923,1275,1148,7,Furniture,Bookcases,EMI,,,,,
B-35924,17,1,2,Clothing,Skirt,Credit Card,,,,,
B-35925,13,0,2,Clothing,Hankerchief,COD,,,,,
B-35926,1270,546,11,Electronics,Electronic Games,EMI,,,,,
B-35927,13,-2,1,Clothing,Stole,COD,,,,,
B-35928,13,3,1,Clothing,Leggings,COD,,,,,
B-35929,17,5,1,Clothing,Hankerchief,UPI,,,,,
B-35930,13,-13,2,Clothing,Skirt,COD,,,,,
B-35931,13,-9,2,Clothing,Skirt,COD,,,,,
B-35932,1263,-56,5,Clothing,Trousers,EMI,,,,,
B-35933,1629,-153,3,Electronics,Phones,COD,,,,,
B-35934,17,7,3,Clothing,Hankerchief,UPI,,,,,
B-35935,17,2,2,Clothing,Skirt,UPI,,,,,
B-35936,1250,-12,2,Electronics,Printers,EMI,,,,,
B-35937,17,-11,3,Clothing,Skirt,UPI,,,,,
B-35938,977,-244,7,Electronics,Phones,COD,,,,,
B-35939,1246,62,3,Furniture,Bookcases,EMI,,,,,
B-35940,12,1,2,Clothing,Hankerchief,COD,,,,,
B-35941,11,-4,2,Clothing,Skirt,COD,,,,,
B-35942,1327,318,8,Furniture,Chairs,EMI,,,,,
B-35943,1319,567,5,Electronics,Printers,COD,,,,,
B-35944,1402,109,11,Clothing,Saree,EMI,,,,,
B-35945,1514,742,4,Electronics,Printers,EMI,,,,,
B-35946,1351,111,6,Electronics,Electronic Games,COD,,,,,
B-35947,1355,-60,5,Clothing,Trousers,COD,,,,,
B-35948,10,2,2,Clothing,Hankerchief,COD,,,,,
B-35949,10,-2,2,Clothing,Leggings,COD,,,,,
B-35950,1582,-443,6,Clothing,Trousers,EMI,,,,,
B-35951,1218,352,9,Furniture,Bookcases,EMI,,,,,
B-35952,321,315,5,Clothing,Saree,UPI,,,,,
B-35953,736,346,5,Electronics,Printers,COD,,,,,
B-35954,1218,-420,8,Furniture,Bookcases,COD,,,,,
B-35955,1027,441,8,Clothing,Saree,COD,,,,,
B-35956,10,5,1,Clothing,Stole,COD,,,,,
B-35957,2366,552,5,Clothing,Trousers,UPI,,,,,
B-35958,9,-6,2,Clothing,Hankerchief,COD,,,,,
B-35959,16,-12,2,Clothing,Stole,UPI,,,,,
B-35960,9,3,1,Clothing,Skirt,COD,,,,,
B-35961,1560,421,3,Clothing,Trousers,COD,,,,,
B-35962,1137,568,2,Clothing,Trousers,EMI,,,,,
B-35963,9,-9,2,Clothing,Kurti,COD,,,,,
B-35964,15,-7,1,Clothing,Hankerchief,UPI,,,,,
B-35965,14,5,1,Clothing,Hankerchief,UPI,,,,,
B-35966,14,7,2,Clothing,Hankerchief,UPI,,,,,
B-35967,8,-2,2,Clothing,Hankerchief,COD,,,,,
B-35968,1389,680,7,Clothing,Saree,COD,,,,,
B-35969,8,-1,2,Clothing,Leggings,COD,,,,,
B-35970,8,-2,1,Clothing,Stole,COD,,,,,
B-35971,13,4,1,Clothing,Leggings,UPI,,,,,
B-35972,8,-6,1,Clothing,Stole,COD,,,,,
B-35973,12,2,2,Clothing,Skirt,Credit Card,,,,,
B-35974,1716,309,7,Electronics,Accessories,COD,,,,,
B-35975,1117,447,10,Furniture,Bookcases,EMI,,,,,
B-35976,9,-6,2,Clothing,Skirt,Credit Card,,,,,
B-35977,332,503,3,Electronics,Printers,COD,,,,,
B-35978,7,-4,3,Clothing,Hankerchief,COD,,,,,
B-35979,8,-2,3,Clothing,Hankerchief,Credit Card,,,,,
B-35980,2061,701,5,Furniture,Bookcases,UPI,,,,,
B-35981,1103,276,3,Furniture,Chairs,EMI,,,,,
B-35982,2103,322,8,Electronics,Electronic Games,UPI,,,,,
B-35983,2115,23,5,Furniture,Chairs,COD,,,,,
B-35984,850,-289,5,Electronics,Electronic Games,COD,,,,,
B-35985,1063,64,7,Electronics,Phones,EMI,,,,,
B-35986,1063,-175,4,Electronics,Electronic Games,EMI,,,,,
B-35987,2292,127,7,Furniture,Bookcases,COD,,,,,
B-35988,7,-1,2,Clothing,Hankerchief,Credit Card,,,,,
B-35989,2452,191,7,Furniture,Bookcases,UPI,,,,,
B-35990,2457,665,11,Electronics,Electronic Games,EMI,,,,,
B-35991,4,-3,1,Clothing,Skirt,Credit Card,,,,,
B-35992,2830,-1981,13,Furniture,Bookcases,EMI,,,,,
B-35993,7,1,1,Clothing,Hankerchief,COD,,,,,
B-35994,7,0,2,Clothing,Skirt,COD,,,,,
B-35995,7,-3,2,Clothing,Hankerchief,COD,,,,,
B-35996,3151,-35,7,Clothing,Trousers,EMI,,,,,
B-35997,4141,1698,13,Electronics,Printers,COD,,,,,
B-35998,7,-2,1,Clothing,Hankerchief,COD,,,,,
B-35999,4363,305,5,Furniture,Tables,EMI,,,,,
B-36000,1096,658,7,Electronics,Electronic Games,COD,,,,,
B-36001,5729,64,14,Furniture,Chairs,EMI,,,,,
B-36002,2927,146,8,Furniture,Bookcases,EMI,,,,,
B-36003,2847,712,8,Electronics,Printers,Credit Card,,,,,
B-36004,2617,1151,4,Electronics,Phones,Credit Card,,,,,
B-36005,2244,247,4,Clothing,Trousers,Credit Card,,,,,
B-36006,275,-275,4,Clothing,Saree,COD,,,,,
B-36007,387,-213,5,Clothing,Saree,UPI,,,,,
B-36008,50,-44,2,Clothing,Hankerchief,UPI,,,,,
B-36009,135,-54,5,Clothing,Kurti,COD,,,,,
B-36010,231,-190,9,Clothing,Hankerchief,COD,,,,,
B-36011,2125,-234,6,Electronics,Printers,EMI,,,,,
B-36012,3873,-891,6,Electronics,Phones,Credit Card,,,,,
B-36013,729,-492,5,Furniture,Bookcases,UPI,,,,,
B-36014,2188,1050,5,Furniture,Bookcases,Credit Card,,,,,
B-36015,6,-3,1,Clothing,Hankerchief,UPI,,,,,
B-36016,1854,433,5,Furniture,Bookcases,Credit Card,,,,,
B-36017,6,1,1,Clothing,Kurti,UPI,,,,,
B-36018,2093,721,5,Furniture,Chairs,Credit Card,,,,,
B-36019,7,-1,2,Clothing,Skirt,UPI,,,,,
B-36020,1622,-624,5,Furniture,Tables,Credit Card,,,,,
B-36021,1622,95,5,Electronics,Printers,Credit Card,,,,,
B-36022,373,254,6,Electronics,Printers,UPI,,,,,
B-36023,82,-33,4,Clothing,Kurti,COD,,,,,
B-36024,8,2,2,Clothing,Skirt,UPI,,,,,
B-36025,1954,782,3,Electronics,Phones,Credit Card,,,,,
B-36026,1543,370,8,Electronics,Printers,Credit Card,,,,,
B-36027,1506,-266,6,Electronics,Printers,Credit Card,,,,,
B-36028,1829,-56,6,Furniture,Tables,Credit Card,,,,,
B-36029,9,-1,3,Clothing,Skirt,UPI,,,,,
B-36030,1461,202,5,Furniture,Tables,EMI,,,,,
B-36031,391,113,8,Clothing,Stole,COD,,,,,
B-36032,1824,1303,8,Electronics,Phones,Credit Card,,,,,
B-36033,16,-15,4,Clothing,Hankerchief,UPI,,,,,
B-36034,1745,122,2,Furniture,Tables,Credit Card,,,,,
B-36035,663,-212,5,Electronics,Printers,UPI,,,,,
B-36036,10,-1,1,Clothing,Leggings,UPI,,,,,
B-36037,1630,802,5,Furniture,Tables,EMI,,,,,
B-36038,12,0,2,Clothing,Hankerchief,UPI,,,,,
B-36039,12,-7,2,Clothing,Leggings,UPI,,,,,
B-36040,1709,564,3,Clothing,Trousers,Credit Card,,,,,
B-36041,12,3,1,Clothing,Stole,UPI,,,,,
B-36042,1625,-77,3,Electronics,Phones,EMI,,,,,
B-36043,13,5,2,Clothing,Hankerchief,UPI,,,,,
B-36044,1361,980,3,Furniture,Tables,COD,,,,,
B-36045,1622,-448,3,Electronics,Phones,EMI,,,,,
B-36046,1547,340,6,Electronics,Accessories,EMI,,,,,
B-36047,1657,460,4,Furniture,Chairs,Credit Card,,,,,
B-36048,1603,0,9,Clothing,Saree,Credit Card,,,,,
B-36049,1549,-439,4,Electronics,Phones,Credit Card,,,,,
B-36050,1183,106,4,Electronics,Printers,EMI,,,,,
B-36051,74,-123,8,Clothing,Skirt,UPI,,,,,
B-36052,1499,239,13,Clothing,Saree,Credit Card,,,,,
B-36053,1120,199,6,Clothing,Saree,EMI,,,,,
B-36054,15,-2,1,Clothing,T-shirt,Debit Card,,,,,
B-36055,1487,624,3,Clothing,Trousers,Credit Card,,,,,
B-36056,1118,206,2,Furniture,Tables,Credit Card,,,,,
B-36057,11,-5,2,Clothing,Hankerchief,COD,,,,,
B-36058,15,4,1,Clothing,Hankerchief,Debit Card,,,,,
B-36059,1364,1864,5,Furniture,Tables,Credit Card,,,,,
B-36060,1337,147,7,Electronics,Printers,Credit Card,,,,,
B-36061,15,2,1,Clothing,Leggings,Debit Card,,,,,
B-36062,322,-193,5,Electronics,Printers,UPI,,,,,
B-36063,1316,527,7,Electronics,Electronic Games,Credit Card,,,,,
B-36064,1314,342,3,Furniture,Bookcases,Credit Card,,,,,
B-36065,17,7,3,Clothing,Hankerchief,Debit Card,,,,,
B-36066,17,2,2,Clothing,Skirt,Debit Card,,,,,
B-36067,17,-12,5,Clothing,Skirt,Debit Card,,,,,
B-36068,1308,536,3,Furniture,Bookcases,Credit Card,,,,,
B-36069,1076,-38,4,Electronics,Printers,Credit Card,,,,,
B-36070,1301,573,5,Electronics,Accessories,Credit Card,,,,,
B-36071,1300,-16,8,Electronics,Printers,Credit Card,,,,,
B-36072,11,-2,4,Clothing,Hankerchief,COD,,,,,
B-36073,1298,65,9,Electronics,Printers,EMI,,,,,
B-36074,304,97,6,Clothing,Stole,UPI,,,,,
B-36075,1055,264,4,Electronics,Printers,EMI,,,,,
B-36076,17,-13,4,Clothing,Skirt,Debit Card,,,,,
B-36077,147,73,3,Clothing,Stole,COD,,,,,
B-36078,965,-68,3,Electronics,Printers,COD,,,,,
B-36079,12,-2,3,Clothing,Hankerchief,COD,,,,,
B-36080,14,-2,3,Clothing,Hankerchief,UPI,,,,,
B-36081,934,-916,7,Electronics,Electronic Games,COD,,,,,
B-36082,929,-93,9,Clothing,Saree,COD,,,,,
B-36083,18,3,2,Clothing,Hankerchief,Debit Card,,,,,
B-36084,916,192,11,Electronics,Phones,COD,,,,,
B-36085,76,-72,9,Clothing,Hankerchief,COD,,,,,
B-36086,869,67,4,Furniture,Tables,COD,,,,,
B-36087,112,24,3,Clothing,Kurti,COD,,,,,
B-36088,39,16,6,Clothing,Skirt,UPI,,,,,
B-36089,857,-274,2,Furniture,Tables,COD,,,,,
B-36090,828,230,2,Furniture,Chairs,COD,,,,,
B-36091,1279,-640,8,Electronics,Printers,EMI,,,,,
B-36092,1250,486,7,Clothing,Saree,EMI,,,,,
B-36093,823,-18,7,Furniture,Chairs,COD,,,,,
B-36094,1157,-13,9,Furniture,Bookcases,Credit Card,,,,,
B-36095,126,-63,3,Electronics,Accessories,UPI,,,,,
B-36096,1145,-706,3,Electronics,Phones,Credit Card,,,,,
B-36097,774,170,3,Electronics,Accessories,COD,,,,,
B-36098,24,-1,2,Clothing,Hankerchief,COD,,,,,
B-36099,774,170,3,Electronics,Accessories,COD,,,,,
B-36100,93,-1,2,Clothing,Hankerchief,COD,,,,,
B-36101,765,-36,3,Electronics,Electronic Games,COD,,,,,
B-36102,762,101,6,Electronics,Printers,COD,,,,,
B-36103,761,266,9,Electronics,Electronic Games,COD,,,,,
B-36104,96,-48,5,Clothing,Leggings,UPI,,,,,
B-36105,1137,-14,7,Electronics,Printers,EMI,,,,,
B-36106,18,8,2,Clothing,Hankerchief,Debit Card,,,,,
B-36107,749,-307,7,Furniture,Furnishings,COD,,,,,
B-36108,1120,199,6,Clothing,Saree,EMI,,,,,
B-36109,744,119,6,Electronics,Printers,COD,,,,,
B-36110,14,0,4,Clothing,Hankerchief,UPI,,,,,
B-36111,19,8,2,Clothing,Hankerchief,Debit Card,,,,,
B-36112,512,-225,5,Clothing,Saree,COD,,,,,
B-36113,742,198,2,Furniture,Bookcases,COD,,,,,
B-36114,44,-40,3,Clothing,Stole,COD,,,,,
B-36115,1061,-36,8,Furniture,Bookcases,EMI,,,,,
B-36116,19,-2,2,Clothing,Leggings,Debit Card,,,,,
B-36117,17,0,1,Clothing,Hankerchief,COD,,,,,
B-36118,741,267,5,Furniture,Bookcases,COD,,,,,
B-36119,735,-235,6,Electronics,Printers,COD,,,,,
B-36120,19,-1,1,Clothing,Shirt,Debit Card,,,,,
B-36121,1021,-48,4,Electronics,Electronic Games,EMI,,,,,
B-36122,556,-209,7,Clothing,Saree,COD,,,,,
B-36123,63,-17,6,Clothing,Leggings,COD,,,,,
B-36124,734,248,2,Furniture,Chairs,COD,,,,,
B-36125,933,166,5,Clothing,Saree,Credit Card,,,,,
B-36126,20,-9,6,Clothing,Hankerchief,Debit Card,,,,,
B-36127,877,395,2,Furniture,Bookcases,Credit Card,,,,,
B-36128,719,303,6,Furniture,Chairs,COD,,,,,
B-36129,12,1,2,Clothing,Hankerchief,COD,,,,,
B-36130,714,56,4,Clothing,Saree,COD,,,,,
B-36131,50,-15,4,Clothing,Leggings,COD,,,,,
B-36132,709,-100,5,Electronics,Phones,COD,,,,,
B-36133,21,-12,3,Clothing,Hankerchief,Debit Card,,,,,
B-36134,693,254,6,Clothing,Saree,COD,,,,,
B-36135,24,1,4,Clothing,Hankerchief,COD,,,,,
B-36136,24,1,2,Clothing,Hankerchief,UPI,,,,,
B-36137,24,1,2,Clothing,Hankerchief,COD,,,,,
B-36138,21,10,1,Clothing,T-shirt,Debit Card,,,,,
B-36139,681,259,4,Furniture,Chairs,COD,,,,,
B-36140,674,-187,2,Furniture,Tables,COD,,,,,
B-36141,671,-309,5,Electronics,Electronic Games,COD,,,,,
B-36142,646,-213,3,Electronics,Electronic Games,COD,,,,,
B-36143,40,15,1,Clothing,Kurti,COD,,,,,
B-36144,24,-2,2,Clothing,T-shirt,COD,,,,,
B-36145,644,167,2,Electronics,Printers,COD,,,,,
B-36146,643,225,2,Electronics,Printers,COD,,,,,
B-36147,632,-316,6,Clothing,Saree,COD,,,,,
B-36148,632,316,6,Clothing,Saree,COD,,,,,
B-36149,610,208,3,Electronics,Printers,COD,,,,,
B-36150,78,-28,6,Clothing,Kurti,UPI,,,,,
B-36151,595,119,4,Furniture,Bookcases,COD,,,,,
B-36152,595,292,3,Clothing,Saree,COD,,,,,
B-36153,852,51,5,Furniture,Bookcases,Credit Card,,,,,
B-36154,594,89,3,Furniture,Bookcases,COD,,,,,
B-36155,585,175,13,Clothing,T-shirt,COD,,,,,
B-36156,582,262,5,Furniture,Furnishings,COD,,,,,
B-36157,845,84,7,Clothing,Saree,Credit Card,,,,,
B-36158,829,19,4,Electronics,Printers,Credit Card,,,,,
B-36159,561,212,3,Clothing,Saree,COD,,,,,
B-36160,771,-424,2,Electronics,Phones,Credit Card,,,,,
B-36161,765,8,6,Clothing,Saree,EMI,,,,,
B-36162,31,2,2,Clothing,Hankerchief,COD,,,,,
B-36163,557,-111,2,Electronics,Electronic Games,COD,,,,,
B-36164,757,371,2,Electronics,Printers,Credit Card,,,,,
B-36165,545,-73,11,Electronics,Phones,COD,,,,,
B-36166,1052,-82,3,Furniture,Bookcases,UPI,,,,,
B-36167,544,-152,3,Furniture,Bookcases,COD,,,,,
B-36168,22,9,2,Clothing,Leggings,Debit Card,,,,,
B-36169,757,371,2,Electronics,Printers,Credit Card,,,,,
B-36170,742,198,2,Furniture,Bookcases,Credit Card,,,,,
B-36171,537,107,3,Clothing,Saree,COD,,,,,
B-36172,536,91,1,Clothing,Trousers,COD,,,,,
B-36173,6,3,1,Clothing,Hankerchief,COD,,,,,
B-36174,523,204,7,Clothing,Trousers,COD,,,,,
B-36175,27,9,2,Clothing,T-shirt,UPI,,,,,
B-36176,516,392,8,Furniture,Chairs,COD,,,,,
B-36177,504,116,3,Furniture,Bookcases,COD,,,,,
B-36178,502,84,4,Electronics,Phones,COD,,,,,
B-36179,734,213,6,Electronics,Electronic Games,Credit Card,,,,,
B-36180,42,12,2,Clothing,Kurti,COD,,,,,
B-36181,29,11,4,Clothing,Skirt,COD,,,,,
B-36182,240,12,6,Clothing,Kurti,UPI,,,,,
B-36183,496,-79,2,Clothing,Trousers,COD,,,,,
B-36184,485,29,4,Electronics,Electronic Games,COD,,,,,
B-36185,31,-11,3,Clothing,Skirt,UPI,,,,,
B-36186,676,151,3,Electronics,Printers,Credit Card,,,,,
B-36187,23,8,2,Clothing,Hankerchief,Debit Card,,,,,
B-36188,13,3,2,Clothing,Hankerchief,COD,,,,,
B-36189,180,0,8,Clothing,Stole,COD,,,,,
B-36190,671,114,9,Electronics,Phones,Credit Card,,,,,
B-36191,22,11,3,Clothing,Kurti,COD,,,,,
B-36192,668,-31,3,Electronics,Printers,Credit Card,,,,,
B-36193,145,0,3,Clothing,Saree,UPI,,,,,
B-36194,24,8,2,Clothing,Skirt,Debit Card,,,,,
B-36195,476,0,3,Furniture,Chairs,COD,,,,,
B-36196,24,11,5,Clothing,Hankerchief,Debit Card,,,,,
B-36197,37,3,3,Clothing,Hankerchief,COD,,,,,
B-36198,152,50,6,Clothing,Stole,UPI,,,,,
B-36199,32,11,2,Clothing,Leggings,UPI,,,,,
B-36200,52,11,5,Clothing,Leggings,COD,,,,,
B-36201,24,11,3,Clothing,Hankerchief,Debit Card,,,,,
B-36202,473,42,4,Furniture,Chairs,COD,,,,,
B-36203,263,50,5,Clothing,Stole,COD,,,,,
B-36204,61,11,3,Clothing,Kurti,COD,,,,,
B-36205,469,-459,3,Electronics,Electronic Games,COD,,,,,
B-36206,1272,547,2,Electronics,Phones,COD,,,,,
B-36207,169,0,3,Electronics,Accessories,COD,,,,,
B-36208,25,11,3,Clothing,Leggings,Debit Card,,,,,
B-36209,457,-41,4,Clothing,Saree,COD,,,,,
B-36210,455,77,8,Electronics,Accessories,COD,,,,,
B-36211,25,2,2,Clothing,Hankerchief,Debit Card,,,,,
B-36212,450,-90,3,Electronics,Printers,COD,,,,,
B-36213,30,-35,1,Furniture,Chairs,COD,,,,,
B-36214,659,-37,2,Furniture,Bookcases,Credit Card,,,,,
B-36215,448,148,2,Electronics,Printers,COD,,,,,
B-36216,446,53,3,Electronics,Printers,COD,,,,,
B-36217,98,-45,2,Furniture,Chairs,UPI,,,,,
B-36218,443,11,1,Clothing,Saree,COD,,,,,
B-36219,427,-50,7,Electronics,Phones,COD,,,,,
B-36220,656,-36,2,Furniture,Bookcases,Credit Card,,,,,
B-36221,424,161,2,Clothing,Saree,COD,,,,,
B-36222,27,8,2,Clothing,T-shirt,Debit Card,,,,,
B-36223,424,-272,5,Electronics,Phones,COD,,,,,
B-36224,202,4,4,Clothing,Hankerchief,COD,,,,,
B-36225,1275,357,2,Electronics,Phones,UPI,,,,,
B-36226,418,70,7,Electronics,Phones,COD,,,,,
B-36227,417,49,3,Electronics,Electronic Games,COD,,,,,
B-36228,199,48,4,Clothing,Stole,UPI,,,,,
B-36229,385,-77,11,Furniture,Furnishings,UPI,,,,,
B-36230,414,199,3,Electronics,Phones,COD,,,,,
B-36231,97,-45,4,Clothing,Saree,COD,,,,,
B-36232,648,50,6,Electronics,Electronic Games,Credit Card,,,,,
B-36233,27,-25,2,Clothing,Shirt,Debit Card,,,,,
B-36234,27,12,1,Clothing,Stole,Debit Card,,,,,
B-36235,27,1,1,Clothing,Stole,UPI,,,,,
B-36236,413,-314,9,Furniture,Chairs,COD,,,,,
B-36237,53,2,4,Clothing,Hankerchief,COD,,,,,
B-36238,29,8,5,Clothing,Hankerchief,UPI,,,,,
B-36239,30,13,1,Clothing,T-shirt,UPI,,,,,
B-36240,412,412,6,Clothing,Saree,COD,,,,,
B-36241,646,-23,2,Electronics,Printers,Credit Card,,,,,
B-36242,30,-5,5,Clothing,Stole,UPI,,,,,
B-36243,618,27,4,Furniture,Bookcases,Credit Card,,,,,
B-36244,143,-124,5,Clothing,Saree,UPI,,,,,
B-36245,31,1,2,Clothing,Hankerchief,UPI,,,,,
B-36246,409,86,3,Clothing,Saree,COD,,,,,
B-36247,406,126,2,Clothing,Saree,COD,,,,,
B-36248,565,66,7,Clothing,Saree,Credit Card,,,,,
B-36249,85,2,6,Clothing,Stole,COD,,,,,
B-36250,561,118,5,Furniture,Bookcases,Credit Card,,,,,
B-36251,503,-56,2,Clothing,Trousers,COD,,,,,
B-36252,31,14,3,Clothing,Stole,UPI,,,,,
B-36253,398,111,8,Clothing,Hankerchief,COD,,,,,
B-36254,388,93,2,Furniture,Bookcases,COD,,,,,
B-36255,498,-116,4,Clothing,Saree,UPI,,,,,
B-36256,561,212,3,Clothing,Saree,Credit Card,,,,,
B-36257,61,3,4,Clothing,Hankerchief,COD,,,,,
B-36258,34,-22,4,Clothing,T-shirt,COD,,,,,
B-36259,32,6,3,Clothing,Shirt,UPI,,,,,
B-36260,623,-192,3,Furniture,Tables,UPI,,,,,
B-36261,520,151,3,Electronics,Phones,Credit Card,,,,,
B-36262,32,-16,6,Clothing,Saree,UPI,,,,,
B-36263,32,-5,5,Clothing,Hankerchief,UPI,,,,,
B-36264,510,234,6,Electronics,Electronic Games,EMI,,,,,
B-36265,382,68,3,Clothing,Saree,COD,,,,,
B-36266,33,13,3,Clothing,Leggings,UPI,,,,,
B-36267,381,-13,2,Clothing,Saree,COD,,,,,
B-36268,490,88,2,Electronics,Accessories,EMI,,,,,
B-36269,381,144,2,Clothing,Saree,COD,,,,,
B-36270,487,143,4,Electronics,Phones,EMI,,,,,
B-36271,366,84,3,Furniture,Bookcases,COD,,,,,
B-36272,33,-29,3,Clothing,Shirt,UPI,,,,,
B-36273,365,107,3,Electronics,Phones,COD,,,,,
B-36274,207,-100,2,Clothing,Saree,UPI,,,,,
B-36275,359,-338,5,Furniture,Bookcases,COD,,,,,
B-36276,351,-47,8,Electronics,Phones,COD,,,,,
B-36277,485,199,4,Clothing,Saree,EMI,,,,,
B-36278,37,-23,4,Clothing,Shirt,UPI,,,,,
B-36279,34,10,2,Clothing,T-shirt,Debit Card,,,,,
B-36280,346,108,3,Furniture,Chairs,COD,,,,,
B-36281,342,-103,4,Electronics,Electronic Games,COD,,,,,
B-36282,35,-8,2,Furniture,Furnishings,Debit Card,,,,,
B-36283,121,41,4,Clothing,Stole,UPI,,,,,
B-36284,336,57,2,Electronics,Phones,COD,,,,,
B-36285,336,71,3,Furniture,Bookcases,COD,,,,,
B-36286,27,4,1,Clothing,Hankerchief,COD,,,,,
B-36287,333,50,2,Electronics,Phones,COD,,,,,
B-36288,36,7,3,Clothing,Leggings,Debit Card,,,,,
B-36289,333,-15,3,Electronics,Phones,COD,,,,,
B-36290,327,114,4,Clothing,Trousers,COD,,,,,
B-36291,18,6,3,Clothing,Hankerchief,UPI,,,,,
B-36292,325,32,7,Clothing,T-shirt,COD,,,,,
B-36293,482,-6,7,Electronics,Electronic Games,EMI,,,,,
B-36294,465,-33,4,Electronics,Phones,EMI,,,,,
B-36295,40,-12,3,Clothing,Shirt,COD,,,,,
B-36296,107,36,6,Clothing,Stole,COD,,,,,
B-36297,312,-312,7,Furniture,Chairs,COD,,,,,
B-36298,451,25,3,Electronics,Phones,EMI,,,,,
B-36299,312,62,1,Electronics,Electronic Games,COD,,,,,
B-36300,311,72,2,Furniture,Bookcases,COD,,,,,
B-36301,11,5,2,Clothing,Hankerchief,UPI,,,,,
B-36302,37,-5,3,Clothing,T-shirt,Debit Card,,,,,
B-36303,444,-200,4,Electronics,Phones,EMI,,,,,
B-36304,434,26,11,Clothing,Shirt,Credit Card,,,,,
B-36305,299,0,6,Clothing,Stole,COD,,,,,
B-36306,37,17,3,Clothing,Hankerchief,Debit Card,,,,,
B-36307,299,113,2,Furniture,Bookcases,COD,,,,,
B-36308,298,74,2,Furniture,Bookcases,COD,,,,,
B-36309,94,7,7,Clothing,Leggings,UPI,,,,,
B-36310,296,225,11,Clothing,Saree,COD,,,,,
B-36311,37,17,3,Clothing,Hankerchief,Debit Card,,,,,
B-36312,291,93,2,Electronics,Printers,COD,,,,,
B-36313,327,-39,1,Electronics,Phones,COD,,,,,
B-36314,291,119,11,Clothing,Saree,COD,,,,,
B-36315,287,-66,6,Clothing,Kurti,COD,,,,,
B-36316,42,15,1,Electronics,Accessories,UPI,,,,,
B-36317,429,61,3,Electronics,Electronic Games,Credit Card,,,,,
B-36318,285,128,2,Electronics,Printers,COD,,,,,
B-36319,277,3,1,Electronics,Electronic Games,COD,,,,,
B-36320,274,-7,4,Electronics,Phones,COD,,,,,
B-36321,273,-87,4,Electronics,Phones,COD,,,,,
B-36322,269,91,1,Electronics,Electronic Games,COD,,,,,
B-36323,11,5,1,Clothing,Skirt,COD,,,,,
B-36324,39,2,2,Clothing,Saree,Debit Card,,,,,
B-36325,264,-26,3,Clothing,Trousers,COD,,,,,
B-36326,40,16,3,Clothing,Hankerchief,Debit Card,,,,,
B-36327,41,19,2,Clothing,T-shirt,Debit Card,,,,,
B-36328,253,-63,2,Clothing,Saree,UPI,,,,,
B-36329,406,97,7,Furniture,Chairs,Credit Card,,,,,
B-36330,32,7,3,Clothing,Hankerchief,COD,,,,,
B-36331,260,68,2,Electronics,Printers,COD,,,,,
B-36332,41,19,5,Clothing,Hankerchief,Debit Card,,,,,
B-36333,401,13,6,Furniture,Chairs,Credit Card,,,,,
B-36334,382,30,3,Clothing,Saree,Credit Card,,,,,
B-36335,867,251,5,Electronics,Phones,COD,,,,,
B-36336,43,0,3,Clothing,Saree,Debit Card,,,,,
B-36337,43,-43,7,Clothing,Stole,Debit Card,,,,,
B-36338,74,29,3,Clothing,Stole,COD,,,,,
B-36339,44,-26,3,Clothing,Hankerchief,Debit Card,,,,,
B-36340,259,-55,2,Furniture,Chairs,COD,,,,,
B-36341,257,23,5,Clothing,Hankerchief,COD,,,,,
B-36342,76,27,5,Clothing,Stole,COD,,,,,
B-36343,44,-32,3,Clothing,Stole,Debit Card,,,,,
B-36344,257,3,2,Clothing,Saree,COD,,,,,
B-36345,255,76,9,Clothing,Hankerchief,COD,,,,,
B-36346,44,14,3,Clothing,Hankerchief,Debit Card,,,,,
B-36347,45,-2,4,Clothing,Shirt,COD,,,,,
B-36348,44,-3,1,Clothing,Saree,Debit Card,,,,,
B-36349,382,119,2,Clothing,Saree,Credit Card,,,,,
B-36350,250,100,3,Clothing,Trousers,COD,,,,,
B-36351,45,-15,2,Furniture,Chairs,COD,,,,,
B-36352,246,61,2,Furniture,Bookcases,COD,,,,,
B-36353,50,25,5,Clothing,Stole,COD,,,,,
B-36354,246,98,5,Clothing,Hankerchief,COD,,,,,
B-36355,44,99,3,Clothing,Kurti,Debit Card,,,,,
B-36356,245,-78,3,Clothing,Saree,COD,,,,,
B-36357,245,30,2,Clothing,Saree,COD,,,,,
B-36358,376,0,7,Clothing,Stole,Credit Card,,,,,
B-36359,45,1,3,Clothing,T-shirt,Debit Card,,,,,
B-36360,45,-28,2,Clothing,Stole,Debit Card,,,,,
B-36361,244,-122,5,Furniture,Furnishings,COD,,,,,
B-36362,244,83,2,Furniture,Bookcases,COD,,,,,
B-36363,10,4,1,Clothing,Kurti,UPI,,,,,
B-36364,375,180,3,Furniture,Bookcases,Credit Card,,,,,
B-36365,46,14,5,Clothing,Skirt,Debit Card,,,,,
B-36366,49,-31,2,Clothing,Stole,UPI,,,,,
B-36367,47,-20,2,Clothing,Kurti,Debit Card,,,,,
B-36368,355,-114,7,Clothing,Stole,Credit Card,,,,,
B-36369,32,8,5,Clothing,Hankerchief,UPI,,,,,
B-36370,243,-14,2,Furniture,Chairs,COD,,,,,
B-36371,241,-77,4,Electronics,Electronic Games,COD,,,,,
B-36372,47,15,5,Clothing,Saree,Debit Card,,,,,
B-36373,50,-10,6,Clothing,Skirt,Debit Card,,,,,
B-36374,15,6,2,Clothing,Hankerchief,COD,,,,,
B-36375,148,24,3,Clothing,Stole,COD,,,,,
B-36376,299,-28,3,Electronics,Electronic Games,UPI,,,,,
B-36377,68,-30,1,Electronics,Phones,UPI,,,,,
B-36378,52,18,5,Clothing,Leggings,Debit Card,,,,,
B-36379,239,-162,5,Furniture,Chairs,COD,,,,,
B-36380,27,6,3,Clothing,Skirt,COD,,,,,
B-36381,238,20,2,Clothing,Saree,COD,,,,,
B-36382,48,16,3,Clothing,Shirt,COD,,,,,
B-36383,66,22,3,Clothing,Stole,UPI,,,,,
B-36384,53,24,1,Clothing,Hankerchief,Debit Card,,,,,
B-36385,233,-10,5,Electronics,Electronic Games,COD,,,,,
B-36386,53,-2,3,Clothing,Saree,Debit Card,,,,,
B-36387,54,8,4,Clothing,T-shirt,Debit Card,,,,,
B-36388,352,-345,5,Clothing,Saree,Credit Card,,,,,
B-36389,349,0,7,Clothing,Stole,Credit Card,,,,,
B-36390,341,-85,6,Clothing,Trousers,Credit Card,,,,,
B-36391,54,12,3,Clothing,Saree,Debit Card,,,,,
B-36392,57,7,2,Clothing,Shirt,UPI,,,,,
B-36393,340,20,7,Clothing,Shirt,Credit Card,,,,,
B-36394,227,48,5,Clothing,Stole,COD,,,,,
B-36395,330,81,1,Furniture,Bookcases,Credit Card,,,,,
B-36396,216,-38,6,Furniture,Furnishings,UPI,,,,,
B-36397,224,-143,3,Furniture,Chairs,COD,,,,,
B-36398,55,-33,2,Furniture,Chairs,Debit Card,,,,,
B-36399,49,21,1,Clothing,Stole,UPI,,,,,
B-36400,224,87,3,Clothing,Trousers,COD,,,,,
B-36401,223,27,2,Furniture,Bookcases,COD,,,,,
B-36402,324,39,8,Electronics,Accessories,Credit Card,,,,,
B-36403,56,18,2,Clothing,Hankerchief,Debit Card,,,,,
B-36404,223,62,7,Clothing,Shirt,COD,,,,,
B-36405,10,2,2,Clothing,Skirt,COD,,,,,
B-36406,57,6,5,Clothing,Leggings,Debit Card,,,,,
B-36407,322,-113,4,Clothing,Saree,Credit Card,,,,,
B-36408,219,4,2,Clothing,Saree,COD,,,,,
B-36409,103,21,7,Clothing,Stole,UPI,,,,,
B-36410,47,-27,4,Clothing,Saree,COD,,,,,
B-36411,219,0,1,Clothing,Saree,COD,,,,,
B-36412,57,-48,6,Clothing,Leggings,Debit Card,,,,,
B-36413,319,102,6,Electronics,Accessories,Credit Card,,,,,
B-36414,315,-8,3,Furniture,Chairs,Credit Card,,,,,
B-36415,314,-41,3,Electronics,Electronic Games,Credit Card,,,,,
B-36416,311,40,1,Electronics,Electronic Games,EMI,,,,,
B-36417,307,74,3,Electronics,Accessories,EMI,,,,,
B-36418,294,109,7,Electronics,Accessories,EMI,,,,,
B-36419,216,-83,3,Electronics,Electronic Games,COD,,,,,
B-36420,58,-42,2,Furniture,Chairs,Debit Card,,,,,
B-36421,48,20,4,Clothing,Stole,UPI,,,,,
B-36422,54,14,3,Clothing,T-shirt,UPI,,,,,
B-36423,216,50,4,Clothing,Stole,COD,,,,,
B-36424,215,-30,2,Clothing,Saree,COD,,,,,
B-36425,43,8,3,Clothing,Leggings,COD,,,,,
B-36426,136,-33,5,Clothing,Saree,COD,,,,,
B-36427,59,-30,3,Clothing,Leggings,Debit Card,,,,,
B-36428,213,4,14,Clothing,Shirt,COD,,,,,
B-36429,59,21,2,Clothing,Stole,Debit Card,,,,,
B-36430,55,3,3,Clothing,T-shirt,COD,,,,,
B-36431,294,62,9,Clothing,T-shirt,EMI,,,,,
B-36432,210,62,2,Electronics,Phones,COD,,,,,
B-36433,59,24,6,Clothing,Kurti,Debit Card,,,,,
B-36434,396,-31,9,Clothing,Saree,COD,,,,,
B-36435,284,45,2,Furniture,Bookcases,EMI,,,,,
B-36436,276,52,5,Clothing,Saree,EMI,,,,,
B-36437,23,2,2,Clothing,Skirt,UPI,,,,,
B-36438,209,-63,4,Electronics,Electronic Games,COD,,,,,
B-36439,50,-28,5,Furniture,Furnishings,COD,,,,,
B-36440,57,27,2,Clothing,Shirt,COD,,,,,
B-36441,276,-21,2,Electronics,Phones,EMI,,,,,
B-36442,268,6,2,Furniture,Bookcases,UPI,,,,,
B-36443,269,111,3,Clothing,Trousers,EMI,,,,,
B-36444,209,2,1,Clothing,Saree,COD,,,,,
B-36445,60,-12,4,Clothing,Hankerchief,Debit Card,,,,,
B-36446,269,-86,2,Electronics,Electronic Games,EMI,,,,,
B-36447,208,-25,2,Clothing,Saree,COD,,,,,
B-36448,27,2,2,Clothing,Leggings,UPI,,,,,
B-36449,206,-206,3,Clothing,Saree,COD,,,,,
B-36450,61,8,4,Clothing,Hankerchief,Debit Card,,,,,
B-36451,212,-24,2,Furniture,Chairs,COD,,,,,
B-36452,262,64,6,Clothing,Saree,EMI,,,,,
B-36453,204,276,3,Furniture,Bookcases,COD,,,,,
B-36454,59,-46,7,Clothing,T-shirt,UPI,,,,,
B-36455,199,-18,2,Clothing,Saree,COD,,,,,
B-36456,59,6,1,Electronics,Accessories,UPI,,,,,
B-36457,45,9,3,Clothing,Leggings,UPI,,,,,
B-36458,211,19,8,Clothing,Stole,COD,,,,,
B-36459,65,-16,2,Electronics,Phones,Debit Card,,,,,
B-36460,25,0,4,Clothing,Skirt,UPI,,,,,
B-36461,196,-7,5,Electronics,Phones,COD,,,,,
B-36462,261,13,6,Clothing,Shirt,Credit Card,,,,,
B-36463,195,-117,5,Electronics,Phones,COD,,,,,
B-36464,192,-146,3,Clothing,Saree,COD,,,,,
B-36465,189,87,7,Clothing,Stole,COD,,,,,
B-36466,32,2,2,Clothing,Kurti,UPI,,,,,
B-36467,188,13,7,Clothing,Shirt,COD,,,,,
B-36468,73,-25,3,Clothing,Saree,COD,,,,,
B-36469,259,47,5,Clothing,Hankerchief,Credit Card,,,,,
B-36470,187,-15,3,Clothing,Trousers,COD,,,,,
B-36471,26,11,2,Clothing,Hankerchief,UPI,,,,,
B-36472,185,-26,6,Furniture,Chairs,COD,,,,,
B-36473,248,8,2,Clothing,Saree,Credit Card,,,,,
B-36474,67,9,4,Clothing,Leggings,Debit Card,,,,,
B-36475,248,-70,3,Furniture,Chairs,Credit Card,,,,,
B-36476,246,61,2,Furniture,Bookcases,Credit Card,,,,,
B-36477,179,-25,5,Clothing,Kurti,COD,,,,,
B-36478,176,-28,5,Furniture,Furnishings,COD,,,,,
B-36479,176,-13,5,Furniture,Furnishings,COD,,,,,
B-36480,68,-62,2,Clothing,Trousers,Debit Card,,,,,
B-36481,176,37,6,Electronics,Accessories,COD,,,,,
B-36482,88,11,7,Clothing,Hankerchief,UPI,,,,,
B-36483,68,20,5,Clothing,Hankerchief,Debit Card,,,,,
B-36484,231,99,2,Electronics,Electronic Games,Credit Card,,,,,
B-36485,62,8,2,Clothing,T-shirt,UPI,,,,,
B-36486,175,77,3,Clothing,Saree,COD,,,,,
B-36487,71,4,5,Clothing,Leggings,Debit Card,,,,,
B-36488,174,-70,3,Electronics,Accessories,COD,,,,,
B-36489,173,69,3,Furniture,Chairs,COD,,,,,
B-36490,171,2,2,Electronics,Electronic Games,COD,,,,,
B-36491,268,-25,3,Clothing,Saree,COD,,,,,
B-36492,71,32,3,Clothing,Saree,Debit Card,,,,,
B-36493,29,10,4,Clothing,Hankerchief,UPI,,,,,
B-36494,65,17,2,Clothing,T-shirt,UPI,,,,,
B-36495,72,-46,7,Clothing,Kurti,Debit Card,,,,,
B-36496,168,-51,2,Furniture,Bookcases,COD,,,,,
B-36497,165,30,3,Clothing,Stole,COD,,,,,
B-36498,74,-59,2,Electronics,Accessories,Debit Card,,,,,
B-36499,89,17,2,Clothing,Stole,UPI,,,,,
B-36500,228,63,3,Electronics,Electronic Games,Credit Card,,,,,
B-36501,119,-24,4,Furniture,Furnishings,COD,,,,,
B-36502,75,-25,3,Clothing,Stole,UPI,,,,,
B-36503,67,20,4,Clothing,T-shirt,UPI,,,,,
B-36504,7,0,1,Clothing,Leggings,COD,,,,,
B-36505,222,35,5,Clothing,Saree,Credit Card,,,,,
B-36506,219,-9,4,Clothing,Saree,Credit Card,,,,,
B-36507,42,-23,2,Furniture,Furnishings,UPI,,,,,
B-36508,216,-135,3,Furniture,Chairs,Credit Card,,,,,
B-36509,47,-21,2,Electronics,Electronic Games,COD,,,,,
B-36510,68,-55,5,Electronics,Accessories,UPI,,,,,
B-36511,74,33,2,Clothing,Shirt,Debit Card,,,,,
B-36512,165,46,3,Furniture,Furnishings,COD,,,,,
B-36513,101,11,2,Clothing,Hankerchief,UPI,,,,,
B-36514,162,73,2,Electronics,Electronic Games,COD,,,,,
B-36515,20,-22,1,Furniture,Furnishings,UPI,,,,,
B-36516,162,55,3,Clothing,Stole,COD,,,,,
B-36517,229,-23,2,Clothing,Saree,UPI,,,,,
B-36518,27,0,2,Clothing,Leggings,COD,,,,,
B-36519,685,7,7,Clothing,Trousers,UPI,,,,,
B-36520,75,2,5,Clothing,Leggings,Debit Card,,,,,
B-36521,161,-229,8,Furniture,Furnishings,COD,,,,,
B-36522,71,19,3,Clothing,T-shirt,COD,,,,,
B-36523,211,-105,2,Clothing,Saree,Credit Card,,,,,
B-36524,79,5,6,Clothing,Hankerchief,Debit Card,,,,,
B-36525,32,-22,5,Clothing,Saree,UPI,,,,,
B-36526,161,40,3,Clothing,Stole,COD,,,,,
B-36527,159,4,1,Clothing,Saree,COD,,,,,
B-36528,210,-50,4,Clothing,Hankerchief,Credit Card,,,,,
B-36529,79,39,2,Clothing,Shirt,Debit Card,,,,,
B-36530,207,153,3,Clothing,Saree,Credit Card,,,,,
B-36531,36,0,4,Clothing,Kurti,COD,,,,,
B-36532,206,12,1,Electronics,Printers,Credit Card,,,,,
B-36533,46,0,4,Clothing,Leggings,COD,,,,,
B-36534,156,23,3,Clothing,Stole,COD,,,,,
B-36535,154,54,3,Clothing,Hankerchief,COD,,,,,
B-36536,36,15,3,Clothing,Stole,UPI,,,,,
B-36537,206,51,4,Clothing,Hankerchief,Credit Card,,,,,
B-36538,200,7,4,Electronics,Electronic Games,Credit Card,,,,,
B-36539,199,-1,1,Clothing,Saree,Credit Card,,,,,
B-36540,154,22,7,Clothing,T-shirt,COD,,,,,
B-36541,152,23,3,Furniture,Furnishings,COD,,,,,
B-36542,152,50,6,Clothing,Stole,COD,,,,,
B-36543,122,-21,3,Furniture,Furnishings,UPI,,,,,
B-36544,149,48,6,Clothing,Stole,COD,,,,,
B-36545,149,-87,4,Clothing,Saree,COD,,,,,
B-36546,197,20,4,Clothing,Kurti,Credit Card,,,,,
B-36547,76,-54,3,Electronics,Electronic Games,COD,,,,,
B-36548,221,-15,2,Electronics,Electronic Games,COD,,,,,
B-36549,79,32,3,Clothing,Saree,Debit Card,,,,,
B-36550,45,12,7,Clothing,Hankerchief,UPI,,,,,
B-36551,149,-1,1,Clothing,Saree,COD,,,,,
B-36552,80,22,3,Clothing,Stole,Debit Card,,,,,
B-36553,195,12,9,Clothing,Shirt,Credit Card,,,,,
B-36554,19,0,3,Clothing,Skirt,UPI,,,,,
B-36555,81,41,3,Clothing,Stole,Debit Card,,,,,
B-36556,83,34,5,Clothing,Shirt,Debit Card,,,,,
B-36557,149,17,4,Furniture,Furnishings,COD,,,,,
B-36558,193,46,1,Electronics,Printers,Credit Card,,,,,
B-36559,85,24,10,Clothing,Hankerchief,Debit Card,,,,,
B-36560,44,-17,5,Clothing,Saree,UPI,,,,,
B-36561,149,-40,2,Electronics,Phones,COD,,,,,
B-36562,26,0,2,Clothing,Kurti,COD,,,,,
B-36563,86,0,4,Clothing,T-shirt,Debit Card,,,,,
B-36564,86,22,2,Clothing,Saree,Debit Card,,,,,
B-36565,79,16,3,Clothing,T-shirt,COD,,,,,
B-36566,193,-275,3,Electronics,Phones,Credit Card,,,,,
B-36567,148,0,3,Clothing,Saree,COD,,,,,
B-36568,70,-14,2,Furniture,Furnishings,UPI,,,,,
B-36569,148,59,3,Clothing,Hankerchief,COD,,,,,
B-36570,190,19,9,Furniture,Furnishings,Credit Card,,,,,
B-36571,52,14,2,Clothing,Stole,COD,,,,,
B-36572,147,44,3,Clothing,Saree,COD,,,,,
B-36573,190,68,8,Clothing,T-shirt,Credit Card,,,,,
B-36574,80,-56,4,Electronics,Electronic Games,UPI,,,,,
B-36575,147,48,3,Clothing,Saree,COD,,,,,
B-36576,66,12,3,Clothing,Stole,COD,,,,,
B-36577,86,8,2,Clothing,Saree,Debit Card,,,,,
B-36578,88,19,2,Clothing,Shirt,Debit Card,,,,,
B-36579,188,-193,2,Electronics,Electronic Games,Credit Card,,,,,
B-36580,89,29,2,Clothing,Stole,UPI,,,,,
B-36581,146,19,5,Clothing,Stole,COD,,,,,
B-36582,143,32,1,Furniture,Bookcases,COD,,,,,
B-36583,25,-1,4,Clothing,Kurti,COD,,,,,
B-36584,30,12,3,Clothing,Skirt,UPI,,,,,
B-36585,140,-58,4,Furniture,Furnishings,COD,,,,,
B-36586,83,-48,1,Furniture,Bookcases,UPI,,,,,
B-36587,140,6,5,Clothing,Saree,COD,,,,,
B-36588,28,14,4,Clothing,Hankerchief,COD,,,,,
B-36589,139,14,3,Clothing,Stole,COD,,,,,
B-36590,30,14,3,Clothing,Hankerchief,UPI,,,,,
B-36591,89,36,3,Clothing,Shirt,UPI,,,,,
B-36592,187,30,4,Electronics,Accessories,Credit Card,,,,,
B-36593,139,21,3,Electronics,Accessories,COD,,,,,
B-36594,437,-14,2,Clothing,Saree,UPI,,,,,
B-36595,138,-3,5,Clothing,Saree,COD,,,,,
B-36596,85,13,2,Clothing,Shirt,UPI,,,,,
B-36597,83,12,3,Clothing,Stole,UPI,,,,,
B-36598,91,22,2,Clothing,Stole,UPI,,,,,
B-36599,137,5,5,Clothing,Shirt,COD,,,,,
B-36600,33,-12,7,Clothing,Saree,UPI,,,,,
B-36601,134,-34,2,Furniture,Chairs,COD,,,,,
B-36602,134,42,2,Furniture,Chairs,COD,,,,,
B-36603,133,-56,2,Furniture,Chairs,COD,,,,,
B-36604,93,-84,3,Clothing,Saree,UPI,,,,,
B-36605,86,-21,1,Electronics,Electronic Games,UPI,,,,,
B-36606,132,54,5,Clothing,Stole,COD,,,,,
B-36607,132,-10,3,Clothing,Saree,COD,,,,,
B-36608,132,-79,5,Furniture,Furnishings,COD,,,,,
B-36609,93,-65,4,Clothing,Stole,UPI,,,,,
B-36610,95,5,2,Clothing,Stole,UPI,,,,,
B-36611,97,12,2,Clothing,Hankerchief,UPI,,,,,
B-36612,131,-154,8,Furniture,Furnishings,COD,,,,,
B-36613,97,29,2,Clothing,Hankerchief,UPI,,,,,
B-36614,128,4,3,Clothing,Saree,COD,,,,,
B-36615,186,241,9,Clothing,Shirt,Credit Card,,,,,
B-36616,128,47,4,Clothing,Hankerchief,COD,,,,,
B-36617,185,48,4,Clothing,Stole,Credit Card,,,,,
B-36618,29,10,2,Clothing,Stole,COD,,,,,
B-36619,127,29,3,Furniture,Furnishings,COD,,,,,
B-36620,97,36,7,Clothing,Hankerchief,UPI,,,,,
B-36621,125,0,3,Electronics,Accessories,COD,,,,,
B-36622,299,-8,2,Clothing,Saree,COD,,,,,
B-36623,124,54,5,Clothing,T-shirt,COD,,,,,
B-36624,90,17,3,Clothing,Shirt,COD,,,,,
B-36625,122,11,4,Clothing,Hankerchief,COD,,,,,
B-36626,122,-66,9,Electronics,Accessories,COD,,,,,
B-36627,90,30,2,Furniture,Chairs,UPI,,,,,
B-36628,182,-11,3,Furniture,Bookcases,Credit Card,,,,,
B-36629,122,59,7,Furniture,Furnishings,COD,,,,,
B-36630,121,19,4,Clothing,Stole,COD,,,,,
B-36631,120,1,1,Furniture,Chairs,COD,,,,,
B-36632,120,23,5,Clothing,Stole,COD,,,,,
B-36633,34,-11,5,Clothing,T-shirt,COD,,,,,
B-36634,117,17,6,Clothing,Kurti,COD,,,,,
B-36635,38,9,2,Clothing,Stole,COD,,,,,
B-36636,117,-6,3,Electronics,Phones,COD,,,,,
B-36637,180,54,4,Clothing,T-shirt,Credit Card,,,,,
B-36638,99,-5,1,Clothing,Saree,UPI,,,,,
B-36639,172,-103,3,Furniture,Chairs,EMI,,,,,
B-36640,116,16,4,Clothing,Stole,COD,,,,,
B-36641,116,-4,1,Clothing,Saree,COD,,,,,
B-36642,171,68,7,Clothing,Stole,EMI,,,,,
B-36643,46,14,5,Clothing,Skirt,COD,,,,,
B-36644,115,-39,3,Clothing,Trousers,COD,,,,,
B-36645,100,7,2,Clothing,T-shirt,UPI,,,,,
B-36646,44,8,2,Clothing,Stole,COD,,,,,
B-36647,139,14,3,Clothing,Kurti,COD,,,,,
B-36648,171,-140,2,Furniture,Bookcases,EMI,,,,,
B-36649,100,12,2,Clothing,T-shirt,UPI,,,,,
B-36650,115,25,6,Clothing,Stole,COD,,,,,
B-36651,168,-9,3,Clothing,Saree,COD,,,,,
B-36652,115,47,2,Electronics,Accessories,COD,,,,,
B-36653,168,-111,2,Electronics,Phones,EMI,,,,,
B-36654,31,-7,5,Clothing,Skirt,UPI,,,,,
B-36655,114,41,6,Furniture,Furnishings,COD,,,,,
B-36656,111,9,4,Clothing,Stole,COD,,,,,
B-36657,11,-8,2,Clothing,Skirt,UPI,,,,,
B-36658,110,35,1,Furniture,Furnishings,COD,,,,,
B-36659,59,15,2,Clothing,T-shirt,UPI,,,,,
B-36660,166,27,2,Electronics,Accessories,EMI,,,,,
B-36661,109,-6,6,Clothing,Saree,COD,,,,,
B-36662,34,-6,4,Clothing,Leggings,COD,,,,,
B-36663,109,40,1,Furniture,Furnishings,COD,,,,,
B-36664,108,22,3,Electronics,Accessories,COD,,,,,
B-36665,103,50,2,Furniture,Furnishings,UPI,,,,,
B-36666,10,-8,2,Clothing,Skirt,COD,,,,,
B-36667,90,17,3,Clothing,Hankerchief,COD,,,,,
B-36668,105,46,2,Clothing,Stole,UPI,,,,,
B-36669,105,20,2,Clothing,Stole,Debit Card,,,,,
B-36670,22,-6,1,Furniture,Furnishings,COD,,,,,
B-36671,105,-33,5,Clothing,Kurti,COD,,,,,
B-36672,105,25,2,Clothing,Hankerchief,EMI,,,,,
B-36673,25,-7,5,Clothing,Saree,UPI,,,,,
B-36674,104,2,2,Furniture,Furnishings,COD,,,,,
B-36675,16,5,1,Clothing,Stole,UPI,,,,,
B-36676,64,-7,3,Clothing,Saree,COD,,,,,
B-36677,38,-6,2,Furniture,Furnishings,UPI,,,,,
B-36678,83,12,2,Furniture,Chairs,COD,,,,,
B-36679,103,36,2,Clothing,Hankerchief,COD,,,,,
B-36680,37,-6,1,Clothing,Saree,UPI,,,,,
B-36681,105,33,6,Clothing,Saree,EMI,,,,,
B-36682,78,-6,2,Furniture,Furnishings,UPI,,,,,
B-36683,102,-90,1,Clothing,Saree,COD,,,,,
B-36684,102,11,6,Clothing,T-shirt,COD,,,,,
B-36685,10,-8,1,Clothing,Kurti,UPI,,,,,
B-36686,101,18,9,Clothing,Skirt,COD,,,,,
B-36687,42,-6,4,Clothing,Saree,UPI,,,,,
B-36688,56,18,2,Clothing,Hankerchief,UPI,,,,,
B-36689,95,5,2,Clothing,Stole,COD,,,,,
B-36690,159,2,3,Furniture,Furnishings,EMI,,,,,
B-36691,158,69,3,Clothing,Stole,EMI,,,,,
B-36692,106,0,2,Electronics,Phones,EMI,,,,,
B-36693,101,16,4,Clothing,T-shirt,COD,,,,,
B-36694,107,37,3,Clothing,Shirt,COD,,,,,
B-36695,156,36,5,Clothing,T-shirt,EMI,,,,,
B-36696,108,-19,3,Electronics,Electronic Games,UPI,,,,,
B-36697,107,-54,4,Clothing,Stole,EMI,,,,,
B-36698,100,-58,4,Clothing,Hankerchief,COD,,,,,
B-36699,108,26,4,Clothing,Shirt,UPI,,,,,
B-36700,100,6,4,Clothing,Stole,COD,,,,,
B-36701,100,-23,1,Electronics,Phones,COD,,,,,
B-36702,43,17,2,Clothing,T-shirt,UPI,,,,,
B-36703,155,26,3,Clothing,Stole,EMI,,,,,
B-36704,151,9,3,Clothing,Hankerchief,EMI,,,,,
B-36705,151,29,5,Clothing,Hankerchief,EMI,,,,,
B-36706,110,-68,4,Clothing,Saree,EMI,,,,,
B-36707,98,9,2,Furniture,Furnishings,COD,,,,,
B-36708,97,-62,2,Clothing,Trousers,COD,,,,,
B-36709,111,35,5,Clothing,Shirt,COD,,,,,
B-36710,45,17,1,Electronics,Accessories,COD,,,,,
B-36711,112,15,2,Furniture,Chairs,COD,,,,,
B-36712,110,20,5,Clothing,Stole,Debit Card,,,,,
B-36713,98,-5,2,Clothing,Saree,UPI,,,,,
B-36714,110,12,7,Clothing,Stole,Debit Card,,,,,
B-36715,95,11,4,Furniture,Furnishings,COD,,,,,
B-36716,1228,14,3,Furniture,Chairs,UPI,,,,,
B-36717,29,0,3,Furniture,Furnishings,COD,,,,,
B-36718,94,27,2,Clothing,T-shirt,COD,,,,,
B-36719,115,25,1,Electronics,Accessories,COD,,,,,
B-36720,149,15,3,Clothing,Saree,EMI,,,,,
B-36721,148,23,4,Clothing,Kurti,EMI,,,,,
B-36722,93,15,2,Electronics,Accessories,COD,,,,,
B-36723,113,24,4,Clothing,Hankerchief,Debit Card,,,,,
B-36724,48,2,3,Clothing,Stole,COD,,,,,
B-36725,148,9,1,Electronics,Electronic Games,UPI,,,,,
B-36726,114,11,4,Clothing,T-shirt,Debit Card,,,,,
B-36727,92,42,2,Clothing,Stole,COD,,,,,
B-36728,117,14,3,Clothing,Shirt,UPI,,,,,
B-36729,21,-10,4,Clothing,Leggings,COD,,,,,
B-36730,33,-10,6,Clothing,Leggings,UPI,,,,,
B-36731,114,8,3,Electronics,Accessories,Debit Card,,,,,
B-36732,115,0,1,Electronics,Accessories,Debit Card,,,,,
B-36733,90,29,5,Clothing,T-shirt,COD,,,,,
B-36734,61,1,2,Furniture,Furnishings,COD,,,,,
B-36735,119,1,1,Furniture,Chairs,COD,,,,,
B-36736,117,36,2,Clothing,Trousers,Debit Card,,,,,
B-36737,148,54,2,Furniture,Chairs,UPI,,,,,
B-36738,249,-5,4,Clothing,Saree,COD,,,,,
B-36739,147,73,3,Clothing,Stole,UPI,,,,,
B-36740,118,35,7,Clothing,T-shirt,EMI,,,,,
B-36741,119,56,7,Clothing,Saree,EMI,,,,,
B-36742,90,27,2,Clothing,T-shirt,COD,,,,,
B-36743,32,1,2,Clothing,Stole,COD,,,,,
B-36744,89,-89,2,Furniture,Furnishings,COD,,,,,
B-36745,146,66,1,Electronics,Phones,UPI,,,,,
B-36746,89,-37,4,Clothing,Shirt,COD,,,,,
B-36747,88,11,3,Electronics,Accessories,COD,,,,,
B-36748,121,41,4,Clothing,Stole,EMI,,,,,
B-36749,88,20,2,Clothing,Saree,COD,,,,,
B-36750,87,-83,5,Clothing,Kurti,COD,,,,,
B-36751,87,4,2,Clothing,Shirt,COD,,,,,
B-36752,122,15,3,Electronics,Accessories,EMI,,,,,
B-36753,87,10,3,Clothing,Stole,COD,,,,,
B-36754,53,8,3,Furniture,Furnishings,UPI,,,,,
B-36755,87,-32,9,Clothing,Skirt,COD,,,,,
B-36756,86,-55,6,Clothing,Saree,COD,,,,,
B-36757,125,22,3,Clothing,Stole,EMI,,,,,
B-36758,128,-3,3,Clothing,Saree,Debit Card,,,,,
B-36759,143,-124,5,Clothing,Saree,UPI,,,,,
B-36760,86,22,2,Clothing,Saree,COD,,,,,
B-36761,86,9,3,Clothing,Saree,COD,,,,,
B-36762,85,-9,4,Clothing,Saree,COD,,,,,
B-36763,129,-75,5,Clothing,Shirt,Debit Card,,,,,
B-36764,84,-42,2,Electronics,Accessories,COD,,,,,
B-36765,83,-81,3,Furniture,Chairs,COD,,,,,
B-36766,143,6,2,Electronics,Accessories,UPI,,,,,
B-36767,336,123,3,Electronics,Phones,UPI,,,,,
B-36768,323,122,5,Electronics,Phones,UPI,,,,,
B-36769,130,61,3,Clothing,Shirt,Debit Card,,,,,
B-36770,152,-3,5,Clothing,Saree,COD,,,,,
B-36771,25,10,1,Furniture,Furnishings,UPI,,,,,
B-36772,140,15,5,Clothing,Stole,UPI,,,,,
B-36773,45,0,2,Clothing,Stole,UPI,,,,,
B-36774,132,49,3,Clothing,Shirt,COD,,,,,
B-36775,133,12,5,Clothing,Stole,Debit Card,,,,,
B-36776,82,13,2,Clothing,Shirt,COD,,,,,
B-36777,140,56,4,Clothing,Shirt,UPI,,,,,
B-36778,81,19,7,Clothing,Hankerchief,COD,,,,,
B-36779,137,38,5,Clothing,Hankerchief,Debit Card,,,,,
B-36780,137,-41,3,Electronics,Phones,Debit Card,,,,,
B-36781,140,57,2,Clothing,Trousers,Debit Card,,,,,
B-36782,139,30,3,Clothing,Shirt,UPI,,,,,
B-36783,138,11,5,Clothing,Stole,UPI,,,,,
B-36784,79,-124,9,Clothing,Skirt,COD,,,,,
B-36785,136,41,3,Electronics,Accessories,UPI,,,,,
B-36786,145,16,3,Clothing,T-shirt,Debit Card,,,,,
B-36787,44,20,2,Clothing,T-shirt,UPI,,,,,
B-36788,79,6,7,Clothing,Saree,COD,,,,,
B-36789,79,36,4,Clothing,Shirt,COD,,,,,
B-36790,134,-13,3,Electronics,Electronic Games,UPI,,,,,
B-36791,133,5,5,Clothing,Stole,UPI,,,,,
B-36792,47,20,7,Clothing,Hankerchief,UPI,,,,,
B-36793,133,-42,1,Electronics,Printers,UPI,,,,,
B-36794,78,27,3,Clothing,Stole,COD,,,,,
B-36795,78,7,1,Furniture,Chairs,COD,,,,,
B-36796,76,-92,8,Furniture,Furnishings,COD,,,,,
B-36797,76,-50,1,Clothing,Saree,COD,,,,,
B-36798,76,19,3,Clothing,Hankerchief,COD,,,,,
B-36799,74,29,3,Clothing,Stole,COD,,,,,
B-36800,74,-25,3,Clothing,Stole,COD,,,,,
B-36801,146,-63,3,Electronics,Electronic Games,Debit Card,,,,,
B-36802,73,-31,1,Furniture,Bookcases,COD,,,,,
B-36803,80,22,3,Clothing,Stole,UPI,,,,,
B-36804,133,46,5,Clothing,Shirt,EMI,,,,,
B-36805,146,7,2,Electronics,Phones,Debit Card,,,,,
B-36806,130,-41,4,Clothing,Saree,EMI,,,,,
B-36807,141,41,3,Clothing,Shirt,UPI,,,,,
B-36808,147,21,3,Furniture,Furnishings,Debit Card,,,,,
B-36809,73,-7,1,Electronics,Phones,COD,,,,,
B-36810,148,72,7,Clothing,T-shirt,Debit Card,,,,,
B-36811,58,0,4,Clothing,Saree,UPI,,,,,
B-36812,21,-13,3,Clothing,Leggings,UPI,,,,,
B-36813,148,25,3,Clothing,Saree,Debit Card,,,,,
B-36814,144,-7,4,Electronics,Electronic Games,COD,,,,,
B-36815,145,-104,5,Furniture,Chairs,UPI,,,,,
B-36816,72,-49,1,Electronics,Phones,COD,,,,,
B-36817,125,15,5,Clothing,Shirt,EMI,,,,,
B-36818,149,15,3,Clothing,Saree,Debit Card,,,,,
B-36819,72,16,2,Clothing,Shirt,COD,,,,,
B-36820,71,0,8,Clothing,Skirt,COD,,,,,
B-36821,71,-14,4,Furniture,Furnishings,COD,,,,,
B-36822,154,-85,3,Furniture,Chairs,EMI,,,,,
B-36823,191,13,8,Furniture,Furnishings,COD,,,,,
B-36824,170,19,5,Clothing,T-shirt,UPI,,,,,
B-36825,47,-3,2,Clothing,Stole,UPI,,,,,
B-36826,122,-47,4,Clothing,Saree,EMI,,,,,
B-36827,70,26,5,Clothing,Hankerchief,COD,,,,,
B-36828,155,5,3,Clothing,Stole,EMI,,,,,
B-36829,67,-86,9,Furniture,Furnishings,COD,,,,,
B-36830,67,-42,3,Clothing,Stole,COD,,,,,
B-36831,148,-101,2,Furniture,Bookcases,UPI,,,,,
B-36832,122,38,6,Clothing,T-shirt,Credit Card,,,,,
B-36833,16,-5,2,Clothing,Stole,UPI,,,,,
B-36834,121,-17,3,Furniture,Furnishings,Credit Card,,,,,
B-36835,42,-15,12,Clothing,Skirt,UPI,,,,,
B-36836,65,-4,6,Clothing,Hankerchief,COD,,,,,
B-36837,119,-43,7,Clothing,Kurti,Credit Card,,,,,
B-36838,155,56,3,Furniture,Furnishings,EMI,,,,,
B-36839,119,-5,8,Clothing,Saree,Credit Card,,,,,
B-36840,118,25,4,Clothing,Hankerchief,Credit Card,,,,,
B-36841,116,22,1,Electronics,Accessories,Credit Card,,,,,
B-36842,158,-29,10,Clothing,Hankerchief,EMI,,,,,
B-36843,158,69,3,Clothing,Stole,EMI,,,,,
B-36844,65,-52,3,Electronics,Accessories,COD,,,,,
B-36845,160,-59,2,Clothing,Saree,EMI,,,,,
B-36846,162,20,3,Furniture,Chairs,EMI,,,,,
B-36847,63,1,4,Clothing,T-shirt,COD,,,,,
B-36848,64,27,5,Clothing,Hankerchief,UPI,,,,,
B-36849,166,-113,4,Electronics,Accessories,EMI,,,,,
B-36850,167,43,7,Clothing,T-shirt,EMI,,,,,
B-36851,123,17,3,Furniture,Furnishings,COD,,,,,
B-36852,63,14,2,Clothing,Shirt,COD,,,,,
B-36853,891,0,5,Clothing,Saree,COD,,,,,
B-36854,75,28,9,Clothing,Hankerchief,UPI,,,,,
B-36855,62,6,5,Clothing,Hankerchief,COD,,,,,
B-36856,29,-18,7,Clothing,Skirt,UPI,,,,,
B-36857,168,18,6,Clothing,Stole,Debit Card,,,,,
B-36858,70,24,3,Clothing,Stole,UPI,,,,,
B-36859,169,55,4,Clothing,Saree,Debit Card,,,,,
B-36860,32,-8,2,Clothing,Stole,COD,,,,,
B-36861,44,-8,3,Clothing,Stole,UPI,,,,,
B-36862,116,-56,5,Clothing,Stole,Credit Card,,,,,
B-36863,156,21,3,Furniture,Chairs,COD,,,,,
B-36864,62,6,6,Clothing,Skirt,COD,,,,,
B-36865,54,1,2,Clothing,Saree,UPI,,,,,
B-36866,111,11,9,Clothing,Hankerchief,Credit Card,,,,,
B-36867,158,-63,4,Furniture,Chairs,UPI,,,,,
B-36868,7,-3,2,Clothing,Skirt,UPI,,,,,
B-36869,61,28,2,Clothing,Hankerchief,UPI,,,,,
B-36870,61,-50,4,Clothing,Hankerchief,COD,,,,,
B-36871,154,26,4,Electronics,Accessories,COD,,,,,
B-36872,62,1,3,Clothing,Saree,COD,,,,,
B-36873,169,38,3,Clothing,Saree,Debit Card,,,,,
B-36874,61,18,2,Electronics,Accessories,COD,,,,,
B-36875,61,-23,2,Clothing,Saree,COD,,,,,
B-36876,171,14,9,Clothing,Shirt,Debit Card,,,,,
B-36877,60,-49,8,Clothing,Hankerchief,COD,,,,,
B-36878,25,-11,1,Clothing,Stole,UPI,,,,,
B-36879,163,26,4,Clothing,Shirt,COD,,,,,
B-36880,173,86,1,Electronics,Printers,Debit Card,,,,,
B-36881,257,-3,2,Furniture,Bookcases,UPI,,,,,
B-36882,108,37,2,Clothing,Stole,Credit Card,,,,,
B-36883,177,41,4,Clothing,Shirt,Debit Card,,,,,
B-36884,106,15,7,Clothing,Hankerchief,Credit Card,,,,,
B-36885,41,-14,5,Clothing,Leggings,UPI,,,,,
B-36886,168,-10,3,Electronics,Accessories,UPI,,,,,
B-36887,60,21,4,Clothing,Stole,COD,,,,,
B-36888,31,-11,4,Clothing,Stole,COD,,,,,
B-36889,179,0,2,Clothing,Saree,Debit Card,,,,,
B-36890,106,12,3,Clothing,Trousers,Credit Card,,,,,
B-36891,60,13,2,Clothing,T-shirt,COD,,,,,
B-36892,180,5,3,Clothing,Trousers,Debit Card,,,,,
B-36893,60,-10,2,Furniture,Furnishings,COD,,,,,
B-36894,59,25,3,Clothing,Stole,COD,,,,,
B-36895,170,73,2,Electronics,Accessories,UPI,,,,,
B-36896,59,10,2,Clothing,Hankerchief,COD,,,,,
B-36897,24,-21,7,Clothing,Skirt,COD,,,,,
B-36898,105,-26,8,Clothing,Leggings,Credit Card,,,,,
B-36899,103,46,2,Clothing,Saree,Credit Card,,,,,
B-36900,171,17,6,Clothing,T-shirt,UPI,,,,,
B-36901,102,13,2,Clothing,Stole,Credit Card,,,,,
B-36902,98,12,2,Clothing,Hankerchief,Credit Card,,,,,
B-36903,59,10,4,Clothing,Leggings,COD,,,,,
B-36904,189,60,4,Furniture,Furnishings,Debit Card,,,,,
B-36905,58,-52,3,Furniture,Chairs,COD,,,,,
B-36906,60,3,3,Clothing,Saree,UPI,,,,,
B-36907,58,-8,2,Clothing,Saree,COD,,,,,
B-36908,94,20,2,Furniture,Furnishings,UPI,,,,,
B-36909,193,-166,3,Clothing,Saree,EMI,,,,,
B-36910,199,0,4,Clothing,Stole,EMI,,,,,
B-36911,202,89,9,Clothing,T-shirt,EMI,,,,,
B-36912,58,17,2,Clothing,Hankerchief,COD,,,,,
B-36913,57,-28,2,Clothing,Kurti,COD,,,,,
B-36914,204,-94,4,Clothing,Hankerchief,EMI,,,,,
B-36915,98,-12,2,Electronics,Electronic Games,Credit Card,,,,,
B-36916,22,-12,3,Clothing,Stole,COD,,,,,
B-36917,97,17,2,Clothing,Stole,Credit Card,,,,,
B-36918,57,24,5,Clothing,Leggings,COD,,,,,
B-36919,97,14,2,Clothing,T-shirt,Credit Card,,,,,
B-36920,97,17,2,Clothing,Stole,Credit Card,,,,,
B-36921,96,22,5,Clothing,Stole,Credit Card,,,,,
B-36922,94,27,2,Clothing,Shirt,Credit Card,,,,,
B-36923,26,-17,1,Clothing,Stole,COD,,,,,
B-36924,93,44,2,Clothing,Stole,Credit Card,,,,,
B-36925,93,-65,4,Clothing,Stole,Credit Card,,,,,
B-36926,92,5,6,Clothing,Hankerchief,Credit Card,,,,,
B-36927,57,27,2,Clothing,T-shirt,COD,,,,,
B-36928,57,7,3,Furniture,Furnishings,COD,,,,,
B-36929,57,21,4,Clothing,Leggings,COD,,,,,
B-36930,128,4,3,Clothing,Saree,COD,,,,,
B-36931,89,-4,5,Clothing,Saree,Credit Card,,,,,
B-36932,221,26,7,Furniture,Furnishings,COD,,,,,
B-36933,205,-119,3,Clothing,Saree,Debit Card,,,,,
B-36934,191,51,5,Clothing,Shirt,UPI,,,,,
B-36935,206,18,4,Clothing,Hankerchief,Debit Card,,,,,
B-36936,56,0,4,Clothing,Hankerchief,COD,,,,,
B-36937,88,16,4,Clothing,Stole,Credit Card,,,,,
B-36938,224,58,3,Electronics,Phones,UPI,,,,,
B-36939,193,8,4,Clothing,T-shirt,UPI,,,,,
B-36940,87,36,5,Clothing,Stole,Credit Card,,,,,
B-36941,189,4,1,Clothing,Saree,UPI,,,,,
B-36942,55,-33,2,Furniture,Chairs,COD,,,,,
B-36943,85,-1,3,Clothing,Saree,Credit Card,,,,,
B-36944,252,56,2,Electronics,Phones,UPI,,,,,
B-36945,197,73,1,Furniture,Bookcases,COD,,,,,
B-36946,17,-3,2,Clothing,Stole,UPI,,,,,
B-36947,100,28,2,Clothing,Hankerchief,UPI,,,,,
B-36948,80,-19,5,Clothing,Stole,UPI,,,,,
B-36949,75,29,1,Clothing,Trousers,UPI,,,,,
B-36950,26,4,2,Clothing,Saree,UPI,,,,,
B-36951,55,12,5,Clothing,Skirt,COD,,,,,
B-36952,157,5,9,Clothing,Saree,UPI,,,,,
B-36953,200,-60,4,Furniture,Bookcases,UPI,,,,,
B-36954,230,5,2,Clothing,Saree,UPI,,,,,
B-36955,213,-145,3,Furniture,Bookcases,Debit Card,,,,,
B-36956,55,4,2,Clothing,Stole,COD,,,,,
B-36957,220,-19,2,Clothing,Saree,Debit Card,,,,,
B-36958,150,32,3,Clothing,Hankerchief,COD,,,,,
B-36959,203,84,2,Electronics,Printers,UPI,,,,,
B-36960,93,31,3,Electronics,Accessories,UPI,,,,,
B-36961,290,35,6,Clothing,Hankerchief,COD,,,,,
B-36962,48,6,1,Clothing,Saree,COD,,,,,
B-36963,221,35,4,Electronics,Accessories,Debit Card,,,,,
B-36964,55,18,2,Clothing,Kurti,COD,,,,,
B-36965,227,102,8,Electronics,Accessories,Debit Card,,,,,
B-36966,55,-39,4,Clothing,Stole,COD,,,,,
B-36967,207,33,2,Electronics,Accessories,UPI,,,,,
B-36968,64,6,4,Clothing,Saree,COD,,,,,
B-36969,89,6,5,Clothing,Saree,COD,,,,,
B-36970,54,27,2,Clothing,Stole,COD,,,,,
B-36971,84,41,3,Clothing,T-shirt,Credit Card,,,,,
B-36972,209,-21,2,Electronics,Electronic Games,UPI,,,,,
B-36973,79,33,4,Clothing,Stole,UPI,,,,,
B-36974,54,8,4,Clothing,T-shirt,COD,,,,,
B-36975,229,59,9,Clothing,Saree,Debit Card,,,,,
B-36976,158,38,3,Clothing,Hankerchief,UPI,,,,,
B-36977,248,105,2,Electronics,Phones,Debit Card,,,,,
B-36978,199,6,2,Clothing,Saree,UPI,,,,,
B-36979,253,-11,1,Clothing,Trousers,Debit Card,,,,,
B-36980,257,-252,4,Clothing,Saree,Debit Card,,,,,
B-36981,193,33,5,Electronics,Accessories,COD,,,,,
B-36982,109,35,6,Clothing,T-shirt,COD,,,,,
B-36983,214,30,3,Electronics,Accessories,COD,,,,,
B-36984,141,7,7,Clothing,Saree,COD,,,,,
B-36985,201,32,4,Furniture,Furnishings,UPI,,,,,
B-36986,54,12,4,Clothing,Shirt,COD,,,,,
B-36987,83,6,6,Clothing,Shirt,EMI,,,,,
B-36988,54,-3,3,Clothing,Saree,COD,,,,,
B-36989,53,5,3,Clothing,T-shirt,COD,,,,,
B-36990,258,-27,2,Electronics,Phones,Debit Card,,,,,
B-36991,199,8,2,Clothing,Saree,COD,,,,,
B-36992,82,-27,3,Clothing,Kurti,EMI,,,,,
B-36993,139,36,3,Clothing,Stole,COD,,,,,
B-36994,53,15,2,Clothing,Stole,COD,,,,,
B-36995,53,1,4,Clothing,Stole,COD,,,,,
B-36996,101,38,2,Furniture,Furnishings,COD,,,,,
B-36997,262,215,2,Electronics,Printers,Debit Card,,,,,
B-36998,82,-39,5,Clothing,T-shirt,EMI,,,,,
B-36999,154,39,3,Clothing,Hankerchief,COD,,,,,
B-37000,52,18,2,Clothing,Stole,COD,,,,,
B-37001,1599,37,6,Electronics,Electronic Games,UPI,,,,,
B-37002,338,41,7,Clothing,Hankerchief,UPI,,,,,
B-37003,51,-49,2,Electronics,Electronic Games,COD,,,,,
B-37004,224,-81,3,Furniture,Chairs,COD,,,,,
B-37005,207,37,4,Clothing,Hankerchief,COD,,,,,
B-37006,51,14,2,Clothing,Stole,COD,,,,,
B-37007,82,8,3,Electronics,Accessories,EMI,,,,,
B-37008,50,-17,2,Clothing,Stole,COD,,,,,
B-37009,263,-31,9,Electronics,Electronic Games,Debit Card,,,,,
B-37010,50,7,6,Clothing,Skirt,COD,,,,,
B-37011,245,-3,4,Electronics,Phones,UPI,,,,,
B-37012,82,24,6,Clothing,Hankerchief,EMI,,,,,
B-37013,229,-41,8,Electronics,Accessories,COD,,,,,
B-37014,50,14,1,Electronics,Electronic Games,COD,,,,,
B-37015,220,40,2,Electronics,Accessories,COD,,,,,
B-37016,263,-63,2,Electronics,Electronic Games,Debit Card,,,,,
B-37017,81,-41,5,Clothing,Leggings,EMI,,,,,
B-37018,50,-17,2,Clothing,Stole,COD,,,,,
B-37019,49,5,4,Clothing,Hankerchief,COD,,,,,
B-37020,237,47,9,Clothing,T-shirt,UPI,,,,,
B-37021,264,-30,3,Furniture,Furnishings,Debit Card,,,,,
B-37022,49,3,1,Clothing,Shirt,COD,,,,,
B-37023,63,-24,6,Clothing,Kurti,COD,,,,,
B-37024,81,-51,7,Clothing,Stole,EMI,,,,,
B-37025,264,71,10,Furniture,Furnishings,Debit Card,,,,,
B-37026,48,11,2,Clothing,Shirt,COD,,,,,
B-37027,48,15,1,Clothing,Hankerchief,COD,,,,,
B-37028,245,-78,2,Electronics,Printers,UPI,,,,,
B-37029,146,42,5,Clothing,Hankerchief,UPI,,,,,
B-37030,245,10,2,Furniture,Bookcases,COD,,,,,
B-37031,245,91,2,Furniture,Bookcases,UPI,,,,,
B-37032,80,3,3,Clothing,Stole,EMI,,,,,
B-37033,269,33,5,Furniture,Chairs,Debit Card,,,,,
B-37034,80,22,3,Clothing,Stole,EMI,,,,,
B-37035,284,44,6,Clothing,Hankerchief,COD,,,,,
B-37036,313,44,3,Electronics,Electronic Games,COD,,,,,
B-37037,80,-26,9,Clothing,Skirt,EMI,,,,,
B-37038,48,-8,8,Clothing,Stole,COD,,,,,
B-37039,87,16,2,Clothing,Saree,UPI,,,,,
B-37040,47,-114,5,Furniture,Furnishings,COD,,,,,
B-37041,140,28,2,Electronics,Phones,COD,,,,,
B-37042,47,1,2,Clothing,Stole,COD,,,,,
B-37043,79,-2,2,Furniture,Furnishings,EMI,,,,,
B-37044,78,-64,7,Clothing,Stole,EMI,,,,,
B-37045,47,-3,2,Clothing,Stole,COD,,,,,
B-37046,185,48,4,Clothing,Stole,UPI,,,,,
B-37047,77,36,2,Clothing,Shirt,EMI,,,,,
B-37048,259,47,5,Clothing,Hankerchief,UPI,,,,,
B-37049,75,0,7,Clothing,Saree,EMI,,,,,
B-37050,75,0,3,Clothing,Shirt,EMI,,,,,
B-37051,46,0,4,Clothing,Leggings,COD,,,,,
B-37052,46,13,3,Clothing,Hankerchief,COD,,,,,
B-37053,200,13,5,Electronics,Phones,COD,,,,,
B-37054,46,-14,1,Electronics,Phones,COD,,,,,
B-37055,126,52,4,Clothing,Hankerchief,UPI,,,,,
B-37056,74,29,3,Clothing,Stole,EMI,,,,,
B-37057,45,13,4,Clothing,Skirt,COD,,,,,
B-37058,74,9,3,Clothing,Shirt,UPI,,,,,
B-37059,129,11,2,Electronics,Phones,UPI,,,,,
B-37060,122,50,7,Clothing,Stole,UPI,,,,,
B-37061,74,-51,3,Clothing,Stole,UPI,,,,,
B-37062,278,39,5,Furniture,Chairs,Debit Card,,,,,
B-37063,282,14,4,Clothing,Trousers,Debit Card,,,,,
B-37064,45,0,2,Clothing,T-shirt,COD,,,,,
B-37065,45,6,3,Clothing,Shirt,COD,,,,,
B-37066,45,16,3,Clothing,Stole,COD,,,,,
B-37067,73,-36,3,Furniture,Chairs,UPI,,,,,
B-37068,45,12,4,Clothing,Hankerchief,COD,,,,,
B-37069,72,-6,3,Clothing,Saree,UPI,,,,,
B-37070,71,-44,5,Electronics,Accessories,UPI,,,,,
B-37071,45,-2,4,Clothing,Shirt,COD,,,,,
B-37072,286,140,6,Clothing,Shirt,Debit Card,,,,,
B-37073,294,138,2,Electronics,Printers,Debit Card,,,,,
B-37074,223,4,3,Electronics,Phones,COD,,,,,
B-37075,20,-2,1,Electronics,Accessories,UPI,,,,,
B-37076,302,75,6,Furniture,Furnishings,Debit Card,,,,,
B-37077,113,28,2,Clothing,Saree,UPI,,,,,
B-37078,44,2,3,Clothing,Hankerchief,COD,,,,,
B-37079,305,-270,5,Electronics,Electronic Games,Debit Card,,,,,
B-37080,306,-147,3,Clothing,Saree,Debit Card,,,,,
B-37081,70,-64,5,Clothing,Stole,UPI,,,,,
B-37082,44,11,4,Clothing,Stole,COD,,,,,
B-37083,44,14,3,Clothing,Hankerchief,COD,,,,,
B-37084,319,312,5,Clothing,Saree,Debit Card,,,,,
B-37085,287,-280,12,Furniture,Chairs,UPI,,,,,
B-37086,44,10,3,Clothing,Stole,COD,,,,,
B-37087,288,-180,4,Furniture,Chairs,COD,,,,,
B-37088,49,-31,2,Clothing,Stole,COD,,,,,
B-37089,43,-10,4,Clothing,Skirt,COD,,,,,
B-37090,43,5,3,Clothing,Stole,COD,,,,,
B-37091,68,-27,3,Electronics,Accessories,UPI,,,,,
B-37092,320,144,1,Electronics,Printers,Debit Card,,,,,
B-37093,67,2,4,Clothing,T-shirt,UPI,,,,,
B-37094,66,-12,5,Clothing,Stole,UPI,,,,,
B-37095,321,26,3,Electronics,Printers,Debit Card,,,,,
B-37096,43,-5,2,Clothing,Saree,COD,,,,,
B-37097,114,-39,5,Clothing,Kurti,COD,,,,,
B-37098,43,17,1,Clothing,Saree,COD,,,,,
B-37099,43,21,3,Clothing,Shirt,COD,,,,,
B-37100,637,50,5,Clothing,Saree,COD,,,,,
B-37101,300,42,2,Electronics,Printers,COD,,,,,
B-37102,341,44,7,Furniture,Furnishings,UPI,,,,,
B-37103,102,0,3,Electronics,Phones,COD,,,,,
B-37104,328,-15,3,Electronics,Electronic Games,Debit Card,,,,,
B-37105,341,160,7,Clothing,Stole,Debit Card,,,,,
B-37106,62,11,7,Clothing,Hankerchief,UPI,,,,,
B-37107,42,13,3,Clothing,Leggings,COD,,,,,
B-37108,62,28,5,Clothing,Hankerchief,UPI,,,,,
B-37109,42,7,2,Clothing,Kurti,COD,,,,,
B-37110,42,-3,1,Electronics,Electronic Games,COD,,,,,
B-37111,313,-13,5,Furniture,Bookcases,UPI,,,,,
B-37112,109,52,2,Clothing,Stole,UPI,,,,,
B-37113,226,58,3,Electronics,Accessories,COD,,,,,
B-37114,62,-1,1,Electronics,Phones,UPI,,,,,
B-37115,61,-25,4,Electronics,Accessories,UPI,,,,,
B-37116,222,74,5,Clothing,Hankerchief,COD,,,,,
B-37117,342,-154,7,Furniture,Furnishings,Debit Card,,,,,
B-37118,344,-34,3,Clothing,Saree,Debit Card,,,,,
B-37119,345,38,7,Clothing,Hankerchief,Debit Card,,,,,
B-37120,46,0,2,Electronics,Electronic Games,COD,,,,,
B-37121,255,74,5,Clothing,Hankerchief,COD,,,,,
B-37122,360,32,3,Clothing,Saree,UPI,,,,,
B-37123,372,59,3,Electronics,Printers,UPI,,,,,
B-37124,61,30,2,Clothing,Hankerchief,UPI,,,,,
B-37125,42,12,5,Clothing,Hankerchief,COD,,,,,
B-37126,42,-26,2,Clothing,Kurti,COD,,,,,
B-37127,61,25,4,Clothing,Saree,UPI,,,,,
B-37128,41,11,6,Clothing,Hankerchief,COD,,,,,
B-37129,40,13,3,Clothing,T-shirt,COD,,,,,
B-37130,59,21,2,Clothing,Stole,UPI,,,,,
B-37131,57,27,2,Clothing,Shirt,UPI,,,,,
B-37132,17,6,1,Clothing,Stole,UPI,,,,,
B-37133,40,10,2,Clothing,Stole,COD,,,,,
B-37134,349,-24,2,Clothing,Saree,Debit Card,,,,,
B-37135,335,-22,7,Furniture,Chairs,UPI,,,,,
B-37136,40,16,3,Clothing,Hankerchief,COD,,,,,
B-37137,40,17,2,Clothing,Stole,COD,,,,,
B-37138,40,-7,3,Clothing,Stole,COD,,,,,
B-37139,352,74,8,Clothing,Stole,Debit Card,,,,,
B-37140,55,-26,4,Clothing,Saree,UPI,,,,,
B-37141,352,18,5,Clothing,Trousers,Debit Card,,,,,
B-37142,53,-18,4,Clothing,T-shirt,UPI,,,,,
B-37143,51,7,2,Furniture,Furnishings,UPI,,,,,
B-37144,40,-37,3,Clothing,Stole,COD,,,,,
B-37145,39,14,5,Clothing,Leggings,COD,,,,,
B-37146,355,-4,2,Clothing,Saree,Debit Card,,,,,
B-37147,357,139,2,Clothing,Saree,Debit Card,,,,,
B-37148,38,18,1,Clothing,Kurti,COD,,,,,
B-37149,38,9,2,Clothing,Stole,COD,,,,,
B-37150,141,10,4,Clothing,Shirt,UPI,,,,,
B-37151,36,4,9,Clothing,Hankerchief,COD,,,,,
B-37152,351,-94,5,Electronics,Electronic Games,COD,,,,,
B-37153,369,15,3,Electronics,Electronic Games,Debit Card,,,,,
B-37154,53,24,6,Clothing,Hankerchief,EMI,,,,,
B-37155,371,115,1,Furniture,Bookcases,Debit Card,,,,,
B-37156,499,33,4,Clothing,Saree,COD,,,,,
B-37157,223,62,7,Clothing,Shirt,COD,,,,,
B-37158,50,-4,6,Clothing,T-shirt,EMI,,,,,
B-37159,391,90,6,Electronics,Phones,Debit Card,,,,,
B-37160,416,137,3,Electronics,Phones,Debit Card,,,,,
B-37161,424,-17,9,Furniture,Chairs,Debit Card,,,,,
B-37162,362,127,1,Furniture,Bookcases,COD,,,,,
B-37163,36,-7,1,Electronics,Electronic Games,COD,,,,,
B-37164,34,-10,3,Clothing,Skirt,COD,,,,,
B-37165,367,73,3,Electronics,Electronic Games,UPI,,,,,
B-37166,425,208,7,Clothing,Saree,Debit Card,,,,,
B-37167,433,26,3,Electronics,Printers,Debit Card,,,,,
B-37168,460,31,3,Furniture,Bookcases,Debit Card,,,,,
B-37169,62,-56,5,Clothing,Kurti,COD,,,,,
B-37170,50,16,1,Clothing,Stole,EMI,,,,,
B-37171,460,-143,3,Furniture,Chairs,Debit Card,,,,,
B-37172,34,3,3,Clothing,Saree,COD,,,,,
B-37173,227,59,2,Furniture,Furnishings,UPI,,,,,
B-37174,469,33,4,Electronics,Electronic Games,Debit Card,,,,,
B-37175,103,46,2,Clothing,Saree,UPI,,,,,
B-37176,34,-13,5,Clothing,Leggings,COD,,,,,
B-37177,137,63,3,Clothing,Stole,COD,,,,,
B-37178,34,12,2,Clothing,Stole,COD,,,,,
B-37179,474,56,4,Electronics,Phones,Debit Card,,,,,
B-37180,50,3,2,Clothing,Stole,EMI,,,,,
B-37181,69,-67,4,Clothing,Kurti,UPI,,,,,
B-37182,389,-83,3,Furniture,Chairs,UPI,,,,,
B-37183,77,-43,8,Clothing,Stole,COD,,,,,
B-37184,51,21,3,Clothing,T-shirt,COD,,,,,
B-37185,394,146,2,Furniture,Bookcases,UPI,,,,,
B-37186,48,-22,2,Clothing,Saree,EMI,,,,,
B-37187,34,-12,5,Clothing,Leggings,COD,,,,,
B-37188,484,28,3,Electronics,Printers,Debit Card,,,,,
B-37189,47,-27,4,Clothing,Saree,EMI,,,,,
B-37190,45,8,4,Clothing,Skirt,EMI,,,,,
B-37191,128,55,1,Clothing,Saree,COD,,,,,
B-37192,669,74,5,Furniture,Bookcases,COD,,,,,
B-37193,34,13,2,Clothing,Saree,COD,,,,,
B-37194,44,14,3,Clothing,Hankerchief,Credit Card,,,,,
B-37195,33,1,2,Clothing,Shirt,COD,,,,,
B-37196,33,10,3,Clothing,Hankerchief,COD,,,,,
B-37197,487,-23,3,Electronics,Printers,Debit Card,,,,,
B-37198,497,179,3,Furniture,Chairs,Debit Card,,,,,
B-37199,508,203,2,Electronics,Accessories,Debit Card,,,,,
B-37200,524,-25,2,Electronics,Electronic Games,Debit Card,,,,,
B-37201,425,183,5,Electronics,Accessories,UPI,,,,,
B-37202,168,56,3,Clothing,Saree,COD,,,,,
B-37203,141,28,7,Furniture,Furnishings,UPI,,,,,
B-37204,429,17,3,Furniture,Chairs,UPI,,,,,
B-37205,44,-8,3,Clothing,Stole,Credit Card,,,,,
B-37206,149,136,3,Clothing,Stole,UPI,,,,,
B-37207,44,-34,3,Clothing,Stole,Credit Card,,,,,
B-37208,33,10,3,Clothing,Hankerchief,COD,,,,,
B-37209,33,9,2,Clothing,Hankerchief,COD,,,,,
B-37210,442,31,2,Electronics,Electronic Games,UPI,,,,,
B-37211,41,6,5,Clothing,Skirt,Credit Card,,,,,
B-37212,33,-12,5,Clothing,Hankerchief,COD,,,,,
B-37213,32,3,8,Clothing,Hankerchief,COD,,,,,
B-37214,32,6,3,Clothing,Shirt,COD,,,,,
B-37215,179,77,1,Clothing,Saree,UPI,,,,,
B-37216,31,10,1,Clothing,Kurti,COD,,,,,
B-37217,140,68,5,Clothing,T-shirt,COD,,,,,
B-37218,529,137,3,Electronics,Phones,Debit Card,,,,,
B-37219,534,0,3,Clothing,Saree,Debit Card,,,,,
B-37220,41,-6,1,Furniture,Chairs,Credit Card,,,,,
B-37221,379,63,2,Clothing,Saree,COD,,,,,
B-37222,81,-44,3,Clothing,Stole,COD,,,,,
B-37223,40,-33,5,Clothing,Hankerchief,Credit Card,,,,,
B-37224,40,18,1,Electronics,Accessories,Credit Card,,,,,
B-37225,534,0,3,Clothing,Saree,Debit Card,,,,,
B-37226,31,9,2,Clothing,Hankerchief,COD,,,,,
B-37227,473,-113,9,Clothing,Hankerchief,UPI,,,,,
B-37228,31,-10,3,Clothing,Skirt,COD,,,,,
B-37229,31,-3,4,Clothing,Saree,COD,,,,,
B-37230,91,15,6,Clothing,T-shirt,UPI,,,,,
B-37231,30,-25,2,Clothing,T-shirt,COD,,,,,
B-37232,30,6,1,Clothing,T-shirt,COD,,,,,
B-37233,40,0,3,Clothing,Saree,Credit Card,,,,,
B-37234,534,5,2,Electronics,Electronic Games,Debit Card,,,,,
B-37235,539,-146,7,Furniture,Furnishings,Debit Card,,,,,
B-37236,490,-128,8,Furniture,Bookcases,UPI,,,,,
B-37237,163,81,2,Electronics,Accessories,COD,,,,,
B-37238,184,85,6,Clothing,T-shirt,UPI,,,,,
B-37239,494,54,4,Furniture,Bookcases,COD,,,,,
B-37240,30,11,5,Clothing,Hankerchief,COD,,,,,
B-37241,30,0,1,Clothing,Kurti,COD,,,,,
B-37242,39,-18,2,Clothing,Leggings,Credit Card,,,,,
B-37243,1700,85,3,Clothing,Trousers,COD,,,,,
B-37244,332,-43,6,Electronics,Phones,UPI,,,,,
B-37245,436,131,9,Clothing,Hankerchief,UPI,,,,,
B-37246,30,-5,2,Furniture,Furnishings,COD,,,,,
B-37247,30,-10,2,Clothing,Stole,COD,,,,,
B-37248,38,-13,3,Clothing,Stole,Credit Card,,,,,
B-37249,511,194,3,Furniture,Chairs,UPI,,,,,
B-37250,37,-53,3,Clothing,Saree,Credit Card,,,,,
B-37251,513,215,2,Electronics,Accessories,COD,,,,,
B-37252,516,69,4,Furniture,Bookcases,UPI,,,,,
B-37253,559,-19,2,Clothing,Trousers,Debit Card,,,,,
B-37254,29,-10,3,Clothing,Skirt,COD,,,,,
B-37255,148,52,5,Clothing,Stole,UPI,,,,,
B-37256,559,-174,2,Electronics,Electronic Games,Debit Card,,,,,
B-37257,527,26,3,Electronics,Electronic Games,COD,,,,,
B-37258,560,44,3,Clothing,Saree,Debit Card,,,,,
B-37259,571,108,12,Clothing,Stole,Debit Card,,,,,
B-37260,29,2,3,Clothing,Skirt,COD,,,,,
B-37261,29,3,2,Clothing,Stole,COD,,,,,
B-37262,29,-3,3,Clothing,Saree,COD,,,,,
B-37263,35,14,2,Clothing,Stole,Credit Card,,,,,
B-37264,579,139,3,Electronics,Printers,Debit Card,,,,,
B-37265,29,-24,4,Clothing,Leggings,COD,,,,,
B-37266,593,213,4,Furniture,Bookcases,Debit Card,,,,,
B-37267,217,72,2,Furniture,Furnishings,COD,,,,,
B-37268,353,90,8,Clothing,Saree,COD,,,,,
B-37269,382,92,2,Electronics,Printers,COD,,,,,
B-37270,597,93,4,Furniture,Chairs,Debit Card,,,,,
B-37271,212,97,7,Clothing,Hankerchief,COD,,,,,
B-37272,689,90,5,Clothing,Saree,COD,,,,,
B-37273,28,-10,3,Clothing,Skirt,COD,,,,,
B-37274,34,12,3,Clothing,Hankerchief,Credit Card,,,,,
B-37275,600,-102,5,Electronics,Electronic Games,Debit Card,,,,,
B-37276,637,113,5,Clothing,Saree,UPI,,,,,
B-37277,616,-69,7,Furniture,Furnishings,Debit Card,,,,,
B-37278,624,37,2,Electronics,Electronic Games,Debit Card,,,,,
B-37279,28,4,1,Clothing,T-shirt,COD,,,,,
B-37280,584,-444,7,Electronics,Printers,UPI,,,,,
B-37281,28,6,4,Clothing,Skirt,COD,,,,,
B-37282,33,-1,1,Clothing,Saree,Credit Card,,,,,
B-37283,27,-20,2,Clothing,Hankerchief,COD,,,,,
B-37284,27,5,2,Clothing,Skirt,COD,,,,,
B-37285,27,4,3,Clothing,Skirt,COD,,,,,
B-37286,635,-349,5,Clothing,Saree,Debit Card,,,,,
B-37287,598,166,4,Furniture,Bookcases,UPI,,,,,
B-37288,636,-204,2,Electronics,Printers,Debit Card,,,,,
B-37289,27,9,2,Clothing,Hankerchief,COD,,,,,
B-37290,27,-6,4,Clothing,Hankerchief,COD,,,,,
B-37291,637,212,8,Electronics,Phones,Debit Card,,,,,
B-37292,290,110,9,Clothing,Stole,UPI,,,,,
B-37293,27,-25,2,Clothing,Stole,COD,,,,,
B-37294,632,-114,4,Furniture,Tables,UPI,,,,,
B-37295,643,-45,2,Electronics,Printers,Debit Card,,,,,
B-37296,652,13,6,Furniture,Furnishings,Debit Card,,,,,
B-37297,33,-27,1,Furniture,Chairs,Credit Card,,,,,
B-37298,26,2,2,Clothing,Hankerchief,COD,,,,,
B-37299,633,-633,11,Electronics,Accessories,UPI,,,,,
B-37300,26,9,2,Clothing,Leggings,COD,,,,,
B-37301,191,93,4,Clothing,Shirt,UPI,,,,,
B-37302,887,80,3,Electronics,Printers,UPI,,,,,
B-37303,637,261,2,Electronics,Printers,COD,,,,,
B-37304,670,15,5,Furniture,Bookcases,Debit Card,,,,,
B-37305,26,7,4,Clothing,Hankerchief,COD,,,,,
B-37306,676,195,5,Furniture,Bookcases,Debit Card,,,,,
B-37307,26,12,3,Clothing,Hankerchief,COD,,,,,
B-37308,26,-24,1,Clothing,Stole,COD,,,,,
B-37309,25,7,2,Clothing,Stole,COD,,,,,
B-37310,24,-30,1,Furniture,Chairs,COD,,,,,
B-37311,32,-12,1,Furniture,Chairs,Credit Card,,,,,
B-37312,31,-2,2,Clothing,Saree,Credit Card,,,,,
B-37313,651,169,5,Electronics,Printers,COD,,,,,
B-37314,326,107,3,Furniture,Furnishings,UPI,,,,,
B-37315,30,-6,2,Clothing,Hankerchief,UPI,,,,,
B-37316,30,5,2,Clothing,Kurti,UPI,,,,,
B-37317,662,240,2,Furniture,Bookcases,COD,,,,,
B-37318,30,-23,2,Clothing,Saree,UPI,,,,,
B-37319,29,9,3,Clothing,Saree,UPI,,,,,
B-37320,28,1,1,Electronics,Accessories,UPI,,,,,
B-37321,28,-3,2,Clothing,Saree,UPI,,,,,
B-37322,24,2,4,Clothing,Hankerchief,COD,,,,,
B-37323,28,-26,2,Clothing,Stole,UPI,,,,,
B-37324,27,5,1,Clothing,Stole,UPI,,,,,
B-37325,27,-15,1,Clothing,Stole,UPI,,,,,
B-37326,24,11,3,Clothing,Hankerchief,COD,,,,,
B-37327,23,-6,4,Clothing,Hankerchief,COD,,,,,
B-37328,322,193,5,Electronics,Printers,COD,,,,,
B-37329,688,-103,6,Electronics,Accessories,Debit Card,,,,,
B-37330,23,-3,1,Clothing,Shirt,COD,,,,,
B-37331,26,3,3,Clothing,Skirt,UPI,,,,,
B-37332,68,-56,2,Electronics,Phones,COD,,,,,
B-37333,462,169,4,Clothing,Saree,COD,,,,,
B-37334,941,203,3,Furniture,Tables,UPI,,,,,
B-37335,23,4,2,Clothing,Skirt,COD,,,,,
B-37336,720,43,2,Electronics,Printers,UPI,,,,,
B-37337,724,-447,4,Electronics,Electronic Games,UPI,,,,,
B-37338,724,253,2,Furniture,Bookcases,UPI,,,,,
B-37339,26,10,4,Clothing,Hankerchief,UPI,,,,,
B-37340,22,-2,3,Clothing,Hankerchief,COD,,,,,
B-37341,711,-8,4,Clothing,Saree,Debit Card,,,,,
B-37342,107,31,5,Clothing,T-shirt,COD,,,,,
B-37343,765,-153,2,Electronics,Phones,Debit Card,,,,,
B-37344,22,8,2,Clothing,Leggings,COD,,,,,
B-37345,26,-5,2,Clothing,Stole,UPI,,,,,
B-37346,22,8,3,Clothing,Hankerchief,COD,,,,,
B-37347,743,89,5,Electronics,Printers,UPI,,,,,
B-37348,22,-15,4,Clothing,Kurti,COD,,,,,
B-37349,781,594,6,Electronics,Printers,Debit Card,,,,,
B-37350,25,-2,5,Clothing,Hankerchief,UPI,,,,,
B-37351,25,2,2,Clothing,Hankerchief,UPI,,,,,
B-37352,119,43,5,Clothing,T-shirt,COD,,,,,
B-37353,785,52,2,Electronics,Phones,Debit Card,,,,,
B-37354,183,-66,5,Electronics,Phones,UPI,,,,,
B-37355,22,4,1,Clothing,Stole,COD,,,,,
B-37356,642,180,5,Clothing,Saree,COD,,,,,
B-37357,767,-353,5,Clothing,Trousers,COD,,,,,
B-37358,770,323,3,Electronics,Accessories,COD,,,,,
B-37359,21,-17,3,Clothing,Shirt,COD,,,,,
B-37360,21,-6,3,Clothing,Leggings,COD,,,,,
B-37361,492,187,2,Electronics,Accessories,UPI,,,,,
B-37362,816,-96,3,Electronics,Printers,Debit Card,,,,,
B-37363,25,2,3,Clothing,Kurti,Credit Card,,,,,
B-37364,802,120,7,Electronics,Accessories,COD,,,,,
B-37365,811,154,7,Electronics,Accessories,UPI,,,,,
B-37366,835,267,5,Electronics,Phones,Debit Card,,,,,
B-37367,21,-5,1,Electronics,Accessories,COD,,,,,
B-37368,450,-190,4,Furniture,Bookcases,COD,,,,,
B-37369,24,-1,4,Clothing,Skirt,Credit Card,,,,,
B-37370,832,0,3,Clothing,Trousers,UPI,,,,,
B-37371,833,93,3,Clothing,Trousers,UPI,,,,,
B-37372,20,6,1,Clothing,T-shirt,COD,,,,,
B-37373,23,-5,7,Clothing,Hankerchief,Credit Card,,,,,
B-37374,550,-242,5,Furniture,Furnishings,UPI,,,,,
B-37375,148,-91,2,Electronics,Phones,COD,,,,,
B-37376,846,9,2,Furniture,Chairs,Debit Card,,,,,
B-37377,856,385,6,Electronics,Printers,COD,,,,,
B-37378,871,131,2,Furniture,Bookcases,UPI,,,,,
B-37379,19,-18,4,Clothing,Kurti,COD,,,,,
B-37380,610,-66,2,Furniture,Tables,COD,,,,,
B-37381,880,97,8,Furniture,Furnishings,Debit Card,,,,,
B-37382,22,-8,4,Clothing,Hankerchief,Credit Card,,,,,
B-37383,22,11,2,Clothing,Skirt,Credit Card,,,,,
B-37384,21,4,3,Clothing,Hankerchief,Credit Card,,,,,
B-37385,18,1,3,Clothing,Hankerchief,COD,,,,,
B-37386,911,202,7,Furniture,Chairs,COD,,,,,
B-37387,18,2,3,Clothing,Hankerchief,COD,,,,,
B-37388,911,355,5,Electronics,Phones,Debit Card,,,,,
B-37389,143,-129,2,Electronics,Phones,COD,,,,,
B-37390,918,22,9,Electronics,Electronic Games,COD,,,,,
B-37391,925,-447,5,Electronics,Electronic Games,COD,,,,,
B-37392,17,8,2,Clothing,Skirt,COD,,,,,
B-37393,465,207,9,Clothing,Saree,COD,,,,,
B-37394,17,-9,3,Clothing,Stole,COD,,,,,
B-37395,935,114,4,Electronics,Electronic Games,UPI,,,,,
B-37396,16,-10,2,Clothing,T-shirt,COD,,,,,
B-37397,954,95,3,Electronics,Printers,UPI,,,,,
B-37398,915,-99,3,Furniture,Tables,Debit Card,,,,,
B-37399,955,305,3,Electronics,Printers,Debit Card,,,,,
B-37400,976,293,4,Electronics,Accessories,COD,,,,,
B-37401,1069,0,6,Clothing,Saree,EMI,,,,,
B-37402,19,-15,3,Clothing,Hankerchief,Credit Card,,,,,
B-37403,16,6,3,Clothing,Hankerchief,COD,,,,,
B-37404,1030,206,8,Electronics,Printers,UPI,,,,,
B-37405,620,82,6,Electronics,Accessories,COD,,,,,
B-37406,16,8,2,Clothing,Hankerchief,COD,,,,,
B-37407,19,8,2,Clothing,Hankerchief,Credit Card,,,,,
B-37408,249,-130,4,Electronics,Phones,UPI,,,,,
B-37409,16,6,1,Clothing,Stole,COD,,,,,
B-37410,1361,197,9,Furniture,Bookcases,COD,,,,,
B-37411,15,1,1,Clothing,Shirt,COD,,,,,
B-37412,1076,-38,4,Electronics,Printers,COD,,,,,
B-37413,18,2,3,Clothing,Hankerchief,Credit Card,,,,,
B-37414,1101,352,3,Furniture,Bookcases,UPI,,,,,
B-37415,15,2,1,Clothing,Leggings,COD,,,,,
B-37416,1104,209,4,Clothing,Trousers,UPI,,,,,
B-37417,14,2,1,Clothing,Hankerchief,COD,,,,,
B-37418,14,5,1,Clothing,Hankerchief,COD,,,,,
B-37419,14,-3,2,Clothing,Leggings,COD,,,,,
B-37420,14,-1,4,Clothing,Kurti,COD,,,,,
B-37421,13,-8,1,Clothing,T-shirt,COD,,,,,
B-37422,13,-1,3,Clothing,Hankerchief,COD,,,,,
B-37423,1275,1148,7,Furniture,Bookcases,EMI,,,,,
B-37424,17,1,2,Clothing,Skirt,Credit Card,,,,,
B-37425,13,0,2,Clothing,Hankerchief,COD,,,,,
B-37426,1270,546,11,Electronics,Electronic Games,EMI,,,,,
B-37427,13,-2,1,Clothing,Stole,COD,,,,,
B-37428,13,3,1,Clothing,Leggings,COD,,,,,
B-37429,17,5,1,Clothing,Hankerchief,UPI,,,,,
B-37430,13,-13,2,Clothing,Skirt,COD,,,,,
B-37431,13,-9,2,Clothing,Skirt,COD,,,,,
B-37432,1263,-56,5,Clothing,Trousers,EMI,,,,,
B-37433,1629,-153,3,Electronics,Phones,COD,,,,,
B-37434,17,7,3,Clothing,Hankerchief,UPI,,,,,
B-37435,17,2,2,Clothing,Skirt,UPI,,,,,
B-37436,1250,-12,2,Electronics,Printers,EMI,,,,,
B-37437,17,-11,3,Clothing,Skirt,UPI,,,,,
B-37438,977,-244,7,Electronics,Phones,COD,,,,,
B-37439,1246,62,3,Furniture,Bookcases,EMI,,,,,
B-37440,12,1,2,Clothing,Hankerchief,COD,,,,,
B-37441,11,-4,2,Clothing,Skirt,COD,,,,,
B-37442,1327,318,8,Furniture,Chairs,EMI,,,,,
B-37443,1319,567,5,Electronics,Printers,COD,,,,,
B-37444,1402,109,11,Clothing,Saree,EMI,,,,,
B-37445,1514,742,4,Electronics,Printers,EMI,,,,,
B-37446,1351,111,6,Electronics,Electronic Games,COD,,,,,
B-37447,1355,-60,5,Clothing,Trousers,COD,,,,,
B-37448,10,2,2,Clothing,Hankerchief,COD,,,,,
B-37449,10,-2,2,Clothing,Leggings,COD,,,,,
B-37450,1582,-443,6,Clothing,Trousers,EMI,,,,,
B-37451,1218,352,9,Furniture,Bookcases,EMI,,,,,
B-37452,321,315,5,Clothing,Saree,UPI,,,,,
B-37453,736,346,5,Electronics,Printers,COD,,,,,
B-37454,1218,-420,8,Furniture,Bookcases,COD,,,,,
B-37455,1027,441,8,Clothing,Saree,COD,,,,,
B-37456,10,5,1,Clothing,Stole,COD,,,,,
B-37457,2366,552,5,Clothing,Trousers,UPI,,,,,
B-37458,9,-6,2,Clothing,Hankerchief,COD,,,,,
B-37459,16,-12,2,Clothing,Stole,UPI,,,,,
B-37460,9,3,1,Clothing,Skirt,COD,,,,,
B-37461,1560,421,3,Clothing,Trousers,COD,,,,,
B-37462,1137,568,2,Clothing,Trousers,EMI,,,,,
B-37463,9,-9,2,Clothing,Kurti,COD,,,,,
B-37464,15,-7,1,Clothing,Hankerchief,UPI,,,,,
B-37465,14,5,1,Clothing,Hankerchief,UPI,,,,,
B-37466,14,7,2,Clothing,Hankerchief,UPI,,,,,
B-37467,8,-2,2,Clothing,Hankerchief,COD,,,,,
B-37468,1389,680,7,Clothing,Saree,COD,,,,,
B-37469,8,-1,2,Clothing,Leggings,COD,,,,,
B-37470,8,-2,1,Clothing,Stole,COD,,,,,
B-37471,13,4,1,Clothing,Leggings,UPI,,,,,
B-37472,8,-6,1,Clothing,Stole,COD,,,,,
B-37473,12,2,2,Clothing,Skirt,Credit Card,,,,,
B-37474,1716,309,7,Electronics,Accessories,COD,,,,,
B-37475,1117,447,10,Furniture,Bookcases,EMI,,,,,
B-37476,9,-6,2,Clothing,Skirt,Credit Card,,,,,
B-37477,332,503,3,Electronics,Printers,COD,,,,,
B-37478,7,-4,3,Clothing,Hankerchief,COD,,,,,
B-37479,8,-2,3,Clothing,Hankerchief,Credit Card,,,,,
B-37480,2061,701,5,Furniture,Bookcases,UPI,,,,,
B-37481,1103,276,3,Furniture,Chairs,EMI,,,,,
B-37482,2103,322,8,Electronics,Electronic Games,UPI,,,,,
B-37483,2115,23,5,Furniture,Chairs,COD,,,,,
B-37484,850,-289,5,Electronics,Electronic Games,COD,,,,,
B-37485,1063,64,7,Electronics,Phones,EMI,,,,,
B-37486,1063,-175,4,Electronics,Electronic Games,EMI,,,,,
B-37487,2292,127,7,Furniture,Bookcases,COD,,,,,
B-37488,7,-1,2,Clothing,Hankerchief,Credit Card,,,,,
B-37489,2452,191,7,Furniture,Bookcases,UPI,,,,,
B-37490,2457,665,11,Electronics,Electronic Games,EMI,,,,,
B-37491,4,-3,1,Clothing,Skirt,Credit Card,,,,,
B-37492,2830,-1981,13,Furniture,Bookcases,EMI,,,,,
B-37493,7,1,1,Clothing,Hankerchief,COD,,,,,
B-37494,7,0,2,Clothing,Skirt,COD,,,,,
B-37495,7,-3,2,Clothing,Hankerchief,COD,,,,,
B-37496,3151,-35,7,Clothing,Trousers,EMI,,,,,
B-37497,4141,1698,13,Electronics,Printers,COD,,,,,
B-37498,7,-2,1,Clothing,Hankerchief,COD,,,,,
B-37499,4363,305,5,Furniture,Tables,EMI,,,,,
B-37500,1096,658,7,Electronics,Electronic Games,COD,,,,,
B-37501,5729,64,14,Furniture,Chairs,EMI,,,,,
B-37502,2927,146,8,Furniture,Bookcases,EMI,,,,,
B-37503,2847,712,8,Electronics,Printers,Credit Card,,,,,
B-37504,2617,1151,4,Electronics,Phones,Credit Card,,,,,
B-37505,2244,247,4,Clothing,Trousers,Credit Card,,,,,
B-37506,275,-275,4,Clothing,Saree,COD,,,,,
B-37507,387,-213,5,Clothing,Saree,UPI,,,,,
B-37508,50,-44,2,Clothing,Hankerchief,UPI,,,,,
B-37509,135,-54,5,Clothing,Kurti,COD,,,,,
B-37510,231,-190,9,Clothing,Hankerchief,COD,,,,,
B-37511,2125,-234,6,Electronics,Printers,EMI,,,,,
B-37512,3873,-891,6,Electronics,Phones,Credit Card,,,,,
B-37513,729,-492,5,Furniture,Bookcases,UPI,,,,,
B-37514,2188,1050,5,Furniture,Bookcases,Credit Card,,,,,
B-37515,6,-3,1,Clothing,Hankerchief,UPI,,,,,
B-37516,1854,433,5,Furniture,Bookcases,Credit Card,,,,,
B-37517,6,1,1,Clothing,Kurti,UPI,,,,,
B-37518,2093,721,5,Furniture,Chairs,Credit Card,,,,,
B-37519,7,-1,2,Clothing,Skirt,UPI,,,,,
B-37520,1622,-624,5,Furniture,Tables,Credit Card,,,,,
B-37521,1622,95,5,Electronics,Printers,Credit Card,,,,,
B-37522,373,254,6,Electronics,Printers,UPI,,,,,
B-37523,82,-33,4,Clothing,Kurti,COD,,,,,
B-37524,8,2,2,Clothing,Skirt,UPI,,,,,
B-37525,1954,782,3,Electronics,Phones,Credit Card,,,,,
B-37526,1543,370,8,Electronics,Printers,Credit Card,,,,,
B-37527,1506,-266,6,Electronics,Printers,Credit Card,,,,,
B-37528,1829,-56,6,Furniture,Tables,Credit Card,,,,,
B-37529,9,-1,3,Clothing,Skirt,UPI,,,,,
B-37530,1461,202,5,Furniture,Tables,EMI,,,,,
B-37531,391,113,8,Clothing,Stole,COD,,,,,
B-37532,1824,1303,8,Electronics,Phones,Credit Card,,,,,
B-37533,16,-15,4,Clothing,Hankerchief,UPI,,,,,
B-37534,1745,122,2,Furniture,Tables,Credit Card,,,,,
B-37535,663,-212,5,Electronics,Printers,UPI,,,,,
B-37536,10,-1,1,Clothing,Leggings,UPI,,,,,
B-37537,1630,802,5,Furniture,Tables,EMI,,,,,
B-37538,12,0,2,Clothing,Hankerchief,UPI,,,,,
B-37539,12,-7,2,Clothing,Leggings,UPI,,,,,
B-37540,1709,564,3,Clothing,Trousers,Credit Card,,,,,
B-37541,12,3,1,Clothing,Stole,UPI,,,,,
B-37542,1625,-77,3,Electronics,Phones,EMI,,,,,
B-37543,13,5,2,Clothing,Hankerchief,UPI,,,,,
B-37544,1361,980,3,Furniture,Tables,COD,,,,,
B-37545,1622,-448,3,Electronics,Phones,EMI,,,,,
B-37546,1547,340,6,Electronics,Accessories,EMI,,,,,
B-37547,1657,460,4,Furniture,Chairs,Credit Card,,,,,
B-37548,1603,0,9,Clothing,Saree,Credit Card,,,,,
B-37549,1549,-439,4,Electronics,Phones,Credit Card,,,,,
B-37550,1183,106,4,Electronics,Printers,EMI,,,,,
B-37551,74,-123,8,Clothing,Skirt,UPI,,,,,
B-37552,1499,239,13,Clothing,Saree,Credit Card,,,,,
B-37553,1120,199,6,Clothing,Saree,EMI,,,,,
B-37554,15,-2,1,Clothing,T-shirt,Debit Card,,,,,
B-37555,1487,624,3,Clothing,Trousers,Credit Card,,,,,
B-37556,1118,206,2,Furniture,Tables,Credit Card,,,,,
B-37557,11,-5,2,Clothing,Hankerchief,COD,,,,,
B-37558,15,4,1,Clothing,Hankerchief,Debit Card,,,,,
B-37559,1364,1864,5,Furniture,Tables,Credit Card,,,,,
B-37560,1337,147,7,Electronics,Printers,Credit Card,,,,,
B-37561,15,2,1,Clothing,Leggings,Debit Card,,,,,
B-37562,322,-193,5,Electronics,Printers,UPI,,,,,
B-37563,1316,527,7,Electronics,Electronic Games,Credit Card,,,,,
B-37564,1314,342,3,Furniture,Bookcases,Credit Card,,,,,
B-37565,17,7,3,Clothing,Hankerchief,Debit Card,,,,,
B-37566,17,2,2,Clothing,Skirt,Debit Card,,,,,
B-37567,17,-12,5,Clothing,Skirt,Debit Card,,,,,
B-37568,1308,536,3,Furniture,Bookcases,Credit Card,,,,,
B-37569,1076,-38,4,Electronics,Printers,Credit Card,,,,,
B-37570,1301,573,5,Electronics,Accessories,Credit Card,,,,,
B-37571,1300,-16,8,Electronics,Printers,Credit Card,,,,,
B-37572,11,-2,4,Clothing,Hankerchief,COD,,,,,
B-37573,1298,65,9,Electronics,Printers,EMI,,,,,
B-37574,304,97,6,Clothing,Stole,UPI,,,,,
B-37575,1055,264,4,Electronics,Printers,EMI,,,,,
B-37576,17,-13,4,Clothing,Skirt,Debit Card,,,,,
B-37577,147,73,3,Clothing,Stole,COD,,,,,
B-37578,965,-68,3,Electronics,Printers,COD,,,,,
B-37579,12,-2,3,Clothing,Hankerchief,COD,,,,,
B-37580,14,-2,3,Clothing,Hankerchief,UPI,,,,,
B-37581,934,-916,7,Electronics,Electronic Games,COD,,,,,
B-37582,929,-93,9,Clothing,Saree,COD,,,,,
B-37583,18,3,2,Clothing,Hankerchief,Debit Card,,,,,
B-37584,916,192,11,Electronics,Phones,COD,,,,,
B-37585,76,-72,9,Clothing,Hankerchief,COD,,,,,
B-37586,869,67,4,Furniture,Tables,COD,,,,,
B-37587,112,24,3,Clothing,Kurti,COD,,,,,
B-37588,39,16,6,Clothing,Skirt,UPI,,,,,
B-37589,857,-274,2,Furniture,Tables,COD,,,,,
B-37590,828,230,2,Furniture,Chairs,COD,,,,,
B-37591,1279,-640,8,Electronics,Printers,EMI,,,,,
B-37592,1250,486,7,Clothing,Saree,EMI,,,,,
B-37593,823,-18,7,Furniture,Chairs,COD,,,,,
B-37594,1157,-13,9,Furniture,Bookcases,Credit Card,,,,,
B-37595,126,-63,3,Electronics,Accessories,UPI,,,,,
B-37596,1145,-706,3,Electronics,Phones,Credit Card,,,,,
B-37597,774,170,3,Electronics,Accessories,COD,,,,,
B-37598,24,-1,2,Clothing,Hankerchief,COD,,,,,
B-37599,774,170,3,Electronics,Accessories,COD,,,,,
B-37600,93,-1,2,Clothing,Hankerchief,COD,,,,,
B-37601,765,-36,3,Electronics,Electronic Games,COD,,,,,
B-37602,762,101,6,Electronics,Printers,COD,,,,,
B-37603,761,266,9,Electronics,Electronic Games,COD,,,,,
B-37604,96,-48,5,Clothing,Leggings,UPI,,,,,
B-37605,1137,-14,7,Electronics,Printers,EMI,,,,,
B-37606,18,8,2,Clothing,Hankerchief,Debit Card,,,,,
B-37607,749,-307,7,Furniture,Furnishings,COD,,,,,
B-37608,1120,199,6,Clothing,Saree,EMI,,,,,
B-37609,744,119,6,Electronics,Printers,COD,,,,,
B-37610,14,0,4,Clothing,Hankerchief,UPI,,,,,
B-37611,19,8,2,Clothing,Hankerchief,Debit Card,,,,,
B-37612,512,-225,5,Clothing,Saree,COD,,,,,
B-37613,742,198,2,Furniture,Bookcases,COD,,,,,
B-37614,44,-40,3,Clothing,Stole,COD,,,,,
B-37615,1061,-36,8,Furniture,Bookcases,EMI,,,,,
B-37616,19,-2,2,Clothing,Leggings,Debit Card,,,,,
B-37617,17,0,1,Clothing,Hankerchief,COD,,,,,
B-37618,741,267,5,Furniture,Bookcases,COD,,,,,
B-37619,735,-235,6,Electronics,Printers,COD,,,,,
B-37620,19,-1,1,Clothing,Shirt,Debit Card,,,,,
B-37621,1021,-48,4,Electronics,Electronic Games,EMI,,,,,
B-37622,556,-209,7,Clothing,Saree,COD,,,,,
B-37623,63,-17,6,Clothing,Leggings,COD,,,,,
B-37624,734,248,2,Furniture,Chairs,COD,,,,,
B-37625,933,166,5,Clothing,Saree,Credit Card,,,,,
B-37626,20,-9,6,Clothing,Hankerchief,Debit Card,,,,,
B-37627,877,395,2,Furniture,Bookcases,Credit Card,,,,,
B-37628,719,303,6,Furniture,Chairs,COD,,,,,
B-37629,12,1,2,Clothing,Hankerchief,COD,,,,,
B-37630,714,56,4,Clothing,Saree,COD,,,,,
B-37631,50,-15,4,Clothing,Leggings,COD,,,,,
B-37632,709,-100,5,Electronics,Phones,COD,,,,,
B-37633,21,-12,3,Clothing,Hankerchief,Debit Card,,,,,
B-37634,693,254,6,Clothing,Saree,COD,,,,,
B-37635,24,1,4,Clothing,Hankerchief,COD,,,,,
B-37636,24,1,2,Clothing,Hankerchief,UPI,,,,,
B-37637,24,1,2,Clothing,Hankerchief,COD,,,,,
B-37638,21,10,1,Clothing,T-shirt,Debit Card,,,,,
B-37639,681,259,4,Furniture,Chairs,COD,,,,,
B-37640,674,-187,2,Furniture,Tables,COD,,,,,
B-37641,671,-309,5,Electronics,Electronic Games,COD,,,,,
B-37642,646,-213,3,Electronics,Electronic Games,COD,,,,,
B-37643,40,15,1,Clothing,Kurti,COD,,,,,
B-37644,24,-2,2,Clothing,T-shirt,COD,,,,,
B-37645,644,167,2,Electronics,Printers,COD,,,,,
B-37646,643,225,2,Electronics,Printers,COD,,,,,
B-37647,632,-316,6,Clothing,Saree,COD,,,,,
B-37648,632,316,6,Clothing,Saree,COD,,,,,
B-37649,610,208,3,Electronics,Printers,COD,,,,,
B-37650,78,-28,6,Clothing,Kurti,UPI,,,,,
B-37651,595,119,4,Furniture,Bookcases,COD,,,,,
B-37652,595,292,3,Clothing,Saree,COD,,,,,
B-37653,852,51,5,Furniture,Bookcases,Credit Card,,,,,
B-37654,594,89,3,Furniture,Bookcases,COD,,,,,
B-37655,585,175,13,Clothing,T-shirt,COD,,,,,
B-37656,582,262,5,Furniture,Furnishings,COD,,,,,
B-37657,845,84,7,Clothing,Saree,Credit Card,,,,,
B-37658,829,19,4,Electronics,Printers,Credit Card,,,,,
B-37659,561,212,3,Clothing,Saree,COD,,,,,
B-37660,771,-424,2,Electronics,Phones,Credit Card,,,,,
B-37661,765,8,6,Clothing,Saree,EMI,,,,,
B-37662,31,2,2,Clothing,Hankerchief,COD,,,,,
B-37663,557,-111,2,Electronics,Electronic Games,COD,,,,,
B-37664,757,371,2,Electronics,Printers,Credit Card,,,,,
B-37665,545,-73,11,Electronics,Phones,COD,,,,,
B-37666,1052,-82,3,Furniture,Bookcases,UPI,,,,,
B-37667,544,-152,3,Furniture,Bookcases,COD,,,,,
B-37668,22,9,2,Clothing,Leggings,Debit Card,,,,,
B-37669,757,371,2,Electronics,Printers,Credit Card,,,,,
B-37670,742,198,2,Furniture,Bookcases,Credit Card,,,,,
B-37671,537,107,3,Clothing,Saree,COD,,,,,
B-37672,536,91,1,Clothing,Trousers,COD,,,,,
B-37673,6,3,1,Clothing,Hankerchief,COD,,,,,
B-37674,523,204,7,Clothing,Trousers,COD,,,,,
B-37675,27,9,2,Clothing,T-shirt,UPI,,,,,
B-37676,516,392,8,Furniture,Chairs,COD,,,,,
B-37677,504,116,3,Furniture,Bookcases,COD,,,,,
B-37678,502,84,4,Electronics,Phones,COD,,,,,
B-37679,734,213,6,Electronics,Electronic Games,Credit Card,,,,,
B-37680,42,12,2,Clothing,Kurti,COD,,,,,
B-37681,29,11,4,Clothing,Skirt,COD,,,,,
B-37682,240,12,6,Clothing,Kurti,UPI,,,,,
B-37683,496,-79,2,Clothing,Trousers,COD,,,,,
B-37684,485,29,4,Electronics,Electronic Games,COD,,,,,
B-37685,31,-11,3,Clothing,Skirt,UPI,,,,,
B-37686,676,151,3,Electronics,Printers,Credit Card,,,,,
B-37687,23,8,2,Clothing,Hankerchief,Debit Card,,,,,
B-37688,13,3,2,Clothing,Hankerchief,COD,,,,,
B-37689,180,0,8,Clothing,Stole,COD,,,,,
B-37690,671,114,9,Electronics,Phones,Credit Card,,,,,
B-37691,22,11,3,Clothing,Kurti,COD,,,,,
B-37692,668,-31,3,Electronics,Printers,Credit Card,,,,,
B-37693,145,0,3,Clothing,Saree,UPI,,,,,
B-37694,24,8,2,Clothing,Skirt,Debit Card,,,,,
B-37695,476,0,3,Furniture,Chairs,COD,,,,,
B-37696,24,11,5,Clothing,Hankerchief,Debit Card,,,,,
B-37697,37,3,3,Clothing,Hankerchief,COD,,,,,
B-37698,152,50,6,Clothing,Stole,UPI,,,,,
B-37699,32,11,2,Clothing,Leggings,UPI,,,,,
B-37700,52,11,5,Clothing,Leggings,COD,,,,,
B-37701,24,11,3,Clothing,Hankerchief,Debit Card,,,,,
B-37702,473,42,4,Furniture,Chairs,COD,,,,,
B-37703,263,50,5,Clothing,Stole,COD,,,,,
B-37704,61,11,3,Clothing,Kurti,COD,,,,,
B-37705,469,-459,3,Electronics,Electronic Games,COD,,,,,
B-37706,1272,547,2,Electronics,Phones,COD,,,,,
B-37707,169,0,3,Electronics,Accessories,COD,,,,,
B-37708,25,11,3,Clothing,Leggings,Debit Card,,,,,
B-37709,457,-41,4,Clothing,Saree,COD,,,,,
B-37710,455,77,8,Electronics,Accessories,COD,,,,,
B-37711,25,2,2,Clothing,Hankerchief,Debit Card,,,,,
B-37712,450,-90,3,Electronics,Printers,COD,,,,,
B-37713,30,-35,1,Furniture,Chairs,COD,,,,,
B-37714,659,-37,2,Furniture,Bookcases,Credit Card,,,,,
B-37715,448,148,2,Electronics,Printers,COD,,,,,
B-37716,446,53,3,Electronics,Printers,COD,,,,,
B-37717,98,-45,2,Furniture,Chairs,UPI,,,,,
B-37718,443,11,1,Clothing,Saree,COD,,,,,
B-37719,427,-50,7,Electronics,Phones,COD,,,,,
B-37720,656,-36,2,Furniture,Bookcases,Credit Card,,,,,
B-37721,424,161,2,Clothing,Saree,COD,,,,,
B-37722,27,8,2,Clothing,T-shirt,Debit Card,,,,,
B-37723,424,-272,5,Electronics,Phones,COD,,,,,
B-37724,202,4,4,Clothing,Hankerchief,COD,,,,,
B-37725,1275,357,2,Electronics,Phones,UPI,,,,,
B-37726,418,70,7,Electronics,Phones,COD,,,,,
B-37727,417,49,3,Electronics,Electronic Games,COD,,,,,
B-37728,199,48,4,Clothing,Stole,UPI,,,,,
B-37729,385,-77,11,Furniture,Furnishings,UPI,,,,,
B-37730,414,199,3,Electronics,Phones,COD,,,,,
B-37731,97,-45,4,Clothing,Saree,COD,,,,,
B-37732,648,50,6,Electronics,Electronic Games,Credit Card,,,,,
B-37733,27,-25,2,Clothing,Shirt,Debit Card,,,,,
B-37734,27,12,1,Clothing,Stole,Debit Card,,,,,
B-37735,27,1,1,Clothing,Stole,UPI,,,,,
B-37736,413,-314,9,Furniture,Chairs,COD,,,,,
B-37737,53,2,4,Clothing,Hankerchief,COD,,,,,
B-37738,29,8,5,Clothing,Hankerchief,UPI,,,,,
B-37739,30,13,1,Clothing,T-shirt,UPI,,,,,
B-37740,412,412,6,Clothing,Saree,COD,,,,,
B-37741,646,-23,2,Electronics,Printers,Credit Card,,,,,
B-37742,30,-5,5,Clothing,Stole,UPI,,,,,
B-37743,618,27,4,Furniture,Bookcases,Credit Card,,,,,
B-37744,143,-124,5,Clothing,Saree,UPI,,,,,
B-37745,31,1,2,Clothing,Hankerchief,UPI,,,,,
B-37746,409,86,3,Clothing,Saree,COD,,,,,
B-37747,406,126,2,Clothing,Saree,COD,,,,,
B-37748,565,66,7,Clothing,Saree,Credit Card,,,,,
B-37749,85,2,6,Clothing,Stole,COD,,,,,
B-37750,561,118,5,Furniture,Bookcases,Credit Card,,,,,
B-37751,503,-56,2,Clothing,Trousers,COD,,,,,
B-37752,31,14,3,Clothing,Stole,UPI,,,,,
B-37753,398,111,8,Clothing,Hankerchief,COD,,,,,
B-37754,388,93,2,Furniture,Bookcases,COD,,,,,
B-37755,498,-116,4,Clothing,Saree,UPI,,,,,
B-37756,561,212,3,Clothing,Saree,Credit Card,,,,,
B-37757,61,3,4,Clothing,Hankerchief,COD,,,,,
B-37758,34,-22,4,Clothing,T-shirt,COD,,,,,
B-37759,32,6,3,Clothing,Shirt,UPI,,,,,
B-37760,623,-192,3,Furniture,Tables,UPI,,,,,
B-37761,520,151,3,Electronics,Phones,Credit Card,,,,,
B-37762,32,-16,6,Clothing,Saree,UPI,,,,,
B-37763,32,-5,5,Clothing,Hankerchief,UPI,,,,,
B-37764,510,234,6,Electronics,Electronic Games,EMI,,,,,
B-37765,382,68,3,Clothing,Saree,COD,,,,,
B-37766,33,13,3,Clothing,Leggings,UPI,,,,,
B-37767,381,-13,2,Clothing,Saree,COD,,,,,
B-37768,490,88,2,Electronics,Accessories,EMI,,,,,
B-37769,381,144,2,Clothing,Saree,COD,,,,,
B-37770,487,143,4,Electronics,Phones,EMI,,,,,
B-37771,366,84,3,Furniture,Bookcases,COD,,,,,
B-37772,33,-29,3,Clothing,Shirt,UPI,,,,,
B-37773,365,107,3,Electronics,Phones,COD,,,,,
B-37774,207,-100,2,Clothing,Saree,UPI,,,,,
B-37775,359,-338,5,Furniture,Bookcases,COD,,,,,
B-37776,351,-47,8,Electronics,Phones,COD,,,,,
B-37777,485,199,4,Clothing,Saree,EMI,,,,,
B-37778,37,-23,4,Clothing,Shirt,UPI,,,,,
B-37779,34,10,2,Clothing,T-shirt,Debit Card,,,,,
B-37780,346,108,3,Furniture,Chairs,COD,,,,,
B-37781,342,-103,4,Electronics,Electronic Games,COD,,,,,
B-37782,35,-8,2,Furniture,Furnishings,Debit Card,,,,,
B-37783,121,41,4,Clothing,Stole,UPI,,,,,
B-37784,336,57,2,Electronics,Phones,COD,,,,,
B-37785,336,71,3,Furniture,Bookcases,COD,,,,,
B-37786,27,4,1,Clothing,Hankerchief,COD,,,,,
B-37787,333,50,2,Electronics,Phones,COD,,,,,
B-37788,36,7,3,Clothing,Leggings,Debit Card,,,,,
B-37789,333,-15,3,Electronics,Phones,COD,,,,,
B-37790,327,114,4,Clothing,Trousers,COD,,,,,
B-37791,18,6,3,Clothing,Hankerchief,UPI,,,,,
B-37792,325,32,7,Clothing,T-shirt,COD,,,,,
B-37793,482,-6,7,Electronics,Electronic Games,EMI,,,,,
B-37794,465,-33,4,Electronics,Phones,EMI,,,,,
B-37795,40,-12,3,Clothing,Shirt,COD,,,,,
B-37796,107,36,6,Clothing,Stole,COD,,,,,
B-37797,312,-312,7,Furniture,Chairs,COD,,,,,
B-37798,451,25,3,Electronics,Phones,EMI,,,,,
B-37799,312,62,1,Electronics,Electronic Games,COD,,,,,
B-37800,311,72,2,Furniture,Bookcases,COD,,,,,
B-37801,11,5,2,Clothing,Hankerchief,UPI,,,,,
B-37802,37,-5,3,Clothing,T-shirt,Debit Card,,,,,
B-37803,444,-200,4,Electronics,Phones,EMI,,,,,
B-37804,434,26,11,Clothing,Shirt,Credit Card,,,,,
B-37805,299,0,6,Clothing,Stole,COD,,,,,
B-37806,37,17,3,Clothing,Hankerchief,Debit Card,,,,,
B-37807,299,113,2,Furniture,Bookcases,COD,,,,,
B-37808,298,74,2,Furniture,Bookcases,COD,,,,,
B-37809,94,7,7,Clothing,Leggings,UPI,,,,,
B-37810,296,225,11,Clothing,Saree,COD,,,,,
B-37811,37,17,3,Clothing,Hankerchief,Debit Card,,,,,
B-37812,291,93,2,Electronics,Printers,COD,,,,,
B-37813,327,-39,1,Electronics,Phones,COD,,,,,
B-37814,291,119,11,Clothing,Saree,COD,,,,,
B-37815,287,-66,6,Clothing,Kurti,COD,,,,,
B-37816,42,15,1,Electronics,Accessories,UPI,,,,,
B-37817,429,61,3,Electronics,Electronic Games,Credit Card,,,,,
B-37818,285,128,2,Electronics,Printers,COD,,,,,
B-37819,277,3,1,Electronics,Electronic Games,COD,,,,,
B-37820,274,-7,4,Electronics,Phones,COD,,,,,
B-37821,273,-87,4,Electronics,Phones,COD,,,,,
B-37822,269,91,1,Electronics,Electronic Games,COD,,,,,
B-37823,11,5,1,Clothing,Skirt,COD,,,,,
B-37824,39,2,2,Clothing,Saree,Debit Card,,,,,
B-37825,264,-26,3,Clothing,Trousers,COD,,,,,
B-37826,40,16,3,Clothing,Hankerchief,Debit Card,,,,,
B-37827,41,19,2,Clothing,T-shirt,Debit Card,,,,,
B-37828,253,-63,2,Clothing,Saree,UPI,,,,,
B-37829,406,97,7,Furniture,Chairs,Credit Card,,,,,
B-37830,32,7,3,Clothing,Hankerchief,COD,,,,,
B-37831,260,68,2,Electronics,Printers,COD,,,,,
B-37832,41,19,5,Clothing,Hankerchief,Debit Card,,,,,
B-37833,401,13,6,Furniture,Chairs,Credit Card,,,,,
B-37834,382,30,3,Clothing,Saree,Credit Card,,,,,
B-37835,867,251,5,Electronics,Phones,COD,,,,,
B-37836,43,0,3,Clothing,Saree,Debit Card,,,,,
B-37837,43,-43,7,Clothing,Stole,Debit Card,,,,,
B-37838,74,29,3,Clothing,Stole,COD,,,,,
B-37839,44,-26,3,Clothing,Hankerchief,Debit Card,,,,,
B-37840,259,-55,2,Furniture,Chairs,COD,,,,,
B-37841,257,23,5,Clothing,Hankerchief,COD,,,,,
B-37842,76,27,5,Clothing,Stole,COD,,,,,
B-37843,44,-32,3,Clothing,Stole,Debit Card,,,,,
B-37844,257,3,2,Clothing,Saree,COD,,,,,
B-37845,255,76,9,Clothing,Hankerchief,COD,,,,,
B-37846,44,14,3,Clothing,Hankerchief,Debit Card,,,,,
B-37847,45,-2,4,Clothing,Shirt,COD,,,,,
B-37848,44,-3,1,Clothing,Saree,Debit Card,,,,,
B-37849,382,119,2,Clothing,Saree,Credit Card,,,,,
B-37850,250,100,3,Clothing,Trousers,COD,,,,,
B-37851,45,-15,2,Furniture,Chairs,COD,,,,,
B-37852,246,61,2,Furniture,Bookcases,COD,,,,,
B-37853,50,25,5,Clothing,Stole,COD,,,,,
B-37854,246,98,5,Clothing,Hankerchief,COD,,,,,
B-37855,44,99,3,Clothing,Kurti,Debit Card,,,,,
B-37856,245,-78,3,Clothing,Saree,COD,,,,,
B-37857,245,30,2,Clothing,Saree,COD,,,,,
B-37858,376,0,7,Clothing,Stole,Credit Card,,,,,
B-37859,45,1,3,Clothing,T-shirt,Debit Card,,,,,
B-37860,45,-28,2,Clothing,Stole,Debit Card,,,,,
B-37861,244,-122,5,Furniture,Furnishings,COD,,,,,
B-37862,244,83,2,Furniture,Bookcases,COD,,,,,
B-37863,10,4,1,Clothing,Kurti,UPI,,,,,
B-37864,375,180,3,Furniture,Bookcases,Credit Card,,,,,
B-37865,46,14,5,Clothing,Skirt,Debit Card,,,,,
B-37866,49,-31,2,Clothing,Stole,UPI,,,,,
B-37867,47,-20,2,Clothing,Kurti,Debit Card,,,,,
B-37868,355,-114,7,Clothing,Stole,Credit Card,,,,,
B-37869,32,8,5,Clothing,Hankerchief,UPI,,,,,
B-37870,243,-14,2,Furniture,Chairs,COD,,,,,
B-37871,241,-77,4,Electronics,Electronic Games,COD,,,,,
B-37872,47,15,5,Clothing,Saree,Debit Card,,,,,
B-37873,50,-10,6,Clothing,Skirt,Debit Card,,,,,
B-37874,15,6,2,Clothing,Hankerchief,COD,,,,,
B-37875,148,24,3,Clothing,Stole,COD,,,,,
B-37876,299,-28,3,Electronics,Electronic Games,UPI,,,,,
B-37877,68,-30,1,Electronics,Phones,UPI,,,,,
B-37878,52,18,5,Clothing,Leggings,Debit Card,,,,,
B-37879,239,-162,5,Furniture,Chairs,COD,,,,,
B-37880,27,6,3,Clothing,Skirt,COD,,,,,
B-37881,238,20,2,Clothing,Saree,COD,,,,,
B-37882,48,16,3,Clothing,Shirt,COD,,,,,
B-37883,66,22,3,Clothing,Stole,UPI,,,,,
B-37884,53,24,1,Clothing,Hankerchief,Debit Card,,,,,
B-37885,233,-10,5,Electronics,Electronic Games,COD,,,,,
B-37886,53,-2,3,Clothing,Saree,Debit Card,,,,,
B-37887,54,8,4,Clothing,T-shirt,Debit Card,,,,,
B-37888,352,-345,5,Clothing,Saree,Credit Card,,,,,
B-37889,349,0,7,Clothing,Stole,Credit Card,,,,,
B-37890,341,-85,6,Clothing,Trousers,Credit Card,,,,,
B-37891,54,12,3,Clothing,Saree,Debit Card,,,,,
B-37892,57,7,2,Clothing,Shirt,UPI,,,,,
B-37893,340,20,7,Clothing,Shirt,Credit Card,,,,,
B-37894,227,48,5,Clothing,Stole,COD,,,,,
B-37895,330,81,1,Furniture,Bookcases,Credit Card,,,,,
B-37896,216,-38,6,Furniture,Furnishings,UPI,,,,,
B-37897,224,-143,3,Furniture,Chairs,COD,,,,,
B-37898,55,-33,2,Furniture,Chairs,Debit Card,,,,,
B-37899,49,21,1,Clothing,Stole,UPI,,,,,
B-37900,224,87,3,Clothing,Trousers,COD,,,,,
B-37901,223,27,2,Furniture,Bookcases,COD,,,,,
B-37902,324,39,8,Electronics,Accessories,Credit Card,,,,,
B-37903,56,18,2,Clothing,Hankerchief,Debit Card,,,,,
B-37904,223,62,7,Clothing,Shirt,COD,,,,,
B-37905,10,2,2,Clothing,Skirt,COD,,,,,
B-37906,57,6,5,Clothing,Leggings,Debit Card,,,,,
B-37907,322,-113,4,Clothing,Saree,Credit Card,,,,,
B-37908,219,4,2,Clothing,Saree,COD,,,,,
B-37909,103,21,7,Clothing,Stole,UPI,,,,,
B-37910,47,-27,4,Clothing,Saree,COD,,,,,
B-37911,219,0,1,Clothing,Saree,COD,,,,,
B-37912,57,-48,6,Clothing,Leggings,Debit Card,,,,,
B-37913,319,102,6,Electronics,Accessories,Credit Card,,,,,
B-37914,315,-8,3,Furniture,Chairs,Credit Card,,,,,
B-37915,314,-41,3,Electronics,Electronic Games,Credit Card,,,,,
B-37916,311,40,1,Electronics,Electronic Games,EMI,,,,,
B-37917,307,74,3,Electronics,Accessories,EMI,,,,,
B-37918,294,109,7,Electronics,Accessories,EMI,,,,,
B-37919,216,-83,3,Electronics,Electronic Games,COD,,,,,
B-37920,58,-42,2,Furniture,Chairs,Debit Card,,,,,
B-37921,48,20,4,Clothing,Stole,UPI,,,,,
B-37922,54,14,3,Clothing,T-shirt,UPI,,,,,
B-37923,216,50,4,Clothing,Stole,COD,,,,,
B-37924,215,-30,2,Clothing,Saree,COD,,,,,
B-37925,43,8,3,Clothing,Leggings,COD,,,,,
B-37926,136,-33,5,Clothing,Saree,COD,,,,,
B-37927,59,-30,3,Clothing,Leggings,Debit Card,,,,,
B-37928,213,4,14,Clothing,Shirt,COD,,,,,
B-37929,59,21,2,Clothing,Stole,Debit Card,,,,,
B-37930,55,3,3,Clothing,T-shirt,COD,,,,,
B-37931,294,62,9,Clothing,T-shirt,EMI,,,,,
B-37932,210,62,2,Electronics,Phones,COD,,,,,
B-37933,59,24,6,Clothing,Kurti,Debit Card,,,,,
B-37934,396,-31,9,Clothing,Saree,COD,,,,,
B-37935,284,45,2,Furniture,Bookcases,EMI,,,,,
B-37936,276,52,5,Clothing,Saree,EMI,,,,,
B-37937,23,2,2,Clothing,Skirt,UPI,,,,,
B-37938,209,-63,4,Electronics,Electronic Games,COD,,,,,
B-37939,50,-28,5,Furniture,Furnishings,COD,,,,,
B-37940,57,27,2,Clothing,Shirt,COD,,,,,
B-37941,276,-21,2,Electronics,Phones,EMI,,,,,
B-37942,268,6,2,Furniture,Bookcases,UPI,,,,,
B-37943,269,111,3,Clothing,Trousers,EMI,,,,,
B-37944,209,2,1,Clothing,Saree,COD,,,,,
B-37945,60,-12,4,Clothing,Hankerchief,Debit Card,,,,,
B-37946,269,-86,2,Electronics,Electronic Games,EMI,,,,,
B-37947,208,-25,2,Clothing,Saree,COD,,,,,
B-37948,27,2,2,Clothing,Leggings,UPI,,,,,
B-37949,206,-206,3,Clothing,Saree,COD,,,,,
B-37950,61,8,4,Clothing,Hankerchief,Debit Card,,,,,
B-37951,212,-24,2,Furniture,Chairs,COD,,,,,
B-37952,262,64,6,Clothing,Saree,EMI,,,,,
B-37953,204,276,3,Furniture,Bookcases,COD,,,,,
B-37954,59,-46,7,Clothing,T-shirt,UPI,,,,,
B-37955,199,-18,2,Clothing,Saree,COD,,,,,
B-37956,59,6,1,Electronics,Accessories,UPI,,,,,
B-37957,45,9,3,Clothing,Leggings,UPI,,,,,
B-37958,211,19,8,Clothing,Stole,COD,,,,,
B-37959,65,-16,2,Electronics,Phones,Debit Card,,,,,
B-37960,25,0,4,Clothing,Skirt,UPI,,,,,
B-37961,196,-7,5,Electronics,Phones,COD,,,,,
B-37962,261,13,6,Clothing,Shirt,Credit Card,,,,,
B-37963,195,-117,5,Electronics,Phones,COD,,,,,
B-37964,192,-146,3,Clothing,Saree,COD,,,,,
B-37965,189,87,7,Clothing,Stole,COD,,,,,
B-37966,32,2,2,Clothing,Kurti,UPI,,,,,
B-37967,188,13,7,Clothing,Shirt,COD,,,,,
B-37968,73,-25,3,Clothing,Saree,COD,,,,,
B-37969,259,47,5,Clothing,Hankerchief,Credit Card,,,,,
B-37970,187,-15,3,Clothing,Trousers,COD,,,,,
B-37971,26,11,2,Clothing,Hankerchief,UPI,,,,,
B-37972,185,-26,6,Furniture,Chairs,COD,,,,,
B-37973,248,8,2,Clothing,Saree,Credit Card,,,,,
B-37974,67,9,4,Clothing,Leggings,Debit Card,,,,,
B-37975,248,-70,3,Furniture,Chairs,Credit Card,,,,,
B-37976,246,61,2,Furniture,Bookcases,Credit Card,,,,,
B-37977,179,-25,5,Clothing,Kurti,COD,,,,,
B-37978,176,-28,5,Furniture,Furnishings,COD,,,,,
B-37979,176,-13,5,Furniture,Furnishings,COD,,,,,
B-37980,68,-62,2,Clothing,Trousers,Debit Card,,,,,
B-37981,176,37,6,Electronics,Accessories,COD,,,,,
B-37982,88,11,7,Clothing,Hankerchief,UPI,,,,,
B-37983,68,20,5,Clothing,Hankerchief,Debit Card,,,,,
B-37984,231,99,2,Electronics,Electronic Games,Credit Card,,,,,
B-37985,62,8,2,Clothing,T-shirt,UPI,,,,,
B-37986,175,77,3,Clothing,Saree,COD,,,,,
B-37987,71,4,5,Clothing,Leggings,Debit Card,,,,,
B-37988,174,-70,3,Electronics,Accessories,COD,,,,,
B-37989,173,69,3,Furniture,Chairs,COD,,,,,
B-37990,171,2,2,Electronics,Electronic Games,COD,,,,,
B-37991,268,-25,3,Clothing,Saree,COD,,,,,
B-37992,71,32,3,Clothing,Saree,Debit Card,,,,,
B-37993,29,10,4,Clothing,Hankerchief,UPI,,,,,
B-37994,65,17,2,Clothing,T-shirt,UPI,,,,,
B-37995,72,-46,7,Clothing,Kurti,Debit Card,,,,,
B-37996,168,-51,2,Furniture,Bookcases,COD,,,,,
B-37997,165,30,3,Clothing,Stole,COD,,,,,
B-37998,74,-59,2,Electronics,Accessories,Debit Card,,,,,
B-37999,89,17,2,Clothing,Stole,UPI,,,,,
B-38000,228,63,3,Electronics,Electronic Games,Credit Card,,,,,
B-38001,119,-24,4,Furniture,Furnishings,COD,,,,,
B-38002,75,-25,3,Clothing,Stole,UPI,,,,,
B-38003,67,20,4,Clothing,T-shirt,UPI,,,,,
B-38004,7,0,1,Clothing,Leggings,COD,,,,,
B-38005,222,35,5,Clothing,Saree,Credit Card,,,,,
B-38006,219,-9,4,Clothing,Saree,Credit Card,,,,,
B-38007,42,-23,2,Furniture,Furnishings,UPI,,,,,
B-38008,216,-135,3,Furniture,Chairs,Credit Card,,,,,
B-38009,47,-21,2,Electronics,Electronic Games,COD,,,,,
B-38010,68,-55,5,Electronics,Accessories,UPI,,,,,
B-38011,74,33,2,Clothing,Shirt,Debit Card,,,,,
B-38012,165,46,3,Furniture,Furnishings,COD,,,,,
B-38013,101,11,2,Clothing,Hankerchief,UPI,,,,,
B-38014,162,73,2,Electronics,Electronic Games,COD,,,,,
B-38015,20,-22,1,Furniture,Furnishings,UPI,,,,,
B-38016,162,55,3,Clothing,Stole,COD,,,,,
B-38017,229,-23,2,Clothing,Saree,UPI,,,,,
B-38018,27,0,2,Clothing,Leggings,COD,,,,,
B-38019,685,7,7,Clothing,Trousers,UPI,,,,,
B-38020,75,2,5,Clothing,Leggings,Debit Card,,,,,
B-38021,161,-229,8,Furniture,Furnishings,COD,,,,,
B-38022,71,19,3,Clothing,T-shirt,COD,,,,,
B-38023,211,-105,2,Clothing,Saree,Credit Card,,,,,
B-38024,79,5,6,Clothing,Hankerchief,Debit Card,,,,,
B-38025,32,-22,5,Clothing,Saree,UPI,,,,,
B-38026,161,40,3,Clothing,Stole,COD,,,,,
B-38027,159,4,1,Clothing,Saree,COD,,,,,
B-38028,210,-50,4,Clothing,Hankerchief,Credit Card,,,,,
B-38029,79,39,2,Clothing,Shirt,Debit Card,,,,,
B-38030,207,153,3,Clothing,Saree,Credit Card,,,,,
B-38031,36,0,4,Clothing,Kurti,COD,,,,,
B-38032,206,12,1,Electronics,Printers,Credit Card,,,,,
B-38033,46,0,4,Clothing,Leggings,COD,,,,,
B-38034,156,23,3,Clothing,Stole,COD,,,,,
B-38035,154,54,3,Clothing,Hankerchief,COD,,,,,
B-38036,36,15,3,Clothing,Stole,UPI,,,,,
B-38037,206,51,4,Clothing,Hankerchief,Credit Card,,,,,
B-38038,200,7,4,Electronics,Electronic Games,Credit Card,,,,,
B-38039,199,-1,1,Clothing,Saree,Credit Card,,,,,
B-38040,154,22,7,Clothing,T-shirt,COD,,,,,
B-38041,152,23,3,Furniture,Furnishings,COD,,,,,
B-38042,152,50,6,Clothing,Stole,COD,,,,,
B-38043,122,-21,3,Furniture,Furnishings,UPI,,,,,
B-38044,149,48,6,Clothing,Stole,COD,,,,,
B-38045,149,-87,4,Clothing,Saree,COD,,,,,
B-38046,197,20,4,Clothing,Kurti,Credit Card,,,,,
B-38047,76,-54,3,Electronics,Electronic Games,COD,,,,,
B-38048,221,-15,2,Electronics,Electronic Games,COD,,,,,
B-38049,79,32,3,Clothing,Saree,Debit Card,,,,,
B-38050,45,12,7,Clothing,Hankerchief,UPI,,,,,
B-38051,149,-1,1,Clothing,Saree,COD,,,,,
B-38052,80,22,3,Clothing,Stole,Debit Card,,,,,
B-38053,195,12,9,Clothing,Shirt,Credit Card,,,,,
B-38054,19,0,3,Clothing,Skirt,UPI,,,,,
B-38055,81,41,3,Clothing,Stole,Debit Card,,,,,
B-38056,83,34,5,Clothing,Shirt,Debit Card,,,,,
B-38057,149,17,4,Furniture,Furnishings,COD,,,,,
B-38058,193,46,1,Electronics,Printers,Credit Card,,,,,
B-38059,85,24,10,Clothing,Hankerchief,Debit Card,,,,,
B-38060,44,-17,5,Clothing,Saree,UPI,,,,,
B-38061,149,-40,2,Electronics,Phones,COD,,,,,
B-38062,26,0,2,Clothing,Kurti,COD,,,,,
B-38063,86,0,4,Clothing,T-shirt,Debit Card,,,,,
B-38064,86,22,2,Clothing,Saree,Debit Card,,,,,
B-38065,79,16,3,Clothing,T-shirt,COD,,,,,
B-38066,193,-275,3,Electronics,Phones,Credit Card,,,,,
B-38067,148,0,3,Clothing,Saree,COD,,,,,
B-38068,70,-14,2,Furniture,Furnishings,UPI,,,,,
B-38069,148,59,3,Clothing,Hankerchief,COD,,,,,
B-38070,190,19,9,Furniture,Furnishings,Credit Card,,,,,
B-38071,52,14,2,Clothing,Stole,COD,,,,,
B-38072,147,44,3,Clothing,Saree,COD,,,,,
B-38073,190,68,8,Clothing,T-shirt,Credit Card,,,,,
B-38074,80,-56,4,Electronics,Electronic Games,UPI,,,,,
B-38075,147,48,3,Clothing,Saree,COD,,,,,
B-38076,66,12,3,Clothing,Stole,COD,,,,,
B-38077,86,8,2,Clothing,Saree,Debit Card,,,,,
B-38078,88,19,2,Clothing,Shirt,Debit Card,,,,,
B-38079,188,-193,2,Electronics,Electronic Games,Credit Card,,,,,
B-38080,89,29,2,Clothing,Stole,UPI,,,,,
B-38081,146,19,5,Clothing,Stole,COD,,,,,
B-38082,143,32,1,Furniture,Bookcases,COD,,,,,
B-38083,25,-1,4,Clothing,Kurti,COD,,,,,
B-38084,30,12,3,Clothing,Skirt,UPI,,,,,
B-38085,140,-58,4,Furniture,Furnishings,COD,,,,,
B-38086,83,-48,1,Furniture,Bookcases,UPI,,,,,
B-38087,140,6,5,Clothing,Saree,COD,,,,,
B-38088,28,14,4,Clothing,Hankerchief,COD,,,,,
B-38089,139,14,3,Clothing,Stole,COD,,,,,
B-38090,30,14,3,Clothing,Hankerchief,UPI,,,,,
B-38091,89,36,3,Clothing,Shirt,UPI,,,,,
B-38092,187,30,4,Electronics,Accessories,Credit Card,,,,,
B-38093,139,21,3,Electronics,Accessories,COD,,,,,
B-38094,437,-14,2,Clothing,Saree,UPI,,,,,
B-38095,138,-3,5,Clothing,Saree,COD,,,,,
B-38096,85,13,2,Clothing,Shirt,UPI,,,,,
B-38097,83,12,3,Clothing,Stole,UPI,,,,,
B-38098,91,22,2,Clothing,Stole,UPI,,,,,
B-38099,137,5,5,Clothing,Shirt,COD,,,,,
B-38100,33,-12,7,Clothing,Saree,UPI,,,,,
B-38101,134,-34,2,Furniture,Chairs,COD,,,,,
B-38102,134,42,2,Furniture,Chairs,COD,,,,,
B-38103,133,-56,2,Furniture,Chairs,COD,,,,,
B-38104,93,-84,3,Clothing,Saree,UPI,,,,,
B-38105,86,-21,1,Electronics,Electronic Games,UPI,,,,,
B-38106,132,54,5,Clothing,Stole,COD,,,,,
B-38107,132,-10,3,Clothing,Saree,COD,,,,,
B-38108,132,-79,5,Furniture,Furnishings,COD,,,,,
B-38109,93,-65,4,Clothing,Stole,UPI,,,,,
B-38110,95,5,2,Clothing,Stole,UPI,,,,,
B-38111,97,12,2,Clothing,Hankerchief,UPI,,,,,
B-38112,131,-154,8,Furniture,Furnishings,COD,,,,,
B-38113,97,29,2,Clothing,Hankerchief,UPI,,,,,
B-38114,128,4,3,Clothing,Saree,COD,,,,,
B-38115,186,241,9,Clothing,Shirt,Credit Card,,,,,
B-38116,128,47,4,Clothing,Hankerchief,COD,,,,,
B-38117,185,48,4,Clothing,Stole,Credit Card,,,,,
B-38118,29,10,2,Clothing,Stole,COD,,,,,
B-38119,127,29,3,Furniture,Furnishings,COD,,,,,
B-38120,97,36,7,Clothing,Hankerchief,UPI,,,,,
B-38121,125,0,3,Electronics,Accessories,COD,,,,,
B-38122,299,-8,2,Clothing,Saree,COD,,,,,
B-38123,124,54,5,Clothing,T-shirt,COD,,,,,
B-38124,90,17,3,Clothing,Shirt,COD,,,,,
B-38125,122,11,4,Clothing,Hankerchief,COD,,,,,
B-38126,122,-66,9,Electronics,Accessories,COD,,,,,
B-38127,90,30,2,Furniture,Chairs,UPI,,,,,
B-38128,182,-11,3,Furniture,Bookcases,Credit Card,,,,,
B-38129,122,59,7,Furniture,Furnishings,COD,,,,,
B-38130,121,19,4,Clothing,Stole,COD,,,,,
B-38131,120,1,1,Furniture,Chairs,COD,,,,,
B-38132,120,23,5,Clothing,Stole,COD,,,,,
B-38133,34,-11,5,Clothing,T-shirt,COD,,,,,
B-38134,117,17,6,Clothing,Kurti,COD,,,,,
B-38135,38,9,2,Clothing,Stole,COD,,,,,
B-38136,117,-6,3,Electronics,Phones,COD,,,,,
B-38137,180,54,4,Clothing,T-shirt,Credit Card,,,,,
B-38138,99,-5,1,Clothing,Saree,UPI,,,,,
B-38139,172,-103,3,Furniture,Chairs,EMI,,,,,
B-38140,116,16,4,Clothing,Stole,COD,,,,,
B-38141,116,-4,1,Clothing,Saree,COD,,,,,
B-38142,171,68,7,Clothing,Stole,EMI,,,,,
B-38143,46,14,5,Clothing,Skirt,COD,,,,,
B-38144,115,-39,3,Clothing,Trousers,COD,,,,,
B-38145,100,7,2,Clothing,T-shirt,UPI,,,,,
B-38146,44,8,2,Clothing,Stole,COD,,,,,
B-38147,139,14,3,Clothing,Kurti,COD,,,,,
B-38148,171,-140,2,Furniture,Bookcases,EMI,,,,,
B-38149,100,12,2,Clothing,T-shirt,UPI,,,,,
B-38150,115,25,6,Clothing,Stole,COD,,,,,
B-38151,168,-9,3,Clothing,Saree,COD,,,,,
B-38152,115,47,2,Electronics,Accessories,COD,,,,,
B-38153,168,-111,2,Electronics,Phones,EMI,,,,,
B-38154,31,-7,5,Clothing,Skirt,UPI,,,,,
B-38155,114,41,6,Furniture,Furnishings,COD,,,,,
B-38156,111,9,4,Clothing,Stole,COD,,,,,
B-38157,11,-8,2,Clothing,Skirt,UPI,,,,,
B-38158,110,35,1,Furniture,Furnishings,COD,,,,,
B-38159,59,15,2,Clothing,T-shirt,UPI,,,,,
B-38160,166,27,2,Electronics,Accessories,EMI,,,,,
B-38161,109,-6,6,Clothing,Saree,COD,,,,,
B-38162,34,-6,4,Clothing,Leggings,COD,,,,,
B-38163,109,40,1,Furniture,Furnishings,COD,,,,,
B-38164,108,22,3,Electronics,Accessories,COD,,,,,
B-38165,103,50,2,Furniture,Furnishings,UPI,,,,,
B-38166,10,-8,2,Clothing,Skirt,COD,,,,,
B-38167,90,17,3,Clothing,Hankerchief,COD,,,,,
B-38168,105,46,2,Clothing,Stole,UPI,,,,,
B-38169,105,20,2,Clothing,Stole,Debit Card,,,,,
B-38170,22,-6,1,Furniture,Furnishings,COD,,,,,
B-38171,105,-33,5,Clothing,Kurti,COD,,,,,
B-38172,105,25,2,Clothing,Hankerchief,EMI,,,,,
B-38173,25,-7,5,Clothing,Saree,UPI,,,,,
B-38174,104,2,2,Furniture,Furnishings,COD,,,,,
B-38175,16,5,1,Clothing,Stole,UPI,,,,,
B-38176,64,-7,3,Clothing,Saree,COD,,,,,
B-38177,38,-6,2,Furniture,Furnishings,UPI,,,,,
B-38178,83,12,2,Furniture,Chairs,COD,,,,,
B-38179,103,36,2,Clothing,Hankerchief,COD,,,,,
B-38180,37,-6,1,Clothing,Saree,UPI,,,,,
B-38181,105,33,6,Clothing,Saree,EMI,,,,,
B-38182,78,-6,2,Furniture,Furnishings,UPI,,,,,
B-38183,102,-90,1,Clothing,Saree,COD,,,,,
B-38184,102,11,6,Clothing,T-shirt,COD,,,,,
B-38185,10,-8,1,Clothing,Kurti,UPI,,,,,
B-38186,101,18,9,Clothing,Skirt,COD,,,,,
B-38187,42,-6,4,Clothing,Saree,UPI,,,,,
B-38188,56,18,2,Clothing,Hankerchief,UPI,,,,,
B-38189,95,5,2,Clothing,Stole,COD,,,,,
B-38190,159,2,3,Furniture,Furnishings,EMI,,,,,
B-38191,158,69,3,Clothing,Stole,EMI,,,,,
B-38192,106,0,2,Electronics,Phones,EMI,,,,,
B-38193,101,16,4,Clothing,T-shirt,COD,,,,,
B-38194,107,37,3,Clothing,Shirt,COD,,,,,
B-38195,156,36,5,Clothing,T-shirt,EMI,,,,,
B-38196,108,-19,3,Electronics,Electronic Games,UPI,,,,,
B-38197,107,-54,4,Clothing,Stole,EMI,,,,,
B-38198,100,-58,4,Clothing,Hankerchief,COD,,,,,
B-38199,108,26,4,Clothing,Shirt,UPI,,,,,
B-38200,100,6,4,Clothing,Stole,COD,,,,,
B-38201,100,-23,1,Electronics,Phones,COD,,,,,
B-38202,43,17,2,Clothing,T-shirt,UPI,,,,,
B-38203,155,26,3,Clothing,Stole,EMI,,,,,
B-38204,151,9,3,Clothing,Hankerchief,EMI,,,,,
B-38205,151,29,5,Clothing,Hankerchief,EMI,,,,,
B-38206,110,-68,4,Clothing,Saree,EMI,,,,,
B-38207,98,9,2,Furniture,Furnishings,COD,,,,,
B-38208,97,-62,2,Clothing,Trousers,COD,,,,,
B-38209,111,35,5,Clothing,Shirt,COD,,,,,
B-38210,45,17,1,Electronics,Accessories,COD,,,,,
B-38211,112,15,2,Furniture,Chairs,COD,,,,,
B-38212,110,20,5,Clothing,Stole,Debit Card,,,,,
B-38213,98,-5,2,Clothing,Saree,UPI,,,,,
B-38214,110,12,7,Clothing,Stole,Debit Card,,,,,
B-38215,95,11,4,Furniture,Furnishings,COD,,,,,
B-38216,1228,14,3,Furniture,Chairs,UPI,,,,,
B-38217,29,0,3,Furniture,Furnishings,COD,,,,,
B-38218,94,27,2,Clothing,T-shirt,COD,,,,,
B-38219,115,25,1,Electronics,Accessories,COD,,,,,
B-38220,149,15,3,Clothing,Saree,EMI,,,,,
B-38221,148,23,4,Clothing,Kurti,EMI,,,,,
B-38222,93,15,2,Electronics,Accessories,COD,,,,,
B-38223,113,24,4,Clothing,Hankerchief,Debit Card,,,,,
B-38224,48,2,3,Clothing,Stole,COD,,,,,
B-38225,148,9,1,Electronics,Electronic Games,UPI,,,,,
B-38226,114,11,4,Clothing,T-shirt,Debit Card,,,,,
B-38227,92,42,2,Clothing,Stole,COD,,,,,
B-38228,117,14,3,Clothing,Shirt,UPI,,,,,
B-38229,21,-10,4,Clothing,Leggings,COD,,,,,
B-38230,33,-10,6,Clothing,Leggings,UPI,,,,,
B-38231,114,8,3,Electronics,Accessories,Debit Card,,,,,
B-38232,115,0,1,Electronics,Accessories,Debit Card,,,,,
B-38233,90,29,5,Clothing,T-shirt,COD,,,,,
B-38234,61,1,2,Furniture,Furnishings,COD,,,,,
B-38235,119,1,1,Furniture,Chairs,COD,,,,,
B-38236,117,36,2,Clothing,Trousers,Debit Card,,,,,
B-38237,148,54,2,Furniture,Chairs,UPI,,,,,
B-38238,249,-5,4,Clothing,Saree,COD,,,,,
B-38239,147,73,3,Clothing,Stole,UPI,,,,,
B-38240,118,35,7,Clothing,T-shirt,EMI,,,,,
B-38241,119,56,7,Clothing,Saree,EMI,,,,,
B-38242,90,27,2,Clothing,T-shirt,COD,,,,,
B-38243,32,1,2,Clothing,Stole,COD,,,,,
B-38244,89,-89,2,Furniture,Furnishings,COD,,,,,
B-38245,146,66,1,Electronics,Phones,UPI,,,,,
B-38246,89,-37,4,Clothing,Shirt,COD,,,,,
B-38247,88,11,3,Electronics,Accessories,COD,,,,,
B-38248,121,41,4,Clothing,Stole,EMI,,,,,
B-38249,88,20,2,Clothing,Saree,COD,,,,,
B-38250,87,-83,5,Clothing,Kurti,COD,,,,,
B-38251,87,4,2,Clothing,Shirt,COD,,,,,
B-38252,122,15,3,Electronics,Accessories,EMI,,,,,
B-38253,87,10,3,Clothing,Stole,COD,,,,,
B-38254,53,8,3,Furniture,Furnishings,UPI,,,,,
B-38255,87,-32,9,Clothing,Skirt,COD,,,,,
B-38256,86,-55,6,Clothing,Saree,COD,,,,,
B-38257,125,22,3,Clothing,Stole,EMI,,,,,
B-38258,128,-3,3,Clothing,Saree,Debit Card,,,,,
B-38259,143,-124,5,Clothing,Saree,UPI,,,,,
B-38260,86,22,2,Clothing,Saree,COD,,,,,
B-38261,86,9,3,Clothing,Saree,COD,,,,,
B-38262,85,-9,4,Clothing,Saree,COD,,,,,
B-38263,129,-75,5,Clothing,Shirt,Debit Card,,,,,
B-38264,84,-42,2,Electronics,Accessories,COD,,,,,
B-38265,83,-81,3,Furniture,Chairs,COD,,,,,
B-38266,143,6,2,Electronics,Accessories,UPI,,,,,
B-38267,336,123,3,Electronics,Phones,UPI,,,,,
B-38268,323,122,5,Electronics,Phones,UPI,,,,,
B-38269,130,61,3,Clothing,Shirt,Debit Card,,,,,
B-38270,152,-3,5,Clothing,Saree,COD,,,,,
B-38271,25,10,1,Furniture,Furnishings,UPI,,,,,
B-38272,140,15,5,Clothing,Stole,UPI,,,,,
B-38273,45,0,2,Clothing,Stole,UPI,,,,,
B-38274,132,49,3,Clothing,Shirt,COD,,,,,
B-38275,133,12,5,Clothing,Stole,Debit Card,,,,,
B-38276,82,13,2,Clothing,Shirt,COD,,,,,
B-38277,140,56,4,Clothing,Shirt,UPI,,,,,
B-38278,81,19,7,Clothing,Hankerchief,COD,,,,,
B-38279,137,38,5,Clothing,Hankerchief,Debit Card,,,,,
B-38280,137,-41,3,Electronics,Phones,Debit Card,,,,,
B-38281,140,57,2,Clothing,Trousers,Debit Card,,,,,
B-38282,139,30,3,Clothing,Shirt,UPI,,,,,
B-38283,138,11,5,Clothing,Stole,UPI,,,,,
B-38284,79,-124,9,Clothing,Skirt,COD,,,,,
B-38285,136,41,3,Electronics,Accessories,UPI,,,,,
B-38286,145,16,3,Clothing,T-shirt,Debit Card,,,,,
B-38287,44,20,2,Clothing,T-shirt,UPI,,,,,
B-38288,79,6,7,Clothing,Saree,COD,,,,,
B-38289,79,36,4,Clothing,Shirt,COD,,,,,
B-38290,134,-13,3,Electronics,Electronic Games,UPI,,,,,
B-38291,133,5,5,Clothing,Stole,UPI,,,,,
B-38292,47,20,7,Clothing,Hankerchief,UPI,,,,,
B-38293,133,-42,1,Electronics,Printers,UPI,,,,,
B-38294,78,27,3,Clothing,Stole,COD,,,,,
B-38295,78,7,1,Furniture,Chairs,COD,,,,,
B-38296,76,-92,8,Furniture,Furnishings,COD,,,,,
B-38297,76,-50,1,Clothing,Saree,COD,,,,,
B-38298,76,19,3,Clothing,Hankerchief,COD,,,,,
B-38299,74,29,3,Clothing,Stole,COD,,,,,
B-38300,74,-25,3,Clothing,Stole,COD,,,,,
B-38301,146,-63,3,Electronics,Electronic Games,Debit Card,,,,,
B-38302,73,-31,1,Furniture,Bookcases,COD,,,,,
B-38303,80,22,3,Clothing,Stole,UPI,,,,,
B-38304,133,46,5,Clothing,Shirt,EMI,,,,,
B-38305,146,7,2,Electronics,Phones,Debit Card,,,,,
B-38306,130,-41,4,Clothing,Saree,EMI,,,,,
B-38307,141,41,3,Clothing,Shirt,UPI,,,,,
B-38308,147,21,3,Furniture,Furnishings,Debit Card,,,,,
B-38309,73,-7,1,Electronics,Phones,COD,,,,,
B-38310,148,72,7,Clothing,T-shirt,Debit Card,,,,,
B-38311,58,0,4,Clothing,Saree,UPI,,,,,
B-38312,21,-13,3,Clothing,Leggings,UPI,,,,,
B-38313,148,25,3,Clothing,Saree,Debit Card,,,,,
B-38314,144,-7,4,Electronics,Electronic Games,COD,,,,,
B-38315,145,-104,5,Furniture,Chairs,UPI,,,,,
B-38316,72,-49,1,Electronics,Phones,COD,,,,,
B-38317,125,15,5,Clothing,Shirt,EMI,,,,,
B-38318,149,15,3,Clothing,Saree,Debit Card,,,,,
B-38319,72,16,2,Clothing,Shirt,COD,,,,,
B-38320,71,0,8,Clothing,Skirt,COD,,,,,
B-38321,71,-14,4,Furniture,Furnishings,COD,,,,,
B-38322,154,-85,3,Furniture,Chairs,EMI,,,,,
B-38323,191,13,8,Furniture,Furnishings,COD,,,,,
B-38324,170,19,5,Clothing,T-shirt,UPI,,,,,
B-38325,47,-3,2,Clothing,Stole,UPI,,,,,
B-38326,122,-47,4,Clothing,Saree,EMI,,,,,
B-38327,70,26,5,Clothing,Hankerchief,COD,,,,,
B-38328,155,5,3,Clothing,Stole,EMI,,,,,
B-38329,67,-86,9,Furniture,Furnishings,COD,,,,,
B-38330,67,-42,3,Clothing,Stole,COD,,,,,
B-38331,148,-101,2,Furniture,Bookcases,UPI,,,,,
B-38332,122,38,6,Clothing,T-shirt,Credit Card,,,,,
B-38333,16,-5,2,Clothing,Stole,UPI,,,,,
B-38334,121,-17,3,Furniture,Furnishings,Credit Card,,,,,
B-38335,42,-15,12,Clothing,Skirt,UPI,,,,,
B-38336,65,-4,6,Clothing,Hankerchief,COD,,,,,
B-38337,119,-43,7,Clothing,Kurti,Credit Card,,,,,
B-38338,155,56,3,Furniture,Furnishings,EMI,,,,,
B-38339,119,-5,8,Clothing,Saree,Credit Card,,,,,
B-38340,118,25,4,Clothing,Hankerchief,Credit Card,,,,,
B-38341,116,22,1,Electronics,Accessories,Credit Card,,,,,
B-38342,158,-29,10,Clothing,Hankerchief,EMI,,,,,
B-38343,158,69,3,Clothing,Stole,EMI,,,,,
B-38344,65,-52,3,Electronics,Accessories,COD,,,,,
B-38345,160,-59,2,Clothing,Saree,EMI,,,,,
B-38346,162,20,3,Furniture,Chairs,EMI,,,,,
B-38347,63,1,4,Clothing,T-shirt,COD,,,,,
B-38348,64,27,5,Clothing,Hankerchief,UPI,,,,,
B-38349,166,-113,4,Electronics,Accessories,EMI,,,,,
B-38350,167,43,7,Clothing,T-shirt,EMI,,,,,
B-38351,123,17,3,Furniture,Furnishings,COD,,,,,
B-38352,63,14,2,Clothing,Shirt,COD,,,,,
B-38353,891,0,5,Clothing,Saree,COD,,,,,
B-38354,75,28,9,Clothing,Hankerchief,UPI,,,,,
B-38355,62,6,5,Clothing,Hankerchief,COD,,,,,
B-38356,29,-18,7,Clothing,Skirt,UPI,,,,,
B-38357,168,18,6,Clothing,Stole,Debit Card,,,,,
B-38358,70,24,3,Clothing,Stole,UPI,,,,,
B-38359,169,55,4,Clothing,Saree,Debit Card,,,,,
B-38360,32,-8,2,Clothing,Stole,COD,,,,,
B-38361,44,-8,3,Clothing,Stole,UPI,,,,,
B-38362,116,-56,5,Clothing,Stole,Credit Card,,,,,
B-38363,156,21,3,Furniture,Chairs,COD,,,,,
B-38364,62,6,6,Clothing,Skirt,COD,,,,,
B-38365,54,1,2,Clothing,Saree,UPI,,,,,
B-38366,111,11,9,Clothing,Hankerchief,Credit Card,,,,,
B-38367,158,-63,4,Furniture,Chairs,UPI,,,,,
B-38368,7,-3,2,Clothing,Skirt,UPI,,,,,
B-38369,61,28,2,Clothing,Hankerchief,UPI,,,,,
B-38370,61,-50,4,Clothing,Hankerchief,COD,,,,,
B-38371,154,26,4,Electronics,Accessories,COD,,,,,
B-38372,62,1,3,Clothing,Saree,COD,,,,,
B-38373,169,38,3,Clothing,Saree,Debit Card,,,,,
B-38374,61,18,2,Electronics,Accessories,COD,,,,,
B-38375,61,-23,2,Clothing,Saree,COD,,,,,
B-38376,171,14,9,Clothing,Shirt,Debit Card,,,,,
B-38377,60,-49,8,Clothing,Hankerchief,COD,,,,,
B-38378,25,-11,1,Clothing,Stole,UPI,,,,,
B-38379,163,26,4,Clothing,Shirt,COD,,,,,
B-38380,173,86,1,Electronics,Printers,Debit Card,,,,,
B-38381,257,-3,2,Furniture,Bookcases,UPI,,,,,
B-38382,108,37,2,Clothing,Stole,Credit Card,,,,,
B-38383,177,41,4,Clothing,Shirt,Debit Card,,,,,
B-38384,106,15,7,Clothing,Hankerchief,Credit Card,,,,,
B-38385,41,-14,5,Clothing,Leggings,UPI,,,,,
B-38386,168,-10,3,Electronics,Accessories,UPI,,,,,
B-38387,60,21,4,Clothing,Stole,COD,,,,,
B-38388,31,-11,4,Clothing,Stole,COD,,,,,
B-38389,179,0,2,Clothing,Saree,Debit Card,,,,,
B-38390,106,12,3,Clothing,Trousers,Credit Card,,,,,
B-38391,60,13,2,Clothing,T-shirt,COD,,,,,
B-38392,180,5,3,Clothing,Trousers,Debit Card,,,,,
B-38393,60,-10,2,Furniture,Furnishings,COD,,,,,
B-38394,59,25,3,Clothing,Stole,COD,,,,,
B-38395,170,73,2,Electronics,Accessories,UPI,,,,,
B-38396,59,10,2,Clothing,Hankerchief,COD,,,,,
B-38397,24,-21,7,Clothing,Skirt,COD,,,,,
B-38398,105,-26,8,Clothing,Leggings,Credit Card,,,,,
B-38399,103,46,2,Clothing,Saree,Credit Card,,,,,
B-38400,171,17,6,Clothing,T-shirt,UPI,,,,,
B-38401,102,13,2,Clothing,Stole,Credit Card,,,,,
B-38402,98,12,2,Clothing,Hankerchief,Credit Card,,,,,
B-38403,59,10,4,Clothing,Leggings,COD,,,,,
B-38404,189,60,4,Furniture,Furnishings,Debit Card,,,,,
B-38405,58,-52,3,Furniture,Chairs,COD,,,,,
B-38406,60,3,3,Clothing,Saree,UPI,,,,,
B-38407,58,-8,2,Clothing,Saree,COD,,,,,
B-38408,94,20,2,Furniture,Furnishings,UPI,,,,,
B-38409,193,-166,3,Clothing,Saree,EMI,,,,,
B-38410,199,0,4,Clothing,Stole,EMI,,,,,
B-38411,202,89,9,Clothing,T-shirt,EMI,,,,,
B-38412,58,17,2,Clothing,Hankerchief,COD,,,,,
B-38413,57,-28,2,Clothing,Kurti,COD,,,,,
B-38414,204,-94,4,Clothing,Hankerchief,EMI,,,,,
B-38415,98,-12,2,Electronics,Electronic Games,Credit Card,,,,,
B-38416,22,-12,3,Clothing,Stole,COD,,,,,
B-38417,97,17,2,Clothing,Stole,Credit Card,,,,,
B-38418,57,24,5,Clothing,Leggings,COD,,,,,
B-38419,97,14,2,Clothing,T-shirt,Credit Card,,,,,
B-38420,97,17,2,Clothing,Stole,Credit Card,,,,,
B-38421,96,22,5,Clothing,Stole,Credit Card,,,,,
B-38422,94,27,2,Clothing,Shirt,Credit Card,,,,,
B-38423,26,-17,1,Clothing,Stole,COD,,,,,
B-38424,93,44,2,Clothing,Stole,Credit Card,,,,,
B-38425,93,-65,4,Clothing,Stole,Credit Card,,,,,
B-38426,92,5,6,Clothing,Hankerchief,Credit Card,,,,,
B-38427,57,27,2,Clothing,T-shirt,COD,,,,,
B-38428,57,7,3,Furniture,Furnishings,COD,,,,,
B-38429,57,21,4,Clothing,Leggings,COD,,,,,
B-38430,128,4,3,Clothing,Saree,COD,,,,,
B-38431,89,-4,5,Clothing,Saree,Credit Card,,,,,
B-38432,221,26,7,Furniture,Furnishings,COD,,,,,
B-38433,205,-119,3,Clothing,Saree,Debit Card,,,,,
B-38434,191,51,5,Clothing,Shirt,UPI,,,,,
B-38435,206,18,4,Clothing,Hankerchief,Debit Card,,,,,
B-38436,56,0,4,Clothing,Hankerchief,COD,,,,,
B-38437,88,16,4,Clothing,Stole,Credit Card,,,,,
B-38438,224,58,3,Electronics,Phones,UPI,,,,,
B-38439,193,8,4,Clothing,T-shirt,UPI,,,,,
B-38440,87,36,5,Clothing,Stole,Credit Card,,,,,
B-38441,189,4,1,Clothing,Saree,UPI,,,,,
B-38442,55,-33,2,Furniture,Chairs,COD,,,,,
B-38443,85,-1,3,Clothing,Saree,Credit Card,,,,,
B-38444,252,56,2,Electronics,Phones,UPI,,,,,
B-38445,197,73,1,Furniture,Bookcases,COD,,,,,
B-38446,17,-3,2,Clothing,Stole,UPI,,,,,
B-38447,100,28,2,Clothing,Hankerchief,UPI,,,,,
B-38448,80,-19,5,Clothing,Stole,UPI,,,,,
B-38449,75,29,1,Clothing,Trousers,UPI,,,,,
B-38450,26,4,2,Clothing,Saree,UPI,,,,,
B-38451,55,12,5,Clothing,Skirt,COD,,,,,
B-38452,157,5,9,Clothing,Saree,UPI,,,,,
B-38453,200,-60,4,Furniture,Bookcases,UPI,,,,,
B-38454,230,5,2,Clothing,Saree,UPI,,,,,
B-38455,213,-145,3,Furniture,Bookcases,Debit Card,,,,,
B-38456,55,4,2,Clothing,Stole,COD,,,,,
B-38457,220,-19,2,Clothing,Saree,Debit Card,,,,,
B-38458,150,32,3,Clothing,Hankerchief,COD,,,,,
B-38459,203,84,2,Electronics,Printers,UPI,,,,,
B-38460,93,31,3,Electronics,Accessories,UPI,,,,,
B-38461,290,35,6,Clothing,Hankerchief,COD,,,,,
B-38462,48,6,1,Clothing,Saree,COD,,,,,
B-38463,221,35,4,Electronics,Accessories,Debit Card,,,,,
B-38464,55,18,2,Clothing,Kurti,COD,,,,,
B-38465,227,102,8,Electronics,Accessories,Debit Card,,,,,
B-38466,55,-39,4,Clothing,Stole,COD,,,,,
B-38467,207,33,2,Electronics,Accessories,UPI,,,,,
B-38468,64,6,4,Clothing,Saree,COD,,,,,
B-38469,89,6,5,Clothing,Saree,COD,,,,,
B-38470,54,27,2,Clothing,Stole,COD,,,,,
B-38471,84,41,3,Clothing,T-shirt,Credit Card,,,,,
B-38472,209,-21,2,Electronics,Electronic Games,UPI,,,,,
B-38473,79,33,4,Clothing,Stole,UPI,,,,,
B-38474,54,8,4,Clothing,T-shirt,COD,,,,,
B-38475,229,59,9,Clothing,Saree,Debit Card,,,,,
B-38476,158,38,3,Clothing,Hankerchief,UPI,,,,,
B-38477,248,105,2,Electronics,Phones,Debit Card,,,,,
B-38478,199,6,2,Clothing,Saree,UPI,,,,,
B-38479,253,-11,1,Clothing,Trousers,Debit Card,,,,,
B-38480,257,-252,4,Clothing,Saree,Debit Card,,,,,
B-38481,193,33,5,Electronics,Accessories,COD,,,,,
B-38482,109,35,6,Clothing,T-shirt,COD,,,,,
B-38483,214,30,3,Electronics,Accessories,COD,,,,,
B-38484,141,7,7,Clothing,Saree,COD,,,,,
B-38485,201,32,4,Furniture,Furnishings,UPI,,,,,
B-38486,54,12,4,Clothing,Shirt,COD,,,,,
B-38487,83,6,6,Clothing,Shirt,EMI,,,,,
B-38488,54,-3,3,Clothing,Saree,COD,,,,,
B-38489,53,5,3,Clothing,T-shirt,COD,,,,,
B-38490,258,-27,2,Electronics,Phones,Debit Card,,,,,
B-38491,199,8,2,Clothing,Saree,COD,,,,,
B-38492,82,-27,3,Clothing,Kurti,EMI,,,,,
B-38493,139,36,3,Clothing,Stole,COD,,,,,
B-38494,53,15,2,Clothing,Stole,COD,,,,,
B-38495,53,1,4,Clothing,Stole,COD,,,,,
B-38496,101,38,2,Furniture,Furnishings,COD,,,,,
B-38497,262,215,2,Electronics,Printers,Debit Card,,,,,
B-38498,82,-39,5,Clothing,T-shirt,EMI,,,,,
B-38499,154,39,3,Clothing,Hankerchief,COD,,,,,
B-38500,52,18,2,Clothing,Stole,COD,,,,,
B-38501,1599,37,6,Electronics,Electronic Games,UPI,,,,,
B-38502,338,41,7,Clothing,Hankerchief,UPI,,,,,
B-38503,51,-49,2,Electronics,Electronic Games,COD,,,,,
B-38504,224,-81,3,Furniture,Chairs,COD,,,,,
B-38505,207,37,4,Clothing,Hankerchief,COD,,,,,
B-38506,51,14,2,Clothing,Stole,COD,,,,,
B-38507,82,8,3,Electronics,Accessories,EMI,,,,,
B-38508,50,-17,2,Clothing,Stole,COD,,,,,
B-38509,263,-31,9,Electronics,Electronic Games,Debit Card,,,,,
B-38510,50,7,6,Clothing,Skirt,COD,,,,,
B-38511,245,-3,4,Electronics,Phones,UPI,,,,,
B-38512,82,24,6,Clothing,Hankerchief,EMI,,,,,
B-38513,229,-41,8,Electronics,Accessories,COD,,,,,
B-38514,50,14,1,Electronics,Electronic Games,COD,,,,,
B-38515,220,40,2,Electronics,Accessories,COD,,,,,
B-38516,263,-63,2,Electronics,Electronic Games,Debit Card,,,,,
B-38517,81,-41,5,Clothing,Leggings,EMI,,,,,
B-38518,50,-17,2,Clothing,Stole,COD,,,,,
B-38519,49,5,4,Clothing,Hankerchief,COD,,,,,
B-38520,237,47,9,Clothing,T-shirt,UPI,,,,,
B-38521,264,-30,3,Furniture,Furnishings,Debit Card,,,,,
B-38522,49,3,1,Clothing,Shirt,COD,,,,,
B-38523,63,-24,6,Clothing,Kurti,COD,,,,,
B-38524,81,-51,7,Clothing,Stole,EMI,,,,,
B-38525,264,71,10,Furniture,Furnishings,Debit Card,,,,,
B-38526,48,11,2,Clothing,Shirt,COD,,,,,
B-38527,48,15,1,Clothing,Hankerchief,COD,,,,,
B-38528,245,-78,2,Electronics,Printers,UPI,,,,,
B-38529,146,42,5,Clothing,Hankerchief,UPI,,,,,
B-38530,245,10,2,Furniture,Bookcases,COD,,,,,
B-38531,245,91,2,Furniture,Bookcases,UPI,,,,,
B-38532,80,3,3,Clothing,Stole,EMI,,,,,
B-38533,269,33,5,Furniture,Chairs,Debit Card,,,,,
B-38534,80,22,3,Clothing,Stole,EMI,,,,,
B-38535,284,44,6,Clothing,Hankerchief,COD,,,,,
B-38536,313,44,3,Electronics,Electronic Games,COD,,,,,
B-38537,80,-26,9,Clothing,Skirt,EMI,,,,,
B-38538,48,-8,8,Clothing,Stole,COD,,,,,
B-38539,87,16,2,Clothing,Saree,UPI,,,,,
B-38540,47,-114,5,Furniture,Furnishings,COD,,,,,
B-38541,140,28,2,Electronics,Phones,COD,,,,,
B-38542,47,1,2,Clothing,Stole,COD,,,,,
B-38543,79,-2,2,Furniture,Furnishings,EMI,,,,,
B-38544,78,-64,7,Clothing,Stole,EMI,,,,,
B-38545,47,-3,2,Clothing,Stole,COD,,,,,
B-38546,185,48,4,Clothing,Stole,UPI,,,,,
B-38547,77,36,2,Clothing,Shirt,EMI,,,,,
B-38548,259,47,5,Clothing,Hankerchief,UPI,,,,,
B-38549,75,0,7,Clothing,Saree,EMI,,,,,
B-38550,75,0,3,Clothing,Shirt,EMI,,,,,
B-38551,46,0,4,Clothing,Leggings,COD,,,,,
B-38552,46,13,3,Clothing,Hankerchief,COD,,,,,
B-38553,200,13,5,Electronics,Phones,COD,,,,,
B-38554,46,-14,1,Electronics,Phones,COD,,,,,
B-38555,126,52,4,Clothing,Hankerchief,UPI,,,,,
B-38556,74,29,3,Clothing,Stole,EMI,,,,,
B-38557,45,13,4,Clothing,Skirt,COD,,,,,
B-38558,74,9,3,Clothing,Shirt,UPI,,,,,
B-38559,129,11,2,Electronics,Phones,UPI,,,,,
B-38560,122,50,7,Clothing,Stole,UPI,,,,,
B-38561,74,-51,3,Clothing,Stole,UPI,,,,,
B-38562,278,39,5,Furniture,Chairs,Debit Card,,,,,
B-38563,282,14,4,Clothing,Trousers,Debit Card,,,,,
B-38564,45,0,2,Clothing,T-shirt,COD,,,,,
B-38565,45,6,3,Clothing,Shirt,COD,,,,,
B-38566,45,16,3,Clothing,Stole,COD,,,,,
B-38567,73,-36,3,Furniture,Chairs,UPI,,,,,
B-38568,45,12,4,Clothing,Hankerchief,COD,,,,,
B-38569,72,-6,3,Clothing,Saree,UPI,,,,,
B-38570,71,-44,5,Electronics,Accessories,UPI,,,,,
B-38571,45,-2,4,Clothing,Shirt,COD,,,,,
B-38572,286,140,6,Clothing,Shirt,Debit Card,,,,,
B-38573,294,138,2,Electronics,Printers,Debit Card,,,,,
B-38574,223,4,3,Electronics,Phones,COD,,,,,
B-38575,20,-2,1,Electronics,Accessories,UPI,,,,,
B-38576,302,75,6,Furniture,Furnishings,Debit Card,,,,,
B-38577,113,28,2,Clothing,Saree,UPI,,,,,
B-38578,44,2,3,Clothing,Hankerchief,COD,,,,,
B-38579,305,-270,5,Electronics,Electronic Games,Debit Card,,,,,
B-38580,306,-147,3,Clothing,Saree,Debit Card,,,,,
B-38581,70,-64,5,Clothing,Stole,UPI,,,,,
B-38582,44,11,4,Clothing,Stole,COD,,,,,
B-38583,44,14,3,Clothing,Hankerchief,COD,,,,,
B-38584,319,312,5,Clothing,Saree,Debit Card,,,,,
B-38585,287,-280,12,Furniture,Chairs,UPI,,,,,
B-38586,44,10,3,Clothing,Stole,COD,,,,,
B-38587,288,-180,4,Furniture,Chairs,COD,,,,,
B-38588,49,-31,2,Clothing,Stole,COD,,,,,
B-38589,43,-10,4,Clothing,Skirt,COD,,,,,
B-38590,43,5,3,Clothing,Stole,COD,,,,,
B-38591,68,-27,3,Electronics,Accessories,UPI,,,,,
B-38592,320,144,1,Electronics,Printers,Debit Card,,,,,
B-38593,67,2,4,Clothing,T-shirt,UPI,,,,,
B-38594,66,-12,5,Clothing,Stole,UPI,,,,,
B-38595,321,26,3,Electronics,Printers,Debit Card,,,,,
B-38596,43,-5,2,Clothing,Saree,COD,,,,,
B-38597,114,-39,5,Clothing,Kurti,COD,,,,,
B-38598,43,17,1,Clothing,Saree,COD,,,,,
B-38599,43,21,3,Clothing,Shirt,COD,,,,,
B-38600,637,50,5,Clothing,Saree,COD,,,,,
B-38601,300,42,2,Electronics,Printers,COD,,,,,
B-38602,341,44,7,Furniture,Furnishings,UPI,,,,,
B-38603,102,0,3,Electronics,Phones,COD,,,,,
B-38604,328,-15,3,Electronics,Electronic Games,Debit Card,,,,,
B-38605,341,160,7,Clothing,Stole,Debit Card,,,,,
B-38606,62,11,7,Clothing,Hankerchief,UPI,,,,,
B-38607,42,13,3,Clothing,Leggings,COD,,,,,
B-38608,62,28,5,Clothing,Hankerchief,UPI,,,,,
B-38609,42,7,2,Clothing,Kurti,COD,,,,,
B-38610,42,-3,1,Electronics,Electronic Games,COD,,,,,
B-38611,313,-13,5,Furniture,Bookcases,UPI,,,,,
B-38612,109,52,2,Clothing,Stole,UPI,,,,,
B-38613,226,58,3,Electronics,Accessories,COD,,,,,
B-38614,62,-1,1,Electronics,Phones,UPI,,,,,
B-38615,61,-25,4,Electronics,Accessories,UPI,,,,,
B-38616,222,74,5,Clothing,Hankerchief,COD,,,,,
B-38617,342,-154,7,Furniture,Furnishings,Debit Card,,,,,
B-38618,344,-34,3,Clothing,Saree,Debit Card,,,,,
B-38619,345,38,7,Clothing,Hankerchief,Debit Card,,,,,
B-38620,46,0,2,Electronics,Electronic Games,COD,,,,,
B-38621,255,74,5,Clothing,Hankerchief,COD,,,,,
B-38622,360,32,3,Clothing,Saree,UPI,,,,,
B-38623,372,59,3,Electronics,Printers,UPI,,,,,
B-38624,61,30,2,Clothing,Hankerchief,UPI,,,,,
B-38625,42,12,5,Clothing,Hankerchief,COD,,,,,
B-38626,42,-26,2,Clothing,Kurti,COD,,,,,
B-38627,61,25,4,Clothing,Saree,UPI,,,,,
B-38628,41,11,6,Clothing,Hankerchief,COD,,,,,
B-38629,40,13,3,Clothing,T-shirt,COD,,,,,
B-38630,59,21,2,Clothing,Stole,UPI,,,,,
B-38631,57,27,2,Clothing,Shirt,UPI,,,,,
B-38632,17,6,1,Clothing,Stole,UPI,,,,,
B-38633,40,10,2,Clothing,Stole,COD,,,,,
B-38634,349,-24,2,Clothing,Saree,Debit Card,,,,,
B-38635,335,-22,7,Furniture,Chairs,UPI,,,,,
B-38636,40,16,3,Clothing,Hankerchief,COD,,,,,
B-38637,40,17,2,Clothing,Stole,COD,,,,,
B-38638,40,-7,3,Clothing,Stole,COD,,,,,
B-38639,352,74,8,Clothing,Stole,Debit Card,,,,,
B-38640,55,-26,4,Clothing,Saree,UPI,,,,,
B-38641,352,18,5,Clothing,Trousers,Debit Card,,,,,
B-38642,53,-18,4,Clothing,T-shirt,UPI,,,,,
B-38643,51,7,2,Furniture,Furnishings,UPI,,,,,
B-38644,40,-37,3,Clothing,Stole,COD,,,,,
B-38645,39,14,5,Clothing,Leggings,COD,,,,,
B-38646,355,-4,2,Clothing,Saree,Debit Card,,,,,
B-38647,357,139,2,Clothing,Saree,Debit Card,,,,,
B-38648,38,18,1,Clothing,Kurti,COD,,,,,
B-38649,38,9,2,Clothing,Stole,COD,,,,,
B-38650,141,10,4,Clothing,Shirt,UPI,,,,,
B-38651,36,4,9,Clothing,Hankerchief,COD,,,,,
B-38652,351,-94,5,Electronics,Electronic Games,COD,,,,,
B-38653,369,15,3,Electronics,Electronic Games,Debit Card,,,,,
B-38654,53,24,6,Clothing,Hankerchief,EMI,,,,,
B-38655,371,115,1,Furniture,Bookcases,Debit Card,,,,,
B-38656,499,33,4,Clothing,Saree,COD,,,,,
B-38657,223,62,7,Clothing,Shirt,COD,,,,,
B-38658,50,-4,6,Clothing,T-shirt,EMI,,,,,
B-38659,391,90,6,Electronics,Phones,Debit Card,,,,,
B-38660,416,137,3,Electronics,Phones,Debit Card,,,,,
B-38661,424,-17,9,Furniture,Chairs,Debit Card,,,,,
B-38662,362,127,1,Furniture,Bookcases,COD,,,,,
B-38663,36,-7,1,Electronics,Electronic Games,COD,,,,,
B-38664,34,-10,3,Clothing,Skirt,COD,,,,,
B-38665,367,73,3,Electronics,Electronic Games,UPI,,,,,
B-38666,425,208,7,Clothing,Saree,Debit Card,,,,,
B-38667,433,26,3,Electronics,Printers,Debit Card,,,,,
B-38668,460,31,3,Furniture,Bookcases,Debit Card,,,,,
B-38669,62,-56,5,Clothing,Kurti,COD,,,,,
B-38670,50,16,1,Clothing,Stole,EMI,,,,,
B-38671,460,-143,3,Furniture,Chairs,Debit Card,,,,,
B-38672,34,3,3,Clothing,Saree,COD,,,,,
B-38673,227,59,2,Furniture,Furnishings,UPI,,,,,
B-38674,469,33,4,Electronics,Electronic Games,Debit Card,,,,,
B-38675,103,46,2,Clothing,Saree,UPI,,,,,
B-38676,34,-13,5,Clothing,Leggings,COD,,,,,
B-38677,137,63,3,Clothing,Stole,COD,,,,,
B-38678,34,12,2,Clothing,Stole,COD,,,,,
B-38679,474,56,4,Electronics,Phones,Debit Card,,,,,
B-38680,50,3,2,Clothing,Stole,EMI,,,,,
B-38681,69,-67,4,Clothing,Kurti,UPI,,,,,
B-38682,389,-83,3,Furniture,Chairs,UPI,,,,,
B-38683,77,-43,8,Clothing,Stole,COD,,,,,
B-38684,51,21,3,Clothing,T-shirt,COD,,,,,
B-38685,394,146,2,Furniture,Bookcases,UPI,,,,,
B-38686,48,-22,2,Clothing,Saree,EMI,,,,,
B-38687,34,-12,5,Clothing,Leggings,COD,,,,,
B-38688,484,28,3,Electronics,Printers,Debit Card,,,,,
B-38689,47,-27,4,Clothing,Saree,EMI,,,,,
B-38690,45,8,4,Clothing,Skirt,EMI,,,,,
B-38691,128,55,1,Clothing,Saree,COD,,,,,
B-38692,669,74,5,Furniture,Bookcases,COD,,,,,
B-38693,34,13,2,Clothing,Saree,COD,,,,,
B-38694,44,14,3,Clothing,Hankerchief,Credit Card,,,,,
B-38695,33,1,2,Clothing,Shirt,COD,,,,,
B-38696,33,10,3,Clothing,Hankerchief,COD,,,,,
B-38697,487,-23,3,Electronics,Printers,Debit Card,,,,,
B-38698,497,179,3,Furniture,Chairs,Debit Card,,,,,
B-38699,508,203,2,Electronics,Accessories,Debit Card,,,,,
B-38700,524,-25,2,Electronics,Electronic Games,Debit Card,,,,,
B-38701,425,183,5,Electronics,Accessories,UPI,,,,,
B-38702,168,56,3,Clothing,Saree,COD,,,,,
B-38703,141,28,7,Furniture,Furnishings,UPI,,,,,
B-38704,429,17,3,Furniture,Chairs,UPI,,,,,
B-38705,44,-8,3,Clothing,Stole,Credit Card,,,,,
B-38706,149,136,3,Clothing,Stole,UPI,,,,,
B-38707,44,-34,3,Clothing,Stole,Credit Card,,,,,
B-38708,33,10,3,Clothing,Hankerchief,COD,,,,,
B-38709,33,9,2,Clothing,Hankerchief,COD,,,,,
B-38710,442,31,2,Electronics,Electronic Games,UPI,,,,,
B-38711,41,6,5,Clothing,Skirt,Credit Card,,,,,
B-38712,33,-12,5,Clothing,Hankerchief,COD,,,,,
B-38713,32,3,8,Clothing,Hankerchief,COD,,,,,
B-38714,32,6,3,Clothing,Shirt,COD,,,,,
B-38715,179,77,1,Clothing,Saree,UPI,,,,,
B-38716,31,10,1,Clothing,Kurti,COD,,,,,
B-38717,140,68,5,Clothing,T-shirt,COD,,,,,
B-38718,529,137,3,Electronics,Phones,Debit Card,,,,,
B-38719,534,0,3,Clothing,Saree,Debit Card,,,,,
B-38720,41,-6,1,Furniture,Chairs,Credit Card,,,,,
B-38721,379,63,2,Clothing,Saree,COD,,,,,
B-38722,81,-44,3,Clothing,Stole,COD,,,,,
B-38723,40,-33,5,Clothing,Hankerchief,Credit Card,,,,,
B-38724,40,18,1,Electronics,Accessories,Credit Card,,,,,
B-38725,534,0,3,Clothing,Saree,Debit Card,,,,,
B-38726,31,9,2,Clothing,Hankerchief,COD,,,,,
B-38727,473,-113,9,Clothing,Hankerchief,UPI,,,,,
B-38728,31,-10,3,Clothing,Skirt,COD,,,,,
B-38729,31,-3,4,Clothing,Saree,COD,,,,,
B-38730,91,15,6,Clothing,T-shirt,UPI,,,,,
B-38731,30,-25,2,Clothing,T-shirt,COD,,,,,
B-38732,30,6,1,Clothing,T-shirt,COD,,,,,
B-38733,40,0,3,Clothing,Saree,Credit Card,,,,,
B-38734,534,5,2,Electronics,Electronic Games,Debit Card,,,,,
B-38735,539,-146,7,Furniture,Furnishings,Debit Card,,,,,
B-38736,490,-128,8,Furniture,Bookcases,UPI,,,,,
B-38737,163,81,2,Electronics,Accessories,COD,,,,,
B-38738,184,85,6,Clothing,T-shirt,UPI,,,,,
B-38739,494,54,4,Furniture,Bookcases,COD,,,,,
B-38740,30,11,5,Clothing,Hankerchief,COD,,,,,
B-38741,30,0,1,Clothing,Kurti,COD,,,,,
B-38742,39,-18,2,Clothing,Leggings,Credit Card,,,,,
B-38743,1700,85,3,Clothing,Trousers,COD,,,,,
B-38744,332,-43,6,Electronics,Phones,UPI,,,,,
B-38745,436,131,9,Clothing,Hankerchief,UPI,,,,,
B-38746,30,-5,2,Furniture,Furnishings,COD,,,,,
B-38747,30,-10,2,Clothing,Stole,COD,,,,,
B-38748,38,-13,3,Clothing,Stole,Credit Card,,,,,
B-38749,511,194,3,Furniture,Chairs,UPI,,,,,
B-38750,37,-53,3,Clothing,Saree,Credit Card,,,,,
B-38751,513,215,2,Electronics,Accessories,COD,,,,,
B-38752,516,69,4,Furniture,Bookcases,UPI,,,,,
B-38753,559,-19,2,Clothing,Trousers,Debit Card,,,,,
B-38754,29,-10,3,Clothing,Skirt,COD,,,,,
B-38755,148,52,5,Clothing,Stole,UPI,,,,,
B-38756,559,-174,2,Electronics,Electronic Games,Debit Card,,,,,
B-38757,527,26,3,Electronics,Electronic Games,COD,,,,,
B-38758,560,44,3,Clothing,Saree,Debit Card,,,,,
B-38759,571,108,12,Clothing,Stole,Debit Card,,,,,
B-38760,29,2,3,Clothing,Skirt,COD,,,,,
B-38761,29,3,2,Clothing,Stole,COD,,,,,
B-38762,29,-3,3,Clothing,Saree,COD,,,,,
B-38763,35,14,2,Clothing,Stole,Credit Card,,,,,
B-38764,579,139,3,Electronics,Printers,Debit Card,,,,,
B-38765,29,-24,4,Clothing,Leggings,COD,,,,,
B-38766,593,213,4,Furniture,Bookcases,Debit Card,,,,,
B-38767,217,72,2,Furniture,Furnishings,COD,,,,,
B-38768,353,90,8,Clothing,Saree,COD,,,,,
B-38769,382,92,2,Electronics,Printers,COD,,,,,
B-38770,597,93,4,Furniture,Chairs,Debit Card,,,,,
B-38771,212,97,7,Clothing,Hankerchief,COD,,,,,
B-38772,689,90,5,Clothing,Saree,COD,,,,,
B-38773,28,-10,3,Clothing,Skirt,COD,,,,,
B-38774,34,12,3,Clothing,Hankerchief,Credit Card,,,,,
B-38775,600,-102,5,Electronics,Electronic Games,Debit Card,,,,,
B-38776,637,113,5,Clothing,Saree,UPI,,,,,
B-38777,616,-69,7,Furniture,Furnishings,Debit Card,,,,,
B-38778,624,37,2,Electronics,Electronic Games,Debit Card,,,,,
B-38779,28,4,1,Clothing,T-shirt,COD,,,,,
B-38780,584,-444,7,Electronics,Printers,UPI,,,,,
B-38781,28,6,4,Clothing,Skirt,COD,,,,,
B-38782,33,-1,1,Clothing,Saree,Credit Card,,,,,
B-38783,27,-20,2,Clothing,Hankerchief,COD,,,,,
B-38784,27,5,2,Clothing,Skirt,COD,,,,,
B-38785,27,4,3,Clothing,Skirt,COD,,,,,
B-38786,635,-349,5,Clothing,Saree,Debit Card,,,,,
B-38787,598,166,4,Furniture,Bookcases,UPI,,,,,
B-38788,636,-204,2,Electronics,Printers,Debit Card,,,,,
B-38789,27,9,2,Clothing,Hankerchief,COD,,,,,
B-38790,27,-6,4,Clothing,Hankerchief,COD,,,,,
B-38791,637,212,8,Electronics,Phones,Debit Card,,,,,
B-38792,290,110,9,Clothing,Stole,UPI,,,,,
B-38793,27,-25,2,Clothing,Stole,COD,,,,,
B-38794,632,-114,4,Furniture,Tables,UPI,,,,,
B-38795,643,-45,2,Electronics,Printers,Debit Card,,,,,
B-38796,652,13,6,Furniture,Furnishings,Debit Card,,,,,
B-38797,33,-27,1,Furniture,Chairs,Credit Card,,,,,
B-38798,26,2,2,Clothing,Hankerchief,COD,,,,,
B-38799,633,-633,11,Electronics,Accessories,UPI,,,,,
B-38800,26,9,2,Clothing,Leggings,COD,,,,,
B-38801,191,93,4,Clothing,Shirt,UPI,,,,,
B-38802,887,80,3,Electronics,Printers,UPI,,,,,
B-38803,637,261,2,Electronics,Printers,COD,,,,,
B-38804,670,15,5,Furniture,Bookcases,Debit Card,,,,,
B-38805,26,7,4,Clothing,Hankerchief,COD,,,,,
B-38806,676,195,5,Furniture,Bookcases,Debit Card,,,,,
B-38807,26,12,3,Clothing,Hankerchief,COD,,,,,
B-38808,26,-24,1,Clothing,Stole,COD,,,,,
B-38809,25,7,2,Clothing,Stole,COD,,,,,
B-38810,24,-30,1,Furniture,Chairs,COD,,,,,
B-38811,32,-12,1,Furniture,Chairs,Credit Card,,,,,
B-38812,31,-2,2,Clothing,Saree,Credit Card,,,,,
B-38813,651,169,5,Electronics,Printers,COD,,,,,
B-38814,326,107,3,Furniture,Furnishings,UPI,,,,,
B-38815,30,-6,2,Clothing,Hankerchief,UPI,,,,,
B-38816,30,5,2,Clothing,Kurti,UPI,,,,,
B-38817,662,240,2,Furniture,Bookcases,COD,,,,,
B-38818,30,-23,2,Clothing,Saree,UPI,,,,,
B-38819,29,9,3,Clothing,Saree,UPI,,,,,
B-38820,28,1,1,Electronics,Accessories,UPI,,,,,
B-38821,28,-3,2,Clothing,Saree,UPI,,,,,
B-38822,24,2,4,Clothing,Hankerchief,COD,,,,,
B-38823,28,-26,2,Clothing,Stole,UPI,,,,,
B-38824,27,5,1,Clothing,Stole,UPI,,,,,
B-38825,27,-15,1,Clothing,Stole,UPI,,,,,
B-38826,24,11,3,Clothing,Hankerchief,COD,,,,,
B-38827,23,-6,4,Clothing,Hankerchief,COD,,,,,
B-38828,322,193,5,Electronics,Printers,COD,,,,,
B-38829,688,-103,6,Electronics,Accessories,Debit Card,,,,,
B-38830,23,-3,1,Clothing,Shirt,COD,,,,,
B-38831,26,3,3,Clothing,Skirt,UPI,,,,,
B-38832,68,-56,2,Electronics,Phones,COD,,,,,
B-38833,462,169,4,Clothing,Saree,COD,,,,,
B-38834,941,203,3,Furniture,Tables,UPI,,,,,
B-38835,23,4,2,Clothing,Skirt,COD,,,,,
B-38836,720,43,2,Electronics,Printers,UPI,,,,,
B-38837,724,-447,4,Electronics,Electronic Games,UPI,,,,,
B-38838,724,253,2,Furniture,Bookcases,UPI,,,,,
B-38839,26,10,4,Clothing,Hankerchief,UPI,,,,,
B-38840,22,-2,3,Clothing,Hankerchief,COD,,,,,
B-38841,711,-8,4,Clothing,Saree,Debit Card,,,,,
B-38842,107,31,5,Clothing,T-shirt,COD,,,,,
B-38843,765,-153,2,Electronics,Phones,Debit Card,,,,,
B-38844,22,8,2,Clothing,Leggings,COD,,,,,
B-38845,26,-5,2,Clothing,Stole,UPI,,,,,
B-38846,22,8,3,Clothing,Hankerchief,COD,,,,,
B-38847,743,89,5,Electronics,Printers,UPI,,,,,
B-38848,22,-15,4,Clothing,Kurti,COD,,,,,
B-38849,781,594,6,Electronics,Printers,Debit Card,,,,,
B-38850,25,-2,5,Clothing,Hankerchief,UPI,,,,,
B-38851,25,2,2,Clothing,Hankerchief,UPI,,,,,
B-38852,119,43,5,Clothing,T-shirt,COD,,,,,
B-38853,785,52,2,Electronics,Phones,Debit Card,,,,,
B-38854,183,-66,5,Electronics,Phones,UPI,,,,,
B-38855,22,4,1,Clothing,Stole,COD,,,,,
B-38856,642,180,5,Clothing,Saree,COD,,,,,
B-38857,767,-353,5,Clothing,Trousers,COD,,,,,
B-38858,770,323,3,Electronics,Accessories,COD,,,,,
B-38859,21,-17,3,Clothing,Shirt,COD,,,,,
B-38860,21,-6,3,Clothing,Leggings,COD,,,,,
B-38861,492,187,2,Electronics,Accessories,UPI,,,,,
B-38862,816,-96,3,Electronics,Printers,Debit Card,,,,,
B-38863,25,2,3,Clothing,Kurti,Credit Card,,,,,
B-38864,802,120,7,Electronics,Accessories,COD,,,,,
B-38865,811,154,7,Electronics,Accessories,UPI,,,,,
B-38866,835,267,5,Electronics,Phones,Debit Card,,,,,
B-38867,21,-5,1,Electronics,Accessories,COD,,,,,
B-38868,450,-190,4,Furniture,Bookcases,COD,,,,,
B-38869,24,-1,4,Clothing,Skirt,Credit Card,,,,,
B-38870,832,0,3,Clothing,Trousers,UPI,,,,,
B-38871,833,93,3,Clothing,Trousers,UPI,,,,,
B-38872,20,6,1,Clothing,T-shirt,COD,,,,,
B-38873,23,-5,7,Clothing,Hankerchief,Credit Card,,,,,
B-38874,550,-242,5,Furniture,Furnishings,UPI,,,,,
B-38875,148,-91,2,Electronics,Phones,COD,,,,,
B-38876,846,9,2,Furniture,Chairs,Debit Card,,,,,
B-38877,856,385,6,Electronics,Printers,COD,,,,,
B-38878,871,131,2,Furniture,Bookcases,UPI,,,,,
B-38879,19,-18,4,Clothing,Kurti,COD,,,,,
B-38880,610,-66,2,Furniture,Tables,COD,,,,,
B-38881,880,97,8,Furniture,Furnishings,Debit Card,,,,,
B-38882,22,-8,4,Clothing,Hankerchief,Credit Card,,,,,
B-38883,22,11,2,Clothing,Skirt,Credit Card,,,,,
B-38884,21,4,3,Clothing,Hankerchief,Credit Card,,,,,
B-38885,18,1,3,Clothing,Hankerchief,COD,,,,,
B-38886,911,202,7,Furniture,Chairs,COD,,,,,
B-38887,18,2,3,Clothing,Hankerchief,COD,,,,,
B-38888,911,355,5,Electronics,Phones,Debit Card,,,,,
B-38889,143,-129,2,Electronics,Phones,COD,,,,,
B-38890,918,22,9,Electronics,Electronic Games,COD,,,,,
B-38891,925,-447,5,Electronics,Electronic Games,COD,,,,,
B-38892,17,8,2,Clothing,Skirt,COD,,,,,
B-38893,465,207,9,Clothing,Saree,COD,,,,,
B-38894,17,-9,3,Clothing,Stole,COD,,,,,
B-38895,935,114,4,Electronics,Electronic Games,UPI,,,,,
B-38896,16,-10,2,Clothing,T-shirt,COD,,,,,
B-38897,954,95,3,Electronics,Printers,UPI,,,,,
B-38898,915,-99,3,Furniture,Tables,Debit Card,,,,,
B-38899,955,305,3,Electronics,Printers,Debit Card,,,,,
B-38900,976,293,4,Electronics,Accessories,COD,,,,,
B-38901,1069,0,6,Clothing,Saree,EMI,,,,,
B-38902,19,-15,3,Clothing,Hankerchief,Credit Card,,,,,
B-38903,16,6,3,Clothing,Hankerchief,COD,,,,,
B-38904,1030,206,8,Electronics,Printers,UPI,,,,,
B-38905,620,82,6,Electronics,Accessories,COD,,,,,
B-38906,16,8,2,Clothing,Hankerchief,COD,,,,,
B-38907,19,8,2,Clothing,Hankerchief,Credit Card,,,,,
B-38908,249,-130,4,Electronics,Phones,UPI,,,,,
B-38909,16,6,1,Clothing,Stole,COD,,,,,
B-38910,1361,197,9,Furniture,Bookcases,COD,,,,,
B-38911,15,1,1,Clothing,Shirt,COD,,,,,
B-38912,1076,-38,4,Electronics,Printers,COD,,,,,
B-38913,18,2,3,Clothing,Hankerchief,Credit Card,,,,,
B-38914,1101,352,3,Furniture,Bookcases,UPI,,,,,
B-38915,15,2,1,Clothing,Leggings,COD,,,,,
B-38916,1104,209,4,Clothing,Trousers,UPI,,,,,
B-38917,14,2,1,Clothing,Hankerchief,COD,,,,,
B-38918,14,5,1,Clothing,Hankerchief,COD,,,,,
B-38919,14,-3,2,Clothing,Leggings,COD,,,,,
B-38920,14,-1,4,Clothing,Kurti,COD,,,,,
B-38921,13,-8,1,Clothing,T-shirt,COD,,,,,
B-38922,13,-1,3,Clothing,Hankerchief,COD,,,,,
B-38923,1275,1148,7,Furniture,Bookcases,EMI,,,,,
B-38924,17,1,2,Clothing,Skirt,Credit Card,,,,,
B-38925,13,0,2,Clothing,Hankerchief,COD,,,,,
B-38926,1270,546,11,Electronics,Electronic Games,EMI,,,,,
B-38927,13,-2,1,Clothing,Stole,COD,,,,,
B-38928,13,3,1,Clothing,Leggings,COD,,,,,
B-38929,17,5,1,Clothing,Hankerchief,UPI,,,,,
B-38930,13,-13,2,Clothing,Skirt,COD,,,,,
B-38931,13,-9,2,Clothing,Skirt,COD,,,,,
B-38932,1263,-56,5,Clothing,Trousers,EMI,,,,,
B-38933,1629,-153,3,Electronics,Phones,COD,,,,,
B-38934,17,7,3,Clothing,Hankerchief,UPI,,,,,
B-38935,17,2,2,Clothing,Skirt,UPI,,,,,
B-38936,1250,-12,2,Electronics,Printers,EMI,,,,,
B-38937,17,-11,3,Clothing,Skirt,UPI,,,,,
B-38938,977,-244,7,Electronics,Phones,COD,,,,,
B-38939,1246,62,3,Furniture,Bookcases,EMI,,,,,
B-38940,12,1,2,Clothing,Hankerchief,COD,,,,,
B-38941,11,-4,2,Clothing,Skirt,COD,,,,,
B-38942,1327,318,8,Furniture,Chairs,EMI,,,,,
B-38943,1319,567,5,Electronics,Printers,COD,,,,,
B-38944,1402,109,11,Clothing,Saree,EMI,,,,,
B-38945,1514,742,4,Electronics,Printers,EMI,,,,,
B-38946,1351,111,6,Electronics,Electronic Games,COD,,,,,
B-38947,1355,-60,5,Clothing,Trousers,COD,,,,,
B-38948,10,2,2,Clothing,Hankerchief,COD,,,,,
B-38949,10,-2,2,Clothing,Leggings,COD,,,,,
B-38950,1582,-443,6,Clothing,Trousers,EMI,,,,,
B-38951,1218,352,9,Furniture,Bookcases,EMI,,,,,
B-38952,321,315,5,Clothing,Saree,UPI,,,,,
B-38953,736,346,5,Electronics,Printers,COD,,,,,
B-38954,1218,-420,8,Furniture,Bookcases,COD,,,,,
B-38955,1027,441,8,Clothing,Saree,COD,,,,,
B-38956,10,5,1,Clothing,Stole,COD,,,,,
B-38957,2366,552,5,Clothing,Trousers,UPI,,,,,
B-38958,9,-6,2,Clothing,Hankerchief,COD,,,,,
B-38959,16,-12,2,Clothing,Stole,UPI,,,,,
B-38960,9,3,1,Clothing,Skirt,COD,,,,,
B-38961,1560,421,3,Clothing,Trousers,COD,,,,,
B-38962,1137,568,2,Clothing,Trousers,EMI,,,,,
B-38963,9,-9,2,Clothing,Kurti,COD,,,,,
B-38964,15,-7,1,Clothing,Hankerchief,UPI,,,,,
B-38965,14,5,1,Clothing,Hankerchief,UPI,,,,,
B-38966,14,7,2,Clothing,Hankerchief,UPI,,,,,
B-38967,8,-2,2,Clothing,Hankerchief,COD,,,,,
B-38968,1389,680,7,Clothing,Saree,COD,,,,,
B-38969,8,-1,2,Clothing,Leggings,COD,,,,,
B-38970,8,-2,1,Clothing,Stole,COD,,,,,
B-38971,13,4,1,Clothing,Leggings,UPI,,,,,
B-38972,8,-6,1,Clothing,Stole,COD,,,,,
B-38973,12,2,2,Clothing,Skirt,Credit Card,,,,,
B-38974,1716,309,7,Electronics,Accessories,COD,,,,,
B-38975,1117,447,10,Furniture,Bookcases,EMI,,,,,
B-38976,9,-6,2,Clothing,Skirt,Credit Card,,,,,
B-38977,332,503,3,Electronics,Printers,COD,,,,,
B-38978,7,-4,3,Clothing,Hankerchief,COD,,,,,
B-38979,8,-2,3,Clothing,Hankerchief,Credit Card,,,,,
B-38980,2061,701,5,Furniture,Bookcases,UPI,,,,,
B-38981,1103,276,3,Furniture,Chairs,EMI,,,,,
B-38982,2103,322,8,Electronics,Electronic Games,UPI,,,,,
B-38983,2115,23,5,Furniture,Chairs,COD,,,,,
B-38984,850,-289,5,Electronics,Electronic Games,COD,,,,,
B-38985,1063,64,7,Electronics,Phones,EMI,,,,,
B-38986,1063,-175,4,Electronics,Electronic Games,EMI,,,,,
B-38987,2292,127,7,Furniture,Bookcases,COD,,,,,
B-38988,7,-1,2,Clothing,Hankerchief,Credit Card,,,,,
B-38989,2452,191,7,Furniture,Bookcases,UPI,,,,,
B-38990,2457,665,11,Electronics,Electronic Games,EMI,,,,,
B-38991,4,-3,1,Clothing,Skirt,Credit Card,,,,,
B-38992,2830,-1981,13,Furniture,Bookcases,EMI,,,,,
B-38993,7,1,1,Clothing,Hankerchief,COD,,,,,
B-38994,7,0,2,Clothing,Skirt,COD,,,,,
B-38995,7,-3,2,Clothing,Hankerchief,COD,,,,,
B-38996,3151,-35,7,Clothing,Trousers,EMI,,,,,
B-38997,4141,1698,13,Electronics,Printers,COD,,,,,
B-38998,7,-2,1,Clothing,Hankerchief,COD,,,,,
B-38999,4363,305,5,Furniture,Tables,EMI,,,,,
B-39000,1096,658,7,Electronics,Electronic Games,COD,,,,,
B-39001,5729,64,14,Furniture,Chairs,EMI,,,,,
B-39002,2927,146,8,Furniture,Bookcases,EMI,,,,,
B-39003,2847,712,8,Electronics,Printers,Credit Card,,,,,
B-39004,2617,1151,4,Electronics,Phones,Credit Card,,,,,
B-39005,2244,247,4,Clothing,Trousers,Credit Card,,,,,
B-39006,275,-275,4,Clothing,Saree,COD,,,,,
B-39007,387,-213,5,Clothing,Saree,UPI,,,,,
B-39008,50,-44,2,Clothing,Hankerchief,UPI,,,,,
B-39009,135,-54,5,Clothing,Kurti,COD,,,,,
B-39010,231,-190,9,Clothing,Hankerchief,COD,,,,,
B-39011,2125,-234,6,Electronics,Printers,EMI,,,,,
B-39012,3873,-891,6,Electronics,Phones,Credit Card,,,,,
B-39013,729,-492,5,Furniture,Bookcases,UPI,,,,,
B-39014,2188,1050,5,Furniture,Bookcases,Credit Card,,,,,
B-39015,6,-3,1,Clothing,Hankerchief,UPI,,,,,
B-39016,1854,433,5,Furniture,Bookcases,Credit Card,,,,,
B-39017,6,1,1,Clothing,Kurti,UPI,,,,,
B-39018,2093,721,5,Furniture,Chairs,Credit Card,,,,,
B-39019,7,-1,2,Clothing,Skirt,UPI,,,,,
B-39020,1622,-624,5,Furniture,Tables,Credit Card,,,,,
B-39021,1622,95,5,Electronics,Printers,Credit Card,,,,,
B-39022,373,254,6,Electronics,Printers,UPI,,,,,
B-39023,82,-33,4,Clothing,Kurti,COD,,,,,
B-39024,8,2,2,Clothing,Skirt,UPI,,,,,
B-39025,1954,782,3,Electronics,Phones,Credit Card,,,,,
B-39026,1543,370,8,Electronics,Printers,Credit Card,,,,,
B-39027,1506,-266,6,Electronics,Printers,Credit Card,,,,,
B-39028,1829,-56,6,Furniture,Tables,Credit Card,,,,,
B-39029,9,-1,3,Clothing,Skirt,UPI,,,,,
B-39030,1461,202,5,Furniture,Tables,EMI,,,,,
B-39031,391,113,8,Clothing,Stole,COD,,,,,
B-39032,1824,1303,8,Electronics,Phones,Credit Card,,,,,
B-39033,16,-15,4,Clothing,Hankerchief,UPI,,,,,
B-39034,1745,122,2,Furniture,Tables,Credit Card,,,,,
B-39035,663,-212,5,Electronics,Printers,UPI,,,,,
B-39036,10,-1,1,Clothing,Leggings,UPI,,,,,
B-39037,1630,802,5,Furniture,Tables,EMI,,,,,
B-39038,12,0,2,Clothing,Hankerchief,UPI,,,,,
B-39039,12,-7,2,Clothing,Leggings,UPI,,,,,
B-39040,1709,564,3,Clothing,Trousers,Credit Card,,,,,
B-39041,12,3,1,Clothing,Stole,UPI,,,,,
B-39042,1625,-77,3,Electronics,Phones,EMI,,,,,
B-39043,13,5,2,Clothing,Hankerchief,UPI,,,,,
B-39044,1361,980,3,Furniture,Tables,COD,,,,,
B-39045,1622,-448,3,Electronics,Phones,EMI,,,,,
B-39046,1547,340,6,Electronics,Accessories,EMI,,,,,
B-39047,1657,460,4,Furniture,Chairs,Credit Card,,,,,
B-39048,1603,0,9,Clothing,Saree,Credit Card,,,,,
B-39049,1549,-439,4,Electronics,Phones,Credit Card,,,,,
B-39050,1183,106,4,Electronics,Printers,EMI,,,,,
B-39051,74,-123,8,Clothing,Skirt,UPI,,,,,
B-39052,1499,239,13,Clothing,Saree,Credit Card,,,,,
B-39053,1120,199,6,Clothing,Saree,EMI,,,,,
B-39054,15,-2,1,Clothing,T-shirt,Debit Card,,,,,
B-39055,1487,624,3,Clothing,Trousers,Credit Card,,,,,
B-39056,1118,206,2,Furniture,Tables,Credit Card,,,,,
B-39057,11,-5,2,Clothing,Hankerchief,COD,,,,,
B-39058,15,4,1,Clothing,Hankerchief,Debit Card,,,,,
B-39059,1364,1864,5,Furniture,Tables,Credit Card,,,,,
B-39060,1337,147,7,Electronics,Printers,Credit Card,,,,,
B-39061,15,2,1,Clothing,Leggings,Debit Card,,,,,
B-39062,322,-193,5,Electronics,Printers,UPI,,,,,
B-39063,1316,527,7,Electronics,Electronic Games,Credit Card,,,,,
B-39064,1314,342,3,Furniture,Bookcases,Credit Card,,,,,
B-39065,17,7,3,Clothing,Hankerchief,Debit Card,,,,,
B-39066,17,2,2,Clothing,Skirt,Debit Card,,,,,
B-39067,17,-12,5,Clothing,Skirt,Debit Card,,,,,
B-39068,1308,536,3,Furniture,Bookcases,Credit Card,,,,,
B-39069,1076,-38,4,Electronics,Printers,Credit Card,,,,,
B-39070,1301,573,5,Electronics,Accessories,Credit Card,,,,,
B-39071,1300,-16,8,Electronics,Printers,Credit Card,,,,,
B-39072,11,-2,4,Clothing,Hankerchief,COD,,,,,
B-39073,1298,65,9,Electronics,Printers,EMI,,,,,
B-39074,304,97,6,Clothing,Stole,UPI,,,,,
B-39075,1055,264,4,Electronics,Printers,EMI,,,,,
B-39076,17,-13,4,Clothing,Skirt,Debit Card,,,,,
B-39077,147,73,3,Clothing,Stole,COD,,,,,
B-39078,965,-68,3,Electronics,Printers,COD,,,,,
B-39079,12,-2,3,Clothing,Hankerchief,COD,,,,,
B-39080,14,-2,3,Clothing,Hankerchief,UPI,,,,,
B-39081,934,-916,7,Electronics,Electronic Games,COD,,,,,
B-39082,929,-93,9,Clothing,Saree,COD,,,,,
B-39083,18,3,2,Clothing,Hankerchief,Debit Card,,,,,
B-39084,916,192,11,Electronics,Phones,COD,,,,,
B-39085,76,-72,9,Clothing,Hankerchief,COD,,,,,
B-39086,869,67,4,Furniture,Tables,COD,,,,,
B-39087,112,24,3,Clothing,Kurti,COD,,,,,
B-39088,39,16,6,Clothing,Skirt,UPI,,,,,
B-39089,857,-274,2,Furniture,Tables,COD,,,,,
B-39090,828,230,2,Furniture,Chairs,COD,,,,,
B-39091,1279,-640,8,Electronics,Printers,EMI,,,,,
B-39092,1250,486,7,Clothing,Saree,EMI,,,,,
B-39093,823,-18,7,Furniture,Chairs,COD,,,,,
B-39094,1157,-13,9,Furniture,Bookcases,Credit Card,,,,,
B-39095,126,-63,3,Electronics,Accessories,UPI,,,,,
B-39096,1145,-706,3,Electronics,Phones,Credit Card,,,,,
B-39097,774,170,3,Electronics,Accessories,COD,,,,,
B-39098,24,-1,2,Clothing,Hankerchief,COD,,,,,
B-39099,774,170,3,Electronics,Accessories,COD,,,,,
B-39100,93,-1,2,Clothing,Hankerchief,COD,,,,,
B-39101,765,-36,3,Electronics,Electronic Games,COD,,,,,
B-39102,762,101,6,Electronics,Printers,COD,,,,,
B-39103,761,266,9,Electronics,Electronic Games,COD,,,,,
B-39104,96,-48,5,Clothing,Leggings,UPI,,,,,
B-39105,1137,-14,7,Electronics,Printers,EMI,,,,,
B-39106,18,8,2,Clothing,Hankerchief,Debit Card,,,,,
B-39107,749,-307,7,Furniture,Furnishings,COD,,,,,
B-39108,1120,199,6,Clothing,Saree,EMI,,,,,
B-39109,744,119,6,Electronics,Printers,COD,,,,,
B-39110,14,0,4,Clothing,Hankerchief,UPI,,,,,
B-39111,19,8,2,Clothing,Hankerchief,Debit Card,,,,,
B-39112,512,-225,5,Clothing,Saree,COD,,,,,
B-39113,742,198,2,Furniture,Bookcases,COD,,,,,
B-39114,44,-40,3,Clothing,Stole,COD,,,,,
B-39115,1061,-36,8,Furniture,Bookcases,EMI,,,,,
B-39116,19,-2,2,Clothing,Leggings,Debit Card,,,,,
B-39117,17,0,1,Clothing,Hankerchief,COD,,,,,
B-39118,741,267,5,Furniture,Bookcases,COD,,,,,
B-39119,735,-235,6,Electronics,Printers,COD,,,,,
B-39120,19,-1,1,Clothing,Shirt,Debit Card,,,,,
B-39121,1021,-48,4,Electronics,Electronic Games,EMI,,,,,
B-39122,556,-209,7,Clothing,Saree,COD,,,,,
B-39123,63,-17,6,Clothing,Leggings,COD,,,,,
B-39124,734,248,2,Furniture,Chairs,COD,,,,,
B-39125,933,166,5,Clothing,Saree,Credit Card,,,,,
B-39126,20,-9,6,Clothing,Hankerchief,Debit Card,,,,,
B-39127,877,395,2,Furniture,Bookcases,Credit Card,,,,,
B-39128,719,303,6,Furniture,Chairs,COD,,,,,
B-39129,12,1,2,Clothing,Hankerchief,COD,,,,,
B-39130,714,56,4,Clothing,Saree,COD,,,,,
B-39131,50,-15,4,Clothing,Leggings,COD,,,,,
B-39132,709,-100,5,Electronics,Phones,COD,,,,,
B-39133,21,-12,3,Clothing,Hankerchief,Debit Card,,,,,
B-39134,693,254,6,Clothing,Saree,COD,,,,,
B-39135,24,1,4,Clothing,Hankerchief,COD,,,,,
B-39136,24,1,2,Clothing,Hankerchief,UPI,,,,,
B-39137,24,1,2,Clothing,Hankerchief,COD,,,,,
B-39138,21,10,1,Clothing,T-shirt,Debit Card,,,,,
B-39139,681,259,4,Furniture,Chairs,COD,,,,,
B-39140,674,-187,2,Furniture,Tables,COD,,,,,
B-39141,671,-309,5,Electronics,Electronic Games,COD,,,,,
B-39142,646,-213,3,Electronics,Electronic Games,COD,,,,,
B-39143,40,15,1,Clothing,Kurti,COD,,,,,
B-39144,24,-2,2,Clothing,T-shirt,COD,,,,,
B-39145,644,167,2,Electronics,Printers,COD,,,,,
B-39146,643,225,2,Electronics,Printers,COD,,,,,
B-39147,632,-316,6,Clothing,Saree,COD,,,,,
B-39148,632,316,6,Clothing,Saree,COD,,,,,
B-39149,610,208,3,Electronics,Printers,COD,,,,,
B-39150,78,-28,6,Clothing,Kurti,UPI,,,,,
B-39151,595,119,4,Furniture,Bookcases,COD,,,,,
B-39152,595,292,3,Clothing,Saree,COD,,,,,
B-39153,852,51,5,Furniture,Bookcases,Credit Card,,,,,
B-39154,594,89,3,Furniture,Bookcases,COD,,,,,
B-39155,585,175,13,Clothing,T-shirt,COD,,,,,
B-39156,582,262,5,Furniture,Furnishings,COD,,,,,
B-39157,845,84,7,Clothing,Saree,Credit Card,,,,,
B-39158,829,19,4,Electronics,Printers,Credit Card,,,,,
B-39159,561,212,3,Clothing,Saree,COD,,,,,
B-39160,771,-424,2,Electronics,Phones,Credit Card,,,,,
B-39161,765,8,6,Clothing,Saree,EMI,,,,,
B-39162,31,2,2,Clothing,Hankerchief,COD,,,,,
B-39163,557,-111,2,Electronics,Electronic Games,COD,,,,,
B-39164,757,371,2,Electronics,Printers,Credit Card,,,,,
B-39165,545,-73,11,Electronics,Phones,COD,,,,,
B-39166,1052,-82,3,Furniture,Bookcases,UPI,,,,,
B-39167,544,-152,3,Furniture,Bookcases,COD,,,,,
B-39168,22,9,2,Clothing,Leggings,Debit Card,,,,,
B-39169,757,371,2,Electronics,Printers,Credit Card,,,,,
B-39170,742,198,2,Furniture,Bookcases,Credit Card,,,,,
B-39171,537,107,3,Clothing,Saree,COD,,,,,
B-39172,536,91,1,Clothing,Trousers,COD,,,,,
B-39173,6,3,1,Clothing,Hankerchief,COD,,,,,
B-39174,523,204,7,Clothing,Trousers,COD,,,,,
B-39175,27,9,2,Clothing,T-shirt,UPI,,,,,
B-39176,516,392,8,Furniture,Chairs,COD,,,,,
B-39177,504,116,3,Furniture,Bookcases,COD,,,,,
B-39178,502,84,4,Electronics,Phones,COD,,,,,
B-39179,734,213,6,Electronics,Electronic Games,Credit Card,,,,,
B-39180,42,12,2,Clothing,Kurti,COD,,,,,
B-39181,29,11,4,Clothing,Skirt,COD,,,,,
B-39182,240,12,6,Clothing,Kurti,UPI,,,,,
B-39183,496,-79,2,Clothing,Trousers,COD,,,,,
B-39184,485,29,4,Electronics,Electronic Games,COD,,,,,
B-39185,31,-11,3,Clothing,Skirt,UPI,,,,,
B-39186,676,151,3,Electronics,Printers,Credit Card,,,,,
B-39187,23,8,2,Clothing,Hankerchief,Debit Card,,,,,
B-39188,13,3,2,Clothing,Hankerchief,COD,,,,,
B-39189,180,0,8,Clothing,Stole,COD,,,,,
B-39190,671,114,9,Electronics,Phones,Credit Card,,,,,
B-39191,22,11,3,Clothing,Kurti,COD,,,,,
B-39192,668,-31,3,Electronics,Printers,Credit Card,,,,,
B-39193,145,0,3,Clothing,Saree,UPI,,,,,
B-39194,24,8,2,Clothing,Skirt,Debit Card,,,,,
B-39195,476,0,3,Furniture,Chairs,COD,,,,,
B-39196,24,11,5,Clothing,Hankerchief,Debit Card,,,,,
B-39197,37,3,3,Clothing,Hankerchief,COD,,,,,
B-39198,152,50,6,Clothing,Stole,UPI,,,,,
B-39199,32,11,2,Clothing,Leggings,UPI,,,,,
B-39200,52,11,5,Clothing,Leggings,COD,,,,,
B-39201,24,11,3,Clothing,Hankerchief,Debit Card,,,,,
B-39202,473,42,4,Furniture,Chairs,COD,,,,,
B-39203,263,50,5,Clothing,Stole,COD,,,,,
B-39204,61,11,3,Clothing,Kurti,COD,,,,,
B-39205,469,-459,3,Electronics,Electronic Games,COD,,,,,
B-39206,1272,547,2,Electronics,Phones,COD,,,,,
B-39207,169,0,3,Electronics,Accessories,COD,,,,,
B-39208,25,11,3,Clothing,Leggings,Debit Card,,,,,
B-39209,457,-41,4,Clothing,Saree,COD,,,,,
B-39210,455,77,8,Electronics,Accessories,COD,,,,,
B-39211,25,2,2,Clothing,Hankerchief,Debit Card,,,,,
B-39212,450,-90,3,Electronics,Printers,COD,,,,,
B-39213,30,-35,1,Furniture,Chairs,COD,,,,,
B-39214,659,-37,2,Furniture,Bookcases,Credit Card,,,,,
B-39215,448,148,2,Electronics,Printers,COD,,,,,
B-39216,446,53,3,Electronics,Printers,COD,,,,,
B-39217,98,-45,2,Furniture,Chairs,UPI,,,,,
B-39218,443,11,1,Clothing,Saree,COD,,,,,
B-39219,427,-50,7,Electronics,Phones,COD,,,,,
B-39220,656,-36,2,Furniture,Bookcases,Credit Card,,,,,
B-39221,424,161,2,Clothing,Saree,COD,,,,,
B-39222,27,8,2,Clothing,T-shirt,Debit Card,,,,,
B-39223,424,-272,5,Electronics,Phones,COD,,,,,
B-39224,202,4,4,Clothing,Hankerchief,COD,,,,,
B-39225,1275,357,2,Electronics,Phones,UPI,,,,,
B-39226,418,70,7,Electronics,Phones,COD,,,,,
B-39227,417,49,3,Electronics,Electronic Games,COD,,,,,
B-39228,199,48,4,Clothing,Stole,UPI,,,,,
B-39229,385,-77,11,Furniture,Furnishings,UPI,,,,,
B-39230,414,199,3,Electronics,Phones,COD,,,,,
B-39231,97,-45,4,Clothing,Saree,COD,,,,,
B-39232,648,50,6,Electronics,Electronic Games,Credit Card,,,,,
B-39233,27,-25,2,Clothing,Shirt,Debit Card,,,,,
B-39234,27,12,1,Clothing,Stole,Debit Card,,,,,
B-39235,27,1,1,Clothing,Stole,UPI,,,,,
B-39236,413,-314,9,Furniture,Chairs,COD,,,,,
B-39237,53,2,4,Clothing,Hankerchief,COD,,,,,
B-39238,29,8,5,Clothing,Hankerchief,UPI,,,,,
B-39239,30,13,1,Clothing,T-shirt,UPI,,,,,
B-39240,412,412,6,Clothing,Saree,COD,,,,,
B-39241,646,-23,2,Electronics,Printers,Credit Card,,,,,
B-39242,30,-5,5,Clothing,Stole,UPI,,,,,
B-39243,618,27,4,Furniture,Bookcases,Credit Card,,,,,
B-39244,143,-124,5,Clothing,Saree,UPI,,,,,
B-39245,31,1,2,Clothing,Hankerchief,UPI,,,,,
B-39246,409,86,3,Clothing,Saree,COD,,,,,
B-39247,406,126,2,Clothing,Saree,COD,,,,,
B-39248,565,66,7,Clothing,Saree,Credit Card,,,,,
B-39249,85,2,6,Clothing,Stole,COD,,,,,
B-39250,561,118,5,Furniture,Bookcases,Credit Card,,,,,
B-39251,503,-56,2,Clothing,Trousers,COD,,,,,
B-39252,31,14,3,Clothing,Stole,UPI,,,,,
B-39253,398,111,8,Clothing,Hankerchief,COD,,,,,
B-39254,388,93,2,Furniture,Bookcases,COD,,,,,
B-39255,498,-116,4,Clothing,Saree,UPI,,,,,
B-39256,561,212,3,Clothing,Saree,Credit Card,,,,,
B-39257,61,3,4,Clothing,Hankerchief,COD,,,,,
B-39258,34,-22,4,Clothing,T-shirt,COD,,,,,
B-39259,32,6,3,Clothing,Shirt,UPI,,,,,
B-39260,623,-192,3,Furniture,Tables,UPI,,,,,
B-39261,520,151,3,Electronics,Phones,Credit Card,,,,,
B-39262,32,-16,6,Clothing,Saree,UPI,,,,,
B-39263,32,-5,5,Clothing,Hankerchief,UPI,,,,,
B-39264,510,234,6,Electronics,Electronic Games,EMI,,,,,
B-39265,382,68,3,Clothing,Saree,COD,,,,,
B-39266,33,13,3,Clothing,Leggings,UPI,,,,,
B-39267,381,-13,2,Clothing,Saree,COD,,,,,
B-39268,490,88,2,Electronics,Accessories,EMI,,,,,
B-39269,381,144,2,Clothing,Saree,COD,,,,,
B-39270,487,143,4,Electronics,Phones,EMI,,,,,
B-39271,366,84,3,Furniture,Bookcases,COD,,,,,
B-39272,33,-29,3,Clothing,Shirt,UPI,,,,,
B-39273,365,107,3,Electronics,Phones,COD,,,,,
B-39274,207,-100,2,Clothing,Saree,UPI,,,,,
B-39275,359,-338,5,Furniture,Bookcases,COD,,,,,
B-39276,351,-47,8,Electronics,Phones,COD,,,,,
B-39277,485,199,4,Clothing,Saree,EMI,,,,,
B-39278,37,-23,4,Clothing,Shirt,UPI,,,,,
B-39279,34,10,2,Clothing,T-shirt,Debit Card,,,,,
B-39280,346,108,3,Furniture,Chairs,COD,,,,,
B-39281,342,-103,4,Electronics,Electronic Games,COD,,,,,
B-39282,35,-8,2,Furniture,Furnishings,Debit Card,,,,,
B-39283,121,41,4,Clothing,Stole,UPI,,,,,
B-39284,336,57,2,Electronics,Phones,COD,,,,,
B-39285,336,71,3,Furniture,Bookcases,COD,,,,,
B-39286,27,4,1,Clothing,Hankerchief,COD,,,,,
B-39287,333,50,2,Electronics,Phones,COD,,,,,
B-39288,36,7,3,Clothing,Leggings,Debit Card,,,,,
B-39289,333,-15,3,Electronics,Phones,COD,,,,,
B-39290,327,114,4,Clothing,Trousers,COD,,,,,
B-39291,18,6,3,Clothing,Hankerchief,UPI,,,,,
B-39292,325,32,7,Clothing,T-shirt,COD,,,,,
B-39293,482,-6,7,Electronics,Electronic Games,EMI,,,,,
B-39294,465,-33,4,Electronics,Phones,EMI,,,,,
B-39295,40,-12,3,Clothing,Shirt,COD,,,,,
B-39296,107,36,6,Clothing,Stole,COD,,,,,
B-39297,312,-312,7,Furniture,Chairs,COD,,,,,
B-39298,451,25,3,Electronics,Phones,EMI,,,,,
B-39299,312,62,1,Electronics,Electronic Games,COD,,,,,
B-39300,311,72,2,Furniture,Bookcases,COD,,,,,
B-39301,11,5,2,Clothing,Hankerchief,UPI,,,,,
B-39302,37,-5,3,Clothing,T-shirt,Debit Card,,,,,
B-39303,444,-200,4,Electronics,Phones,EMI,,,,,
B-39304,434,26,11,Clothing,Shirt,Credit Card,,,,,
B-39305,299,0,6,Clothing,Stole,COD,,,,,
B-39306,37,17,3,Clothing,Hankerchief,Debit Card,,,,,
B-39307,299,113,2,Furniture,Bookcases,COD,,,,,
B-39308,298,74,2,Furniture,Bookcases,COD,,,,,
B-39309,94,7,7,Clothing,Leggings,UPI,,,,,
B-39310,296,225,11,Clothing,Saree,COD,,,,,
B-39311,37,17,3,Clothing,Hankerchief,Debit Card,,,,,
B-39312,291,93,2,Electronics,Printers,COD,,,,,
B-39313,327,-39,1,Electronics,Phones,COD,,,,,
B-39314,291,119,11,Clothing,Saree,COD,,,,,
B-39315,287,-66,6,Clothing,Kurti,COD,,,,,
B-39316,42,15,1,Electronics,Accessories,UPI,,,,,
B-39317,429,61,3,Electronics,Electronic Games,Credit Card,,,,,
B-39318,285,128,2,Electronics,Printers,COD,,,,,
B-39319,277,3,1,Electronics,Electronic Games,COD,,,,,
B-39320,274,-7,4,Electronics,Phones,COD,,,,,
B-39321,273,-87,4,Electronics,Phones,COD,,,,,
B-39322,269,91,1,Electronics,Electronic Games,COD,,,,,
B-39323,11,5,1,Clothing,Skirt,COD,,,,,
B-39324,39,2,2,Clothing,Saree,Debit Card,,,,,
B-39325,264,-26,3,Clothing,Trousers,COD,,,,,
B-39326,40,16,3,Clothing,Hankerchief,Debit Card,,,,,
B-39327,41,19,2,Clothing,T-shirt,Debit Card,,,,,
B-39328,253,-63,2,Clothing,Saree,UPI,,,,,
B-39329,406,97,7,Furniture,Chairs,Credit Card,,,,,
B-39330,32,7,3,Clothing,Hankerchief,COD,,,,,
B-39331,260,68,2,Electronics,Printers,COD,,,,,
B-39332,41,19,5,Clothing,Hankerchief,Debit Card,,,,,
B-39333,401,13,6,Furniture,Chairs,Credit Card,,,,,
B-39334,382,30,3,Clothing,Saree,Credit Card,,,,,
B-39335,867,251,5,Electronics,Phones,COD,,,,,
B-39336,43,0,3,Clothing,Saree,Debit Card,,,,,
B-39337,43,-43,7,Clothing,Stole,Debit Card,,,,,
B-39338,74,29,3,Clothing,Stole,COD,,,,,
B-39339,44,-26,3,Clothing,Hankerchief,Debit Card,,,,,
B-39340,259,-55,2,Furniture,Chairs,COD,,,,,
B-39341,257,23,5,Clothing,Hankerchief,COD,,,,,
B-39342,76,27,5,Clothing,Stole,COD,,,,,
B-39343,44,-32,3,Clothing,Stole,Debit Card,,,,,
B-39344,257,3,2,Clothing,Saree,COD,,,,,
B-39345,255,76,9,Clothing,Hankerchief,COD,,,,,
B-39346,44,14,3,Clothing,Hankerchief,Debit Card,,,,,
B-39347,45,-2,4,Clothing,Shirt,COD,,,,,
B-39348,44,-3,1,Clothing,Saree,Debit Card,,,,,
B-39349,382,119,2,Clothing,Saree,Credit Card,,,,,
B-39350,250,100,3,Clothing,Trousers,COD,,,,,
B-39351,45,-15,2,Furniture,Chairs,COD,,,,,
B-39352,246,61,2,Furniture,Bookcases,COD,,,,,
B-39353,50,25,5,Clothing,Stole,COD,,,,,
B-39354,246,98,5,Clothing,Hankerchief,COD,,,,,
B-39355,44,99,3,Clothing,Kurti,Debit Card,,,,,
B-39356,245,-78,3,Clothing,Saree,COD,,,,,
B-39357,245,30,2,Clothing,Saree,COD,,,,,
B-39358,376,0,7,Clothing,Stole,Credit Card,,,,,
B-39359,45,1,3,Clothing,T-shirt,Debit Card,,,,,
B-39360,45,-28,2,Clothing,Stole,Debit Card,,,,,
B-39361,244,-122,5,Furniture,Furnishings,COD,,,,,
B-39362,244,83,2,Furniture,Bookcases,COD,,,,,
B-39363,10,4,1,Clothing,Kurti,UPI,,,,,
B-39364,375,180,3,Furniture,Bookcases,Credit Card,,,,,
B-39365,46,14,5,Clothing,Skirt,Debit Card,,,,,
B-39366,49,-31,2,Clothing,Stole,UPI,,,,,
B-39367,47,-20,2,Clothing,Kurti,Debit Card,,,,,
B-39368,355,-114,7,Clothing,Stole,Credit Card,,,,,
B-39369,32,8,5,Clothing,Hankerchief,UPI,,,,,
B-39370,243,-14,2,Furniture,Chairs,COD,,,,,
B-39371,241,-77,4,Electronics,Electronic Games,COD,,,,,
B-39372,47,15,5,Clothing,Saree,Debit Card,,,,,
B-39373,50,-10,6,Clothing,Skirt,Debit Card,,,,,
B-39374,15,6,2,Clothing,Hankerchief,COD,,,,,
B-39375,148,24,3,Clothing,Stole,COD,,,,,
B-39376,299,-28,3,Electronics,Electronic Games,UPI,,,,,
B-39377,68,-30,1,Electronics,Phones,UPI,,,,,
B-39378,52,18,5,Clothing,Leggings,Debit Card,,,,,
B-39379,239,-162,5,Furniture,Chairs,COD,,,,,
B-39380,27,6,3,Clothing,Skirt,COD,,,,,
B-39381,238,20,2,Clothing,Saree,COD,,,,,
B-39382,48,16,3,Clothing,Shirt,COD,,,,,
B-39383,66,22,3,Clothing,Stole,UPI,,,,,
B-39384,53,24,1,Clothing,Hankerchief,Debit Card,,,,,
B-39385,233,-10,5,Electronics,Electronic Games,COD,,,,,
B-39386,53,-2,3,Clothing,Saree,Debit Card,,,,,
B-39387,54,8,4,Clothing,T-shirt,Debit Card,,,,,
B-39388,352,-345,5,Clothing,Saree,Credit Card,,,,,
B-39389,349,0,7,Clothing,Stole,Credit Card,,,,,
B-39390,341,-85,6,Clothing,Trousers,Credit Card,,,,,
B-39391,54,12,3,Clothing,Saree,Debit Card,,,,,
B-39392,57,7,2,Clothing,Shirt,UPI,,,,,
B-39393,340,20,7,Clothing,Shirt,Credit Card,,,,,
B-39394,227,48,5,Clothing,Stole,COD,,,,,
B-39395,330,81,1,Furniture,Bookcases,Credit Card,,,,,
B-39396,216,-38,6,Furniture,Furnishings,UPI,,,,,
B-39397,224,-143,3,Furniture,Chairs,COD,,,,,
B-39398,55,-33,2,Furniture,Chairs,Debit Card,,,,,
B-39399,49,21,1,Clothing,Stole,UPI,,,,,
B-39400,224,87,3,Clothing,Trousers,COD,,,,,
B-39401,223,27,2,Furniture,Bookcases,COD,,,,,
B-39402,324,39,8,Electronics,Accessories,Credit Card,,,,,
B-39403,56,18,2,Clothing,Hankerchief,Debit Card,,,,,
B-39404,223,62,7,Clothing,Shirt,COD,,,,,
B-39405,10,2,2,Clothing,Skirt,COD,,,,,
B-39406,57,6,5,Clothing,Leggings,Debit Card,,,,,
B-39407,322,-113,4,Clothing,Saree,Credit Card,,,,,
B-39408,219,4,2,Clothing,Saree,COD,,,,,
B-39409,103,21,7,Clothing,Stole,UPI,,,,,
B-39410,47,-27,4,Clothing,Saree,COD,,,,,
B-39411,219,0,1,Clothing,Saree,COD,,,,,
B-39412,57,-48,6,Clothing,Leggings,Debit Card,,,,,
B-39413,319,102,6,Electronics,Accessories,Credit Card,,,,,
B-39414,315,-8,3,Furniture,Chairs,Credit Card,,,,,
B-39415,314,-41,3,Electronics,Electronic Games,Credit Card,,,,,
B-39416,311,40,1,Electronics,Electronic Games,EMI,,,,,
B-39417,307,74,3,Electronics,Accessories,EMI,,,,,
B-39418,294,109,7,Electronics,Accessories,EMI,,,,,
B-39419,216,-83,3,Electronics,Electronic Games,COD,,,,,
B-39420,58,-42,2,Furniture,Chairs,Debit Card,,,,,
B-39421,48,20,4,Clothing,Stole,UPI,,,,,
B-39422,54,14,3,Clothing,T-shirt,UPI,,,,,
B-39423,216,50,4,Clothing,Stole,COD,,,,,
B-39424,215,-30,2,Clothing,Saree,COD,,,,,
B-39425,43,8,3,Clothing,Leggings,COD,,,,,
B-39426,136,-33,5,Clothing,Saree,COD,,,,,
B-39427,59,-30,3,Clothing,Leggings,Debit Card,,,,,
B-39428,213,4,14,Clothing,Shirt,COD,,,,,
B-39429,59,21,2,Clothing,Stole,Debit Card,,,,,
B-39430,55,3,3,Clothing,T-shirt,COD,,,,,
B-39431,294,62,9,Clothing,T-shirt,EMI,,,,,
B-39432,210,62,2,Electronics,Phones,COD,,,,,
B-39433,59,24,6,Clothing,Kurti,Debit Card,,,,,
B-39434,396,-31,9,Clothing,Saree,COD,,,,,
B-39435,284,45,2,Furniture,Bookcases,EMI,,,,,
B-39436,276,52,5,Clothing,Saree,EMI,,,,,
B-39437,23,2,2,Clothing,Skirt,UPI,,,,,
B-39438,209,-63,4,Electronics,Electronic Games,COD,,,,,
B-39439,50,-28,5,Furniture,Furnishings,COD,,,,,
B-39440,57,27,2,Clothing,Shirt,COD,,,,,
B-39441,276,-21,2,Electronics,Phones,EMI,,,,,
B-39442,268,6,2,Furniture,Bookcases,UPI,,,,,
B-39443,269,111,3,Clothing,Trousers,EMI,,,,,
B-39444,209,2,1,Clothing,Saree,COD,,,,,
B-39445,60,-12,4,Clothing,Hankerchief,Debit Card,,,,,
B-39446,269,-86,2,Electronics,Electronic Games,EMI,,,,,
B-39447,208,-25,2,Clothing,Saree,COD,,,,,
B-39448,27,2,2,Clothing,Leggings,UPI,,,,,
B-39449,206,-206,3,Clothing,Saree,COD,,,,,
B-39450,61,8,4,Clothing,Hankerchief,Debit Card,,,,,
B-39451,212,-24,2,Furniture,Chairs,COD,,,,,
B-39452,262,64,6,Clothing,Saree,EMI,,,,,
B-39453,204,276,3,Furniture,Bookcases,COD,,,,,
B-39454,59,-46,7,Clothing,T-shirt,UPI,,,,,
B-39455,199,-18,2,Clothing,Saree,COD,,,,,
B-39456,59,6,1,Electronics,Accessories,UPI,,,,,
B-39457,45,9,3,Clothing,Leggings,UPI,,,,,
B-39458,211,19,8,Clothing,Stole,COD,,,,,
B-39459,65,-16,2,Electronics,Phones,Debit Card,,,,,
B-39460,25,0,4,Clothing,Skirt,UPI,,,,,
B-39461,196,-7,5,Electronics,Phones,COD,,,,,
B-39462,261,13,6,Clothing,Shirt,Credit Card,,,,,
B-39463,195,-117,5,Electronics,Phones,COD,,,,,
B-39464,192,-146,3,Clothing,Saree,COD,,,,,
B-39465,189,87,7,Clothing,Stole,COD,,,,,
B-39466,32,2,2,Clothing,Kurti,UPI,,,,,
B-39467,188,13,7,Clothing,Shirt,COD,,,,,
B-39468,73,-25,3,Clothing,Saree,COD,,,,,
B-39469,259,47,5,Clothing,Hankerchief,Credit Card,,,,,
B-39470,187,-15,3,Clothing,Trousers,COD,,,,,
B-39471,26,11,2,Clothing,Hankerchief,UPI,,,,,
B-39472,185,-26,6,Furniture,Chairs,COD,,,,,
B-39473,248,8,2,Clothing,Saree,Credit Card,,,,,
B-39474,67,9,4,Clothing,Leggings,Debit Card,,,,,
B-39475,248,-70,3,Furniture,Chairs,Credit Card,,,,,
B-39476,246,61,2,Furniture,Bookcases,Credit Card,,,,,
B-39477,179,-25,5,Clothing,Kurti,COD,,,,,
B-39478,176,-28,5,Furniture,Furnishings,COD,,,,,
B-39479,176,-13,5,Furniture,Furnishings,COD,,,,,
B-39480,68,-62,2,Clothing,Trousers,Debit Card,,,,,
B-39481,176,37,6,Electronics,Accessories,COD,,,,,
B-39482,88,11,7,Clothing,Hankerchief,UPI,,,,,
B-39483,68,20,5,Clothing,Hankerchief,Debit Card,,,,,
B-39484,231,99,2,Electronics,Electronic Games,Credit Card,,,,,
B-39485,62,8,2,Clothing,T-shirt,UPI,,,,,
B-39486,175,77,3,Clothing,Saree,COD,,,,,
B-39487,71,4,5,Clothing,Leggings,Debit Card,,,,,
B-39488,174,-70,3,Electronics,Accessories,COD,,,,,
B-39489,173,69,3,Furniture,Chairs,COD,,,,,
B-39490,171,2,2,Electronics,Electronic Games,COD,,,,,
B-39491,268,-25,3,Clothing,Saree,COD,,,,,
B-39492,71,32,3,Clothing,Saree,Debit Card,,,,,
B-39493,29,10,4,Clothing,Hankerchief,UPI,,,,,
B-39494,65,17,2,Clothing,T-shirt,UPI,,,,,
B-39495,72,-46,7,Clothing,Kurti,Debit Card,,,,,
B-39496,168,-51,2,Furniture,Bookcases,COD,,,,,
B-39497,165,30,3,Clothing,Stole,COD,,,,,
B-39498,74,-59,2,Electronics,Accessories,Debit Card,,,,,
B-39499,89,17,2,Clothing,Stole,UPI,,,,,
B-39500,228,63,3,Electronics,Electronic Games,Credit Card,,,,,
B-39501,119,-24,4,Furniture,Furnishings,COD,,,,,
B-39502,75,-25,3,Clothing,Stole,UPI,,,,,
B-39503,67,20,4,Clothing,T-shirt,UPI,,,,,
B-39504,7,0,1,Clothing,Leggings,COD,,,,,
B-39505,222,35,5,Clothing,Saree,Credit Card,,,,,
B-39506,219,-9,4,Clothing,Saree,Credit Card,,,,,
B-39507,42,-23,2,Furniture,Furnishings,UPI,,,,,
B-39508,216,-135,3,Furniture,Chairs,Credit Card,,,,,
B-39509,47,-21,2,Electronics,Electronic Games,COD,,,,,
B-39510,68,-55,5,Electronics,Accessories,UPI,,,,,
B-39511,74,33,2,Clothing,Shirt,Debit Card,,,,,
B-39512,165,46,3,Furniture,Furnishings,COD,,,,,
B-39513,101,11,2,Clothing,Hankerchief,UPI,,,,,
B-39514,162,73,2,Electronics,Electronic Games,COD,,,,,
B-39515,20,-22,1,Furniture,Furnishings,UPI,,,,,
B-39516,162,55,3,Clothing,Stole,COD,,,,,
B-39517,229,-23,2,Clothing,Saree,UPI,,,,,
B-39518,27,0,2,Clothing,Leggings,COD,,,,,
B-39519,685,7,7,Clothing,Trousers,UPI,,,,,
B-39520,75,2,5,Clothing,Leggings,Debit Card,,,,,
B-39521,161,-229,8,Furniture,Furnishings,COD,,,,,
B-39522,71,19,3,Clothing,T-shirt,COD,,,,,
B-39523,211,-105,2,Clothing,Saree,Credit Card,,,,,
B-39524,79,5,6,Clothing,Hankerchief,Debit Card,,,,,
B-39525,32,-22,5,Clothing,Saree,UPI,,,,,
B-39526,161,40,3,Clothing,Stole,COD,,,,,
B-39527,159,4,1,Clothing,Saree,COD,,,,,
B-39528,210,-50,4,Clothing,Hankerchief,Credit Card,,,,,
B-39529,79,39,2,Clothing,Shirt,Debit Card,,,,,
B-39530,207,153,3,Clothing,Saree,Credit Card,,,,,
B-39531,36,0,4,Clothing,Kurti,COD,,,,,
B-39532,206,12,1,Electronics,Printers,Credit Card,,,,,
B-39533,46,0,4,Clothing,Leggings,COD,,,,,
B-39534,156,23,3,Clothing,Stole,COD,,,,,
B-39535,154,54,3,Clothing,Hankerchief,COD,,,,,
B-39536,36,15,3,Clothing,Stole,UPI,,,,,
B-39537,206,51,4,Clothing,Hankerchief,Credit Card,,,,,
B-39538,200,7,4,Electronics,Electronic Games,Credit Card,,,,,
B-39539,199,-1,1,Clothing,Saree,Credit Card,,,,,
B-39540,154,22,7,Clothing,T-shirt,COD,,,,,
B-39541,152,23,3,Furniture,Furnishings,COD,,,,,
B-39542,152,50,6,Clothing,Stole,COD,,,,,
B-39543,122,-21,3,Furniture,Furnishings,UPI,,,,,
B-39544,149,48,6,Clothing,Stole,COD,,,,,
B-39545,149,-87,4,Clothing,Saree,COD,,,,,
B-39546,197,20,4,Clothing,Kurti,Credit Card,,,,,
B-39547,76,-54,3,Electronics,Electronic Games,COD,,,,,
B-39548,221,-15,2,Electronics,Electronic Games,COD,,,,,
B-39549,79,32,3,Clothing,Saree,Debit Card,,,,,
B-39550,45,12,7,Clothing,Hankerchief,UPI,,,,,
B-39551,149,-1,1,Clothing,Saree,COD,,,,,
B-39552,80,22,3,Clothing,Stole,Debit Card,,,,,
B-39553,195,12,9,Clothing,Shirt,Credit Card,,,,,
B-39554,19,0,3,Clothing,Skirt,UPI,,,,,
B-39555,81,41,3,Clothing,Stole,Debit Card,,,,,
B-39556,83,34,5,Clothing,Shirt,Debit Card,,,,,
B-39557,149,17,4,Furniture,Furnishings,COD,,,,,
B-39558,193,46,1,Electronics,Printers,Credit Card,,,,,
B-39559,85,24,10,Clothing,Hankerchief,Debit Card,,,,,
B-39560,44,-17,5,Clothing,Saree,UPI,,,,,
B-39561,149,-40,2,Electronics,Phones,COD,,,,,
B-39562,26,0,2,Clothing,Kurti,COD,,,,,
B-39563,86,0,4,Clothing,T-shirt,Debit Card,,,,,
B-39564,86,22,2,Clothing,Saree,Debit Card,,,,,
B-39565,79,16,3,Clothing,T-shirt,COD,,,,,
B-39566,193,-275,3,Electronics,Phones,Credit Card,,,,,
B-39567,148,0,3,Clothing,Saree,COD,,,,,
B-39568,70,-14,2,Furniture,Furnishings,UPI,,,,,
B-39569,148,59,3,Clothing,Hankerchief,COD,,,,,
B-39570,190,19,9,Furniture,Furnishings,Credit Card,,,,,
B-39571,52,14,2,Clothing,Stole,COD,,,,,
B-39572,147,44,3,Clothing,Saree,COD,,,,,
B-39573,190,68,8,Clothing,T-shirt,Credit Card,,,,,
B-39574,80,-56,4,Electronics,Electronic Games,UPI,,,,,
B-39575,147,48,3,Clothing,Saree,COD,,,,,
B-39576,66,12,3,Clothing,Stole,COD,,,,,
B-39577,86,8,2,Clothing,Saree,Debit Card,,,,,
B-39578,88,19,2,Clothing,Shirt,Debit Card,,,,,
B-39579,188,-193,2,Electronics,Electronic Games,Credit Card,,,,,
B-39580,89,29,2,Clothing,Stole,UPI,,,,,
B-39581,146,19,5,Clothing,Stole,COD,,,,,
B-39582,143,32,1,Furniture,Bookcases,COD,,,,,
B-39583,25,-1,4,Clothing,Kurti,COD,,,,,
B-39584,30,12,3,Clothing,Skirt,UPI,,,,,
B-39585,140,-58,4,Furniture,Furnishings,COD,,,,,
B-39586,83,-48,1,Furniture,Bookcases,UPI,,,,,
B-39587,140,6,5,Clothing,Saree,COD,,,,,
B-39588,28,14,4,Clothing,Hankerchief,COD,,,,,
B-39589,139,14,3,Clothing,Stole,COD,,,,,
B-39590,30,14,3,Clothing,Hankerchief,UPI,,,,,
B-39591,89,36,3,Clothing,Shirt,UPI,,,,,
B-39592,187,30,4,Electronics,Accessories,Credit Card,,,,,
B-39593,139,21,3,Electronics,Accessories,COD,,,,,
B-39594,437,-14,2,Clothing,Saree,UPI,,,,,
B-39595,138,-3,5,Clothing,Saree,COD,,,,,
B-39596,85,13,2,Clothing,Shirt,UPI,,,,,
B-39597,83,12,3,Clothing,Stole,UPI,,,,,
B-39598,91,22,2,Clothing,Stole,UPI,,,,,
B-39599,137,5,5,Clothing,Shirt,COD,,,,,
B-39600,33,-12,7,Clothing,Saree,UPI,,,,,
B-39601,134,-34,2,Furniture,Chairs,COD,,,,,
B-39602,134,42,2,Furniture,Chairs,COD,,,,,
B-39603,133,-56,2,Furniture,Chairs,COD,,,,,
B-39604,93,-84,3,Clothing,Saree,UPI,,,,,
B-39605,86,-21,1,Electronics,Electronic Games,UPI,,,,,
B-39606,132,54,5,Clothing,Stole,COD,,,,,
B-39607,132,-10,3,Clothing,Saree,COD,,,,,
B-39608,132,-79,5,Furniture,Furnishings,COD,,,,,
B-39609,93,-65,4,Clothing,Stole,UPI,,,,,
B-39610,95,5,2,Clothing,Stole,UPI,,,,,
B-39611,97,12,2,Clothing,Hankerchief,UPI,,,,,
B-39612,131,-154,8,Furniture,Furnishings,COD,,,,,
B-39613,97,29,2,Clothing,Hankerchief,UPI,,,,,
B-39614,128,4,3,Clothing,Saree,COD,,,,,
B-39615,186,241,9,Clothing,Shirt,Credit Card,,,,,
B-39616,128,47,4,Clothing,Hankerchief,COD,,,,,
B-39617,185,48,4,Clothing,Stole,Credit Card,,,,,
B-39618,29,10,2,Clothing,Stole,COD,,,,,
B-39619,127,29,3,Furniture,Furnishings,COD,,,,,
B-39620,97,36,7,Clothing,Hankerchief,UPI,,,,,
B-39621,125,0,3,Electronics,Accessories,COD,,,,,
B-39622,299,-8,2,Clothing,Saree,COD,,,,,
B-39623,124,54,5,Clothing,T-shirt,COD,,,,,
B-39624,90,17,3,Clothing,Shirt,COD,,,,,
B-39625,122,11,4,Clothing,Hankerchief,COD,,,,,
B-39626,122,-66,9,Electronics,Accessories,COD,,,,,
B-39627,90,30,2,Furniture,Chairs,UPI,,,,,
B-39628,182,-11,3,Furniture,Bookcases,Credit Card,,,,,
B-39629,122,59,7,Furniture,Furnishings,COD,,,,,
B-39630,121,19,4,Clothing,Stole,COD,,,,,
B-39631,120,1,1,Furniture,Chairs,COD,,,,,
B-39632,120,23,5,Clothing,Stole,COD,,,,,
B-39633,34,-11,5,Clothing,T-shirt,COD,,,,,
B-39634,117,17,6,Clothing,Kurti,COD,,,,,
B-39635,38,9,2,Clothing,Stole,COD,,,,,
B-39636,117,-6,3,Electronics,Phones,COD,,,,,
B-39637,180,54,4,Clothing,T-shirt,Credit Card,,,,,
B-39638,99,-5,1,Clothing,Saree,UPI,,,,,
B-39639,172,-103,3,Furniture,Chairs,EMI,,,,,
B-39640,116,16,4,Clothing,Stole,COD,,,,,
B-39641,116,-4,1,Clothing,Saree,COD,,,,,
B-39642,171,68,7,Clothing,Stole,EMI,,,,,
B-39643,46,14,5,Clothing,Skirt,COD,,,,,
B-39644,115,-39,3,Clothing,Trousers,COD,,,,,
B-39645,100,7,2,Clothing,T-shirt,UPI,,,,,
B-39646,44,8,2,Clothing,Stole,COD,,,,,
B-39647,139,14,3,Clothing,Kurti,COD,,,,,
B-39648,171,-140,2,Furniture,Bookcases,EMI,,,,,
B-39649,100,12,2,Clothing,T-shirt,UPI,,,,,
B-39650,115,25,6,Clothing,Stole,COD,,,,,
B-39651,168,-9,3,Clothing,Saree,COD,,,,,
B-39652,115,47,2,Electronics,Accessories,COD,,,,,
B-39653,168,-111,2,Electronics,Phones,EMI,,,,,
B-39654,31,-7,5,Clothing,Skirt,UPI,,,,,
B-39655,114,41,6,Furniture,Furnishings,COD,,,,,
B-39656,111,9,4,Clothing,Stole,COD,,,,,
B-39657,11,-8,2,Clothing,Skirt,UPI,,,,,
B-39658,110,35,1,Furniture,Furnishings,COD,,,,,
B-39659,59,15,2,Clothing,T-shirt,UPI,,,,,
B-39660,166,27,2,Electronics,Accessories,EMI,,,,,
B-39661,109,-6,6,Clothing,Saree,COD,,,,,
B-39662,34,-6,4,Clothing,Leggings,COD,,,,,
B-39663,109,40,1,Furniture,Furnishings,COD,,,,,
B-39664,108,22,3,Electronics,Accessories,COD,,,,,
B-39665,103,50,2,Furniture,Furnishings,UPI,,,,,
B-39666,10,-8,2,Clothing,Skirt,COD,,,,,
B-39667,90,17,3,Clothing,Hankerchief,COD,,,,,
B-39668,105,46,2,Clothing,Stole,UPI,,,,,
B-39669,105,20,2,Clothing,Stole,Debit Card,,,,,
B-39670,22,-6,1,Furniture,Furnishings,COD,,,,,
B-39671,105,-33,5,Clothing,Kurti,COD,,,,,
B-39672,105,25,2,Clothing,Hankerchief,EMI,,,,,
B-39673,25,-7,5,Clothing,Saree,UPI,,,,,
B-39674,104,2,2,Furniture,Furnishings,COD,,,,,
B-39675,16,5,1,Clothing,Stole,UPI,,,,,
B-39676,64,-7,3,Clothing,Saree,COD,,,,,
B-39677,38,-6,2,Furniture,Furnishings,UPI,,,,,
B-39678,83,12,2,Furniture,Chairs,COD,,,,,
B-39679,103,36,2,Clothing,Hankerchief,COD,,,,,
B-39680,37,-6,1,Clothing,Saree,UPI,,,,,
B-39681,105,33,6,Clothing,Saree,EMI,,,,,
B-39682,78,-6,2,Furniture,Furnishings,UPI,,,,,
B-39683,102,-90,1,Clothing,Saree,COD,,,,,
B-39684,102,11,6,Clothing,T-shirt,COD,,,,,
B-39685,10,-8,1,Clothing,Kurti,UPI,,,,,
B-39686,101,18,9,Clothing,Skirt,COD,,,,,
B-39687,42,-6,4,Clothing,Saree,UPI,,,,,
B-39688,56,18,2,Clothing,Hankerchief,UPI,,,,,
B-39689,95,5,2,Clothing,Stole,COD,,,,,
B-39690,159,2,3,Furniture,Furnishings,EMI,,,,,
B-39691,158,69,3,Clothing,Stole,EMI,,,,,
B-39692,106,0,2,Electronics,Phones,EMI,,,,,
B-39693,101,16,4,Clothing,T-shirt,COD,,,,,
B-39694,107,37,3,Clothing,Shirt,COD,,,,,
B-39695,156,36,5,Clothing,T-shirt,EMI,,,,,
B-39696,108,-19,3,Electronics,Electronic Games,UPI,,,,,
B-39697,107,-54,4,Clothing,Stole,EMI,,,,,
B-39698,100,-58,4,Clothing,Hankerchief,COD,,,,,
B-39699,108,26,4,Clothing,Shirt,UPI,,,,,
B-39700,100,6,4,Clothing,Stole,COD,,,,,
B-39701,100,-23,1,Electronics,Phones,COD,,,,,
B-39702,43,17,2,Clothing,T-shirt,UPI,,,,,
B-39703,155,26,3,Clothing,Stole,EMI,,,,,
B-39704,151,9,3,Clothing,Hankerchief,EMI,,,,,
B-39705,151,29,5,Clothing,Hankerchief,EMI,,,,,
B-39706,110,-68,4,Clothing,Saree,EMI,,,,,
B-39707,98,9,2,Furniture,Furnishings,COD,,,,,
B-39708,97,-62,2,Clothing,Trousers,COD,,,,,
B-39709,111,35,5,Clothing,Shirt,COD,,,,,
B-39710,45,17,1,Electronics,Accessories,COD,,,,,
B-39711,112,15,2,Furniture,Chairs,COD,,,,,
B-39712,110,20,5,Clothing,Stole,Debit Card,,,,,
B-39713,98,-5,2,Clothing,Saree,UPI,,,,,
B-39714,110,12,7,Clothing,Stole,Debit Card,,,,,
B-39715,95,11,4,Furniture,Furnishings,COD,,,,,
B-39716,1228,14,3,Furniture,Chairs,UPI,,,,,
B-39717,29,0,3,Furniture,Furnishings,COD,,,,,
B-39718,94,27,2,Clothing,T-shirt,COD,,,,,
B-39719,115,25,1,Electronics,Accessories,COD,,,,,
B-39720,149,15,3,Clothing,Saree,EMI,,,,,
B-39721,148,23,4,Clothing,Kurti,EMI,,,,,
B-39722,93,15,2,Electronics,Accessories,COD,,,,,
B-39723,113,24,4,Clothing,Hankerchief,Debit Card,,,,,
B-39724,48,2,3,Clothing,Stole,COD,,,,,
B-39725,148,9,1,Electronics,Electronic Games,UPI,,,,,
B-39726,114,11,4,Clothing,T-shirt,Debit Card,,,,,
B-39727,92,42,2,Clothing,Stole,COD,,,,,
B-39728,117,14,3,Clothing,Shirt,UPI,,,,,
B-39729,21,-10,4,Clothing,Leggings,COD,,,,,
B-39730,33,-10,6,Clothing,Leggings,UPI,,,,,
B-39731,114,8,3,Electronics,Accessories,Debit Card,,,,,
B-39732,115,0,1,Electronics,Accessories,Debit Card,,,,,
B-39733,90,29,5,Clothing,T-shirt,COD,,,,,
B-39734,61,1,2,Furniture,Furnishings,COD,,,,,
B-39735,119,1,1,Furniture,Chairs,COD,,,,,
B-39736,117,36,2,Clothing,Trousers,Debit Card,,,,,
B-39737,148,54,2,Furniture,Chairs,UPI,,,,,
B-39738,249,-5,4,Clothing,Saree,COD,,,,,
B-39739,147,73,3,Clothing,Stole,UPI,,,,,
B-39740,118,35,7,Clothing,T-shirt,EMI,,,,,
B-39741,119,56,7,Clothing,Saree,EMI,,,,,
B-39742,90,27,2,Clothing,T-shirt,COD,,,,,
B-39743,32,1,2,Clothing,Stole,COD,,,,,
B-39744,89,-89,2,Furniture,Furnishings,COD,,,,,
B-39745,146,66,1,Electronics,Phones,UPI,,,,,
B-39746,89,-37,4,Clothing,Shirt,COD,,,,,
B-39747,88,11,3,Electronics,Accessories,COD,,,,,
B-39748,121,41,4,Clothing,Stole,EMI,,,,,
B-39749,88,20,2,Clothing,Saree,COD,,,,,
B-39750,87,-83,5,Clothing,Kurti,COD,,,,,
B-39751,87,4,2,Clothing,Shirt,COD,,,,,
B-39752,122,15,3,Electronics,Accessories,EMI,,,,,
B-39753,87,10,3,Clothing,Stole,COD,,,,,
B-39754,53,8,3,Furniture,Furnishings,UPI,,,,,
B-39755,87,-32,9,Clothing,Skirt,COD,,,,,
B-39756,86,-55,6,Clothing,Saree,COD,,,,,
B-39757,125,22,3,Clothing,Stole,EMI,,,,,
B-39758,128,-3,3,Clothing,Saree,Debit Card,,,,,
B-39759,143,-124,5,Clothing,Saree,UPI,,,,,
B-39760,86,22,2,Clothing,Saree,COD,,,,,
B-39761,86,9,3,Clothing,Saree,COD,,,,,
B-39762,85,-9,4,Clothing,Saree,COD,,,,,
B-39763,129,-75,5,Clothing,Shirt,Debit Card,,,,,
B-39764,84,-42,2,Electronics,Accessories,COD,,,,,
B-39765,83,-81,3,Furniture,Chairs,COD,,,,,
B-39766,143,6,2,Electronics,Accessories,UPI,,,,,
B-39767,336,123,3,Electronics,Phones,UPI,,,,,
B-39768,323,122,5,Electronics,Phones,UPI,,,,,
B-39769,130,61,3,Clothing,Shirt,Debit Card,,,,,
B-39770,152,-3,5,Clothing,Saree,COD,,,,,
B-39771,25,10,1,Furniture,Furnishings,UPI,,,,,
B-39772,140,15,5,Clothing,Stole,UPI,,,,,
B-39773,45,0,2,Clothing,Stole,UPI,,,,,
B-39774,132,49,3,Clothing,Shirt,COD,,,,,
B-39775,133,12,5,Clothing,Stole,Debit Card,,,,,
B-39776,82,13,2,Clothing,Shirt,COD,,,,,
B-39777,140,56,4,Clothing,Shirt,UPI,,,,,
B-39778,81,19,7,Clothing,Hankerchief,COD,,,,,
B-39779,137,38,5,Clothing,Hankerchief,Debit Card,,,,,
B-39780,137,-41,3,Electronics,Phones,Debit Card,,,,,
B-39781,140,57,2,Clothing,Trousers,Debit Card,,,,,
B-39782,139,30,3,Clothing,Shirt,UPI,,,,,
B-39783,138,11,5,Clothing,Stole,UPI,,,,,
B-39784,79,-124,9,Clothing,Skirt,COD,,,,,
B-39785,136,41,3,Electronics,Accessories,UPI,,,,,
B-39786,145,16,3,Clothing,T-shirt,Debit Card,,,,,
B-39787,44,20,2,Clothing,T-shirt,UPI,,,,,
B-39788,79,6,7,Clothing,Saree,COD,,,,,
B-39789,79,36,4,Clothing,Shirt,COD,,,,,
B-39790,134,-13,3,Electronics,Electronic Games,UPI,,,,,
B-39791,133,5,5,Clothing,Stole,UPI,,,,,
B-39792,47,20,7,Clothing,Hankerchief,UPI,,,,,
B-39793,133,-42,1,Electronics,Printers,UPI,,,,,
B-39794,78,27,3,Clothing,Stole,COD,,,,,
B-39795,78,7,1,Furniture,Chairs,COD,,,,,
B-39796,76,-92,8,Furniture,Furnishings,COD,,,,,
B-39797,76,-50,1,Clothing,Saree,COD,,,,,
B-39798,76,19,3,Clothing,Hankerchief,COD,,,,,
B-39799,74,29,3,Clothing,Stole,COD,,,,,
B-39800,74,-25,3,Clothing,Stole,COD,,,,,
B-39801,146,-63,3,Electronics,Electronic Games,Debit Card,,,,,
B-39802,73,-31,1,Furniture,Bookcases,COD,,,,,
B-39803,80,22,3,Clothing,Stole,UPI,,,,,
B-39804,133,46,5,Clothing,Shirt,EMI,,,,,
B-39805,146,7,2,Electronics,Phones,Debit Card,,,,,
B-39806,130,-41,4,Clothing,Saree,EMI,,,,,
B-39807,141,41,3,Clothing,Shirt,UPI,,,,,
B-39808,147,21,3,Furniture,Furnishings,Debit Card,,,,,
B-39809,73,-7,1,Electronics,Phones,COD,,,,,
B-39810,148,72,7,Clothing,T-shirt,Debit Card,,,,,
B-39811,58,0,4,Clothing,Saree,UPI,,,,,
B-39812,21,-13,3,Clothing,Leggings,UPI,,,,,
B-39813,148,25,3,Clothing,Saree,Debit Card,,,,,
B-39814,144,-7,4,Electronics,Electronic Games,COD,,,,,
B-39815,145,-104,5,Furniture,Chairs,UPI,,,,,
B-39816,72,-49,1,Electronics,Phones,COD,,,,,
B-39817,125,15,5,Clothing,Shirt,EMI,,,,,
B-39818,149,15,3,Clothing,Saree,Debit Card,,,,,
B-39819,72,16,2,Clothing,Shirt,COD,,,,,
B-39820,71,0,8,Clothing,Skirt,COD,,,,,
B-39821,71,-14,4,Furniture,Furnishings,COD,,,,,
B-39822,154,-85,3,Furniture,Chairs,EMI,,,,,
B-39823,191,13,8,Furniture,Furnishings,COD,,,,,
B-39824,170,19,5,Clothing,T-shirt,UPI,,,,,
B-39825,47,-3,2,Clothing,Stole,UPI,,,,,
B-39826,122,-47,4,Clothing,Saree,EMI,,,,,
B-39827,70,26,5,Clothing,Hankerchief,COD,,,,,
B-39828,155,5,3,Clothing,Stole,EMI,,,,,
B-39829,67,-86,9,Furniture,Furnishings,COD,,,,,
B-39830,67,-42,3,Clothing,Stole,COD,,,,,
B-39831,148,-101,2,Furniture,Bookcases,UPI,,,,,
B-39832,122,38,6,Clothing,T-shirt,Credit Card,,,,,
B-39833,16,-5,2,Clothing,Stole,UPI,,,,,
B-39834,121,-17,3,Furniture,Furnishings,Credit Card,,,,,
B-39835,42,-15,12,Clothing,Skirt,UPI,,,,,
B-39836,65,-4,6,Clothing,Hankerchief,COD,,,,,
B-39837,119,-43,7,Clothing,Kurti,Credit Card,,,,,
B-39838,155,56,3,Furniture,Furnishings,EMI,,,,,
B-39839,119,-5,8,Clothing,Saree,Credit Card,,,,,
B-39840,118,25,4,Clothing,Hankerchief,Credit Card,,,,,
B-39841,116,22,1,Electronics,Accessories,Credit Card,,,,,
B-39842,158,-29,10,Clothing,Hankerchief,EMI,,,,,
B-39843,158,69,3,Clothing,Stole,EMI,,,,,
B-39844,65,-52,3,Electronics,Accessories,COD,,,,,
B-39845,160,-59,2,Clothing,Saree,EMI,,,,,
B-39846,162,20,3,Furniture,Chairs,EMI,,,,,
B-39847,63,1,4,Clothing,T-shirt,COD,,,,,
B-39848,64,27,5,Clothing,Hankerchief,UPI,,,,,
B-39849,166,-113,4,Electronics,Accessories,EMI,,,,,
B-39850,167,43,7,Clothing,T-shirt,EMI,,,,,
B-39851,123,17,3,Furniture,Furnishings,COD,,,,,
B-39852,63,14,2,Clothing,Shirt,COD,,,,,
B-39853,891,0,5,Clothing,Saree,COD,,,,,
B-39854,75,28,9,Clothing,Hankerchief,UPI,,,,,
B-39855,62,6,5,Clothing,Hankerchief,COD,,,,,
B-39856,29,-18,7,Clothing,Skirt,UPI,,,,,
B-39857,168,18,6,Clothing,Stole,Debit Card,,,,,
B-39858,70,24,3,Clothing,Stole,UPI,,,,,
B-39859,169,55,4,Clothing,Saree,Debit Card,,,,,
B-39860,32,-8,2,Clothing,Stole,COD,,,,,
B-39861,44,-8,3,Clothing,Stole,UPI,,,,,
B-39862,116,-56,5,Clothing,Stole,Credit Card,,,,,
B-39863,156,21,3,Furniture,Chairs,COD,,,,,
B-39864,62,6,6,Clothing,Skirt,COD,,,,,
B-39865,54,1,2,Clothing,Saree,UPI,,,,,
B-39866,111,11,9,Clothing,Hankerchief,Credit Card,,,,,
B-39867,158,-63,4,Furniture,Chairs,UPI,,,,,
B-39868,7,-3,2,Clothing,Skirt,UPI,,,,,
B-39869,61,28,2,Clothing,Hankerchief,UPI,,,,,
B-39870,61,-50,4,Clothing,Hankerchief,COD,,,,,
B-39871,154,26,4,Electronics,Accessories,COD,,,,,
B-39872,62,1,3,Clothing,Saree,COD,,,,,
B-39873,169,38,3,Clothing,Saree,Debit Card,,,,,
B-39874,61,18,2,Electronics,Accessories,COD,,,,,
B-39875,61,-23,2,Clothing,Saree,COD,,,,,
B-39876,171,14,9,Clothing,Shirt,Debit Card,,,,,
B-39877,60,-49,8,Clothing,Hankerchief,COD,,,,,
B-39878,25,-11,1,Clothing,Stole,UPI,,,,,
B-39879,163,26,4,Clothing,Shirt,COD,,,,,
B-39880,173,86,1,Electronics,Printers,Debit Card,,,,,
B-39881,257,-3,2,Furniture,Bookcases,UPI,,,,,
B-39882,108,37,2,Clothing,Stole,Credit Card,,,,,
B-39883,177,41,4,Clothing,Shirt,Debit Card,,,,,
B-39884,106,15,7,Clothing,Hankerchief,Credit Card,,,,,
B-39885,41,-14,5,Clothing,Leggings,UPI,,,,,
B-39886,168,-10,3,Electronics,Accessories,UPI,,,,,
B-39887,60,21,4,Clothing,Stole,COD,,,,,
B-39888,31,-11,4,Clothing,Stole,COD,,,,,
B-39889,179,0,2,Clothing,Saree,Debit Card,,,,,
B-39890,106,12,3,Clothing,Trousers,Credit Card,,,,,
B-39891,60,13,2,Clothing,T-shirt,COD,,,,,
B-39892,180,5,3,Clothing,Trousers,Debit Card,,,,,
B-39893,60,-10,2,Furniture,Furnishings,COD,,,,,
B-39894,59,25,3,Clothing,Stole,COD,,,,,
B-39895,170,73,2,Electronics,Accessories,UPI,,,,,
B-39896,59,10,2,Clothing,Hankerchief,COD,,,,,
B-39897,24,-21,7,Clothing,Skirt,COD,,,,,
B-39898,105,-26,8,Clothing,Leggings,Credit Card,,,,,
B-39899,103,46,2,Clothing,Saree,Credit Card,,,,,
B-39900,171,17,6,Clothing,T-shirt,UPI,,,,,
B-39901,102,13,2,Clothing,Stole,Credit Card,,,,,
B-39902,98,12,2,Clothing,Hankerchief,Credit Card,,,,,
B-39903,59,10,4,Clothing,Leggings,COD,,,,,
B-39904,189,60,4,Furniture,Furnishings,Debit Card,,,,,
B-39905,58,-52,3,Furniture,Chairs,COD,,,,,
B-39906,60,3,3,Clothing,Saree,UPI,,,,,
B-39907,58,-8,2,Clothing,Saree,COD,,,,,
B-39908,94,20,2,Furniture,Furnishings,UPI,,,,,
B-39909,193,-166,3,Clothing,Saree,EMI,,,,,
B-39910,199,0,4,Clothing,Stole,EMI,,,,,
B-39911,202,89,9,Clothing,T-shirt,EMI,,,,,
B-39912,58,17,2,Clothing,Hankerchief,COD,,,,,
B-39913,57,-28,2,Clothing,Kurti,COD,,,,,
B-39914,204,-94,4,Clothing,Hankerchief,EMI,,,,,
B-39915,98,-12,2,Electronics,Electronic Games,Credit Card,,,,,
B-39916,22,-12,3,Clothing,Stole,COD,,,,,
B-39917,97,17,2,Clothing,Stole,Credit Card,,,,,
B-39918,57,24,5,Clothing,Leggings,COD,,,,,
B-39919,97,14,2,Clothing,T-shirt,Credit Card,,,,,
B-39920,97,17,2,Clothing,Stole,Credit Card,,,,,
B-39921,96,22,5,Clothing,Stole,Credit Card,,,,,
B-39922,94,27,2,Clothing,Shirt,Credit Card,,,,,
B-39923,26,-17,1,Clothing,Stole,COD,,,,,
B-39924,93,44,2,Clothing,Stole,Credit Card,,,,,
B-39925,93,-65,4,Clothing,Stole,Credit Card,,,,,
B-39926,92,5,6,Clothing,Hankerchief,Credit Card,,,,,
B-39927,57,27,2,Clothing,T-shirt,COD,,,,,
B-39928,57,7,3,Furniture,Furnishings,COD,,,,,
B-39929,57,21,4,Clothing,Leggings,COD,,,,,
B-39930,128,4,3,Clothing,Saree,COD,,,,,
B-39931,89,-4,5,Clothing,Saree,Credit Card,,,,,
B-39932,221,26,7,Furniture,Furnishings,COD,,,,,
B-39933,205,-119,3,Clothing,Saree,Debit Card,,,,,
B-39934,191,51,5,Clothing,Shirt,UPI,,,,,
B-39935,206,18,4,Clothing,Hankerchief,Debit Card,,,,,
B-39936,56,0,4,Clothing,Hankerchief,COD,,,,,
B-39937,88,16,4,Clothing,Stole,Credit Card,,,,,
B-39938,224,58,3,Electronics,Phones,UPI,,,,,
B-39939,193,8,4,Clothing,T-shirt,UPI,,,,,
B-39940,87,36,5,Clothing,Stole,Credit Card,,,,,
B-39941,189,4,1,Clothing,Saree,UPI,,,,,
B-39942,55,-33,2,Furniture,Chairs,COD,,,,,
B-39943,85,-1,3,Clothing,Saree,Credit Card,,,,,
B-39944,252,56,2,Electronics,Phones,UPI,,,,,
B-39945,197,73,1,Furniture,Bookcases,COD,,,,,
B-39946,17,-3,2,Clothing,Stole,UPI,,,,,
B-39947,100,28,2,Clothing,Hankerchief,UPI,,,,,
B-39948,80,-19,5,Clothing,Stole,UPI,,,,,
B-39949,75,29,1,Clothing,Trousers,UPI,,,,,
B-39950,26,4,2,Clothing,Saree,UPI,,,,,
B-39951,55,12,5,Clothing,Skirt,COD,,,,,
B-39952,157,5,9,Clothing,Saree,UPI,,,,,
B-39953,200,-60,4,Furniture,Bookcases,UPI,,,,,
B-39954,230,5,2,Clothing,Saree,UPI,,,,,
B-39955,213,-145,3,Furniture,Bookcases,Debit Card,,,,,
B-39956,55,4,2,Clothing,Stole,COD,,,,,
B-39957,220,-19,2,Clothing,Saree,Debit Card,,,,,
B-39958,150,32,3,Clothing,Hankerchief,COD,,,,,
B-39959,203,84,2,Electronics,Printers,UPI,,,,,
B-39960,93,31,3,Electronics,Accessories,UPI,,,,,
B-39961,290,35,6,Clothing,Hankerchief,COD,,,,,
B-39962,48,6,1,Clothing,Saree,COD,,,,,
B-39963,221,35,4,Electronics,Accessories,Debit Card,,,,,
B-39964,55,18,2,Clothing,Kurti,COD,,,,,
B-39965,227,102,8,Electronics,Accessories,Debit Card,,,,,
B-39966,55,-39,4,Clothing,Stole,COD,,,,,
B-39967,207,33,2,Electronics,Accessories,UPI,,,,,
B-39968,64,6,4,Clothing,Saree,COD,,,,,
B-39969,89,6,5,Clothing,Saree,COD,,,,,
B-39970,54,27,2,Clothing,Stole,COD,,,,,
B-39971,84,41,3,Clothing,T-shirt,Credit Card,,,,,
B-39972,209,-21,2,Electronics,Electronic Games,UPI,,,,,
B-39973,79,33,4,Clothing,Stole,UPI,,,,,
B-39974,54,8,4,Clothing,T-shirt,COD,,,,,
B-39975,229,59,9,Clothing,Saree,Debit Card,,,,,
B-39976,158,38,3,Clothing,Hankerchief,UPI,,,,,
B-39977,248,105,2,Electronics,Phones,Debit Card,,,,,
B-39978,199,6,2,Clothing,Saree,UPI,,,,,
B-39979,253,-11,1,Clothing,Trousers,Debit Card,,,,,
B-39980,257,-252,4,Clothing,Saree,Debit Card,,,,,
B-39981,193,33,5,Electronics,Accessories,COD,,,,,
B-39982,109,35,6,Clothing,T-shirt,COD,,,,,
B-39983,214,30,3,Electronics,Accessories,COD,,,,,
B-39984,141,7,7,Clothing,Saree,COD,,,,,
B-39985,201,32,4,Furniture,Furnishings,UPI,,,,,
B-39986,54,12,4,Clothing,Shirt,COD,,,,,
B-39987,83,6,6,Clothing,Shirt,EMI,,,,,
B-39988,54,-3,3,Clothing,Saree,COD,,,,,
B-39989,53,5,3,Clothing,T-shirt,COD,,,,,
B-39990,258,-27,2,Electronics,Phones,Debit Card,,,,,
B-39991,199,8,2,Clothing,Saree,COD,,,,,
B-39992,82,-27,3,Clothing,Kurti,EMI,,,,,
B-39993,139,36,3,Clothing,Stole,COD,,,,,
B-39994,53,15,2,Clothing,Stole,COD,,,,,
B-39995,53,1,4,Clothing,Stole,COD,,,,,
B-39996,101,38,2,Furniture,Furnishings,COD,,,,,
B-39997,262,215,2,Electronics,Printers,Debit Card,,,,,
B-39998,82,-39,5,Clothing,T-shirt,EMI,,,,,
B-39999,154,39,3,Clothing,Hankerchief,COD,,,,,
