Order ID,Order Date,CustomerName,State,City
B-26055,10-03-2018,Harivansh,Uttar Pradesh,Mathura
B-25993,03-02-2018,Madhav,Delhi,Delhi
B-25973,24-01-2018,Madan Mohan,Uttar Pradesh,Mathura
B-25923,27-12-2018,Gopal,Maharashtra,Mumbai
B-25757,21-08-2018,Vishakha,Madhya Pradesh,Indore
B-25967,21-01-2018,Sudevi,Uttar Pradesh,Prayagraj
B-25955,16-01-2018,Shiva,Maharashtra,Pune
B-26093,27-03-2018,Sarita,Maharashtra,Pune
B-25798,01-10-2018,Shishu,Andhra Pradesh,Hyderabad
B-25602,01-04-2018,Vrinda,Maharashtra,Pune
B-25858,13-11-2018,Uudhav,Maharashtra,Mumbai
B-25969,21-01-2018,Shreyshi,Gujarat,Surat
B-26099,30-03-2018,Bhishm,Maharashtra,Mumbai
B-25997,04-02-2018,Yogesh,Maharashtra,Pune
B-25881,25-11-2018,Lalita,Uttar Pradesh,Mathura
B-25761,25-08-2018,Madhav,Uttar Pradesh,Mathura
B-25887,01-12-2018,Vishakha,Uttar Pradesh,Prayagraj
B-25823,18-10-2018,Rohan,Maharashtra,Mumbai
B-25853,08-11-2018,Gaurav,Gujarat,Ahmedabad
B-25862,15-11-2018,Amol,Bihar,Patna
B-25830,26-10-2018,Aastha,Himachal Pradesh,Simla
B-25786,19-09-2018,Madan Mohan,Uttar Pradesh,Mathura
B-25686,11-06-2018,Pooja,Himachal Pradesh,Simla
B-26022,18-02-2018,Shrichand,Punjab,Chandigarh
B-26003,08-02-2018,Hitesh,Madhya Pradesh,Bhopal
B-25755,19-08-2018,Shourya,Kerala ,Thiruvananthapuram
B-25902,10-12-2018,Ishpreet,Maharashtra,Mumbai
B-25935,04-01-2018,Sudhir,Nagaland,Kohima
B-25797,30-09-2018,Sauptik,Madhya Pradesh,Indore
B-25639,27-04-2018,Lisha,Madhya Pradesh,Bhopal
B-25681,04-06-2018,Bhawna,Madhya Pradesh,Indore
B-25909,13-12-2018,Sujay,Maharashtra,Pune
B-25910,14-12-2018,Jay,Delhi,Delhi
B-25950,13-01-2018,Shruti,Madhya Pradesh,Indore
B-25613,12-04-2018,Mohan,Haryana,Chandigarh
B-25919,23-12-2018,Neha,Rajasthan,Udaipur
B-25768,01-09-2018,Shreyoshe,Karnataka,Bangalore
B-25629,24-04-2018,Hemant,Kerala ,Thiruvananthapuram
B-25729,22-07-2018,Madhulika,Madhya Pradesh,Bhopal
B-25943,09-01-2018,Shardul,Gujarat,Ahmedabad
B-25842,02-11-2018,Sheetal,Maharashtra,Pune
B-26073,21-03-2018,Pournamasi,Madhya Pradesh,Indore
B-25778,11-09-2018,Surabhi,Maharashtra,Mumbai
B-25717,12-07-2018,Manshul,Uttar Pradesh,Lucknow
B-26085,26-03-2018,Shrichand,Punjab,Chandigarh
B-26048,04-03-2018,Parth,Maharashtra,Pune
B-25793,24-09-2018,Siddharth,Madhya Pradesh,Indore
B-25656,11-05-2018,Priyanka,Maharashtra,Pune
B-25608,08-04-2018,Aarushi,Tamil Nadu,Chennai
B-25752,14-08-2018,Vaibhav,Madhya Pradesh,Indore
B-25779,12-09-2018,Savi,Maharashtra,Pune
B-25603,03-04-2018,Jahan,Madhya Pradesh,Bhopal
B-26051,07-03-2018,Parishi,West Bengal,Kolkata
B-25653,08-05-2018,Farah,Nagaland,Kohima
B-25855,08-11-2018,Abhijeet,Madhya Pradesh,Bhopal
B-25762,26-08-2018,Anudeep,Madhya Pradesh,Indore
B-25995,04-02-2018,Yohann,Delhi,Delhi
B-25929,02-01-2018,Girase,Kerala ,Thiruvananthapuram
B-26006,09-02-2018,Arpita,Karnataka,Bangalore
B-25697,22-06-2018,Vijay,Jammu and Kashmir,Kashmir
B-25836,29-10-2018,Arti,Maharashtra,Pune
B-25601,01-04-2018,Bharat,Gujarat,Ahmedabad
B-25873,23-11-2018,Divyeta,Madhya Pradesh,Indore
B-26028,20-02-2018,Manju,Andhra Pradesh,Hyderabad
B-25964,20-01-2018,Oshin,Maharashtra,Pune
B-25676,01-06-2018,Chandni,Rajasthan,Jaipur
B-25839,30-10-2018,Pranjali,West Bengal,Kolkata
B-25894,04-12-2018,Monu,Punjab,Amritsar
B-25925,29-12-2018,Shruti,Maharashtra,Mumbai
B-25953,14-01-2018,Krutika,Andhra Pradesh,Hyderabad
B-25772,02-09-2018,Sanjana,Bihar,Patna
B-25957,18-01-2018,Mahima,Madhya Pradesh,Indore
B-25730,22-07-2018,Rishabh,Rajasthan,Jaipur
B-25877,24-11-2018,Dashyam,Gujarat,Surat
B-26067,16-03-2018,Tulika,Madhya Pradesh,Bhopal
B-25810,10-10-2018,Nripraj,Punjab,Chandigarh
B-25868,18-11-2018,Vikash,Goa,Goa
B-26023,19-02-2018,Mukesh,Haryana,Chandigarh
B-25626,23-04-2018,Bhishm,Maharashtra,Mumbai
B-25937,05-01-2018,Ankit,Haryana,Chandigarh
B-25610,09-04-2018,Yogesh,Bihar,Patna
B-25777,10-09-2018,Aditi,Madhya Pradesh,Indore
B-25738,02-08-2018,Ayush,Punjab,Chandigarh
B-25978,27-01-2018,Parin,Maharashtra,Mumbai
B-25643,29-04-2018,Kirti,Jammu and Kashmir,Kashmir
B-25728,22-07-2018,Ameesha,Maharashtra,Pune
B-25749,13-08-2018,Ayush,Maharashtra,Mumbai
B-25667,23-05-2018,Anjali,Haryana,Chandigarh
B-25657,13-05-2018,Tulika,Madhya Pradesh,Bhopal
B-25753,17-08-2018,Shivam,Uttar Pradesh,Lucknow
B-26061,14-03-2018,Anurag,Madhya Pradesh,Indore
B-25838,29-10-2018,Sanjana,Madhya Pradesh,Indore
B-25702,27-06-2018,Shaily,Maharashtra,Mumbai
B-25952,13-01-2018,Priyanka,Madhya Pradesh,Indore
B-25666,22-05-2018,Tanvi,Punjab,Chandigarh
B-25675,31-05-2018,Shreya,Madhya Pradesh,Bhopal
B-25650,06-05-2018,Chirag,Maharashtra,Mumbai
B-25986,31-01-2018,Shweta,Rajasthan,Udaipur
B-25850,05-11-2018,Abhishek,Goa,Goa
B-25898,07-12-2018,Abhishek,Rajasthan,Udaipur
B-25813,10-10-2018,Hrisheekesh,Maharashtra,Mumbai
B-25825,21-10-2018,Kartik,Madhya Pradesh,Indore
B-25954,14-01-2018,Trupti,Gujarat,Ahmedabad
B-25696,21-06-2018,Noopur,Karnataka,Bangalore
B-25638,26-04-2018,Parth,Maharashtra,Pune
B-25747,11-08-2018,Harsh,Madhya Pradesh,Bhopal
B-25904,10-12-2018,Swapnil,Delhi,Delhi
B-25852,07-11-2018,Soumyabrata,Andhra Pradesh,Hyderabad
B-25981,28-01-2018,Amruta,Delhi,Delhi
B-25899,08-12-2018,Aishwarya,Uttar Pradesh,Prayagraj
B-25870,20-11-2018,Pranav,Andhra Pradesh,Hyderabad
B-26040,26-02-2018,Sahil,Punjab,Chandigarh
B-25671,27-05-2018,Mitali,Nagaland,Kohima
B-26100,31-03-2018,Hitika,Madhya Pradesh,Indore
B-25651,07-05-2018,Anurag,Madhya Pradesh,Indore
B-25968,21-01-2018,Paromita,Punjab,Amritsar
B-26019,15-02-2018,Jitesh,Uttar Pradesh,Lucknow
B-25664,20-05-2018,Pratyusmita,Bihar,Patna
B-26033,22-02-2018,Atharv,West Bengal,Kolkata
B-26052,08-03-2018,Ajay,Karnataka,Bangalore
B-25999,05-02-2018,Diwakar,Delhi,Delhi
B-25781,14-09-2018,Rutuja,Gujarat,Ahmedabad
B-25764,28-08-2018,Sanjova,Maharashtra,Pune
B-25803,05-10-2018,Shivanshu,Madhya Pradesh,Indore
B-25945,11-01-2018,Mhatre,Madhya Pradesh,Indore
B-26086,26-03-2018,Mukesh,Haryana,Chandigarh
B-25845,03-11-2018,Snel,Kerala ,Thiruvananthapuram
B-25817,13-10-2018,Praneet,Maharashtra,Mumbai
B-25951,13-01-2018,Jesal,West Bengal,Kolkata
B-25970,22-01-2018,Rhea,Maharashtra,Mumbai
B-25878,24-11-2018,Mrinal,Maharashtra,Mumbai
B-26057,10-03-2018,Sharda,Kerala ,Thiruvananthapuram
B-25885,28-11-2018,Shatayu,Madhya Pradesh,Indore
B-25897,06-12-2018,Rohan,Madhya Pradesh,Indore
B-25756,20-08-2018,Mohan,Maharashtra,Mumbai
B-25859,14-11-2018,Chikku,Madhya Pradesh,Indore
B-25691,16-06-2018,Akancha,Maharashtra,Mumbai
B-25633,26-04-2018,Amit,Sikkim,Gangtok
B-25708,01-07-2018,Kishwar,Madhya Pradesh,Indore
B-25831,27-10-2018,Mahima,Sikkim,Gangtok
B-25856,10-11-2018,Abhijeet,Maharashtra,Mumbai
B-25893,04-12-2018,Vrinda,Uttar Pradesh,Mathura
B-25959,18-01-2018,Muskan,Madhya Pradesh,Indore
B-26000,06-02-2018,Shubham,Delhi,Delhi
B-26097,28-03-2018,Vini,Karnataka,Bangalore
B-25745,09-08-2018,Kartik,Gujarat,Ahmedabad
B-25974,25-01-2018,Manisha,Rajasthan,Udaipur
B-25670,25-05-2018,Charika,Goa,Goa
B-25848,03-11-2018,Rohan,Himachal Pradesh,Simla
B-25888,02-12-2018,Rohan,Punjab,Amritsar
B-25942,08-01-2018,Ankur,Andhra Pradesh,Hyderabad
B-25847,03-11-2018,Aniket,Haryana,Chandigarh
B-25636,26-04-2018,Nishi,Maharashtra,Mumbai
B-25826,22-10-2018,Tanushree,Maharashtra,Mumbai
B-26081,22-03-2018,Aarushi,Tamil Nadu,Chennai
B-25625,23-04-2018,Pinky,Jammu and Kashmir,Kashmir
B-25802,05-10-2018,Yash,Maharashtra,Mumbai
B-25693,18-06-2018,Parna,Madhya Pradesh,Bhopal
B-25796,24-09-2018,Sukrith,Maharashtra,Mumbai
B-25806,06-10-2018,Dhanraj,Madhya Pradesh,Indore
B-25710,05-07-2018,Megha,Maharashtra,Pune
B-25669,25-05-2018,Piyali,Sikkim,Gangtok
B-25857,10-11-2018,Anand,Madhya Pradesh,Indore
B-25785,15-09-2018,Ayush,West Bengal,Kolkata
B-25930,03-01-2018,Monica,Punjab,Chandigarh
B-26053,09-03-2018,Kirti,Jammu and Kashmir,Kashmir
B-26070,18-03-2018,Shruti,Karnataka,Bangalore
B-25791,24-09-2018,Avish,Kerala ,Thiruvananthapuram
B-25983,30-01-2018,Atul,Delhi,Delhi
B-25979,27-01-2018,Shivangi,Madhya Pradesh,Indore
B-26054,10-03-2018,Mayank,Maharashtra,Mumbai
B-26078,22-03-2018,Kasheen,West Bengal,Kolkata
B-25787,20-09-2018,Asish,Jammu and Kashmir,Kashmir
B-25682,07-06-2018,Krutika,Bihar,Patna
B-25962,19-01-2018,Tejeswini,Maharashtra,Pune
B-25750,14-08-2018,Priyanshu,Madhya Pradesh,Indore
B-25828,24-10-2018,Nikita,Punjab,Chandigarh
B-25622,22-04-2018,Monisha,Rajasthan,Jaipur
B-25751,14-08-2018,Nishant,Maharashtra,Mumbai
B-25685,10-06-2018,Sheetal,Madhya Pradesh,Indore
B-26010,11-02-2018,Kartikay,Bihar,Patna
B-26035,23-02-2018,Pinky,Jammu and Kashmir,Kashmir
B-25698,23-06-2018,Amisha,Tamil Nadu,Chennai
B-25966,21-01-2018,Soumya,Rajasthan,Udaipur
B-25832,28-10-2018,Harshita,Maharashtra,Mumbai
B-25743,07-08-2018,Aman,Nagaland,Kohima
B-25886,28-11-2018,Brijesh,Rajasthan,Udaipur
B-25975,25-01-2018,Priyanka,Uttar Pradesh,Prayagraj
B-26098,29-03-2018,Pinky,Jammu and Kashmir,Kashmir
B-25614,13-04-2018,Vandana,Himachal Pradesh,Simla
B-25726,21-07-2018,Kiran,Maharashtra,Mumbai
B-26050,06-03-2018,Paridhi,Rajasthan,Jaipur
B-25609,09-04-2018,Jitesh,Uttar Pradesh,Lucknow
B-25741,03-08-2018,Navdeep,Madhya Pradesh,Indore
B-25956,17-01-2018,Shreya,Maharashtra,Mumbai
B-25689,14-06-2018,Bhaggyasree,Maharashtra,Mumbai
B-25939,05-01-2018,Vineet,Sikkim,Gangtok
B-25890,04-12-2018,Divyansha,Maharashtra,Mumbai
B-25814,10-10-2018,Swapnil,Madhya Pradesh,Indore
B-25718,12-07-2018,Anjali,Maharashtra,Mumbai
B-25914,18-12-2018,Kajal,Delhi,Delhi
B-25903,10-12-2018,Amlan,Madhya Pradesh,Indore
B-26096,28-03-2018,Atharv,West Bengal,Kolkata
B-25654,10-05-2018,Sabah,Maharashtra,Mumbai
B-26076,21-03-2018,Jahan,Madhya Pradesh,Bhopal
B-25961,18-01-2018,Surbhi,Gujarat,Ahmedabad
B-25854,08-11-2018,Shubham,Maharashtra,Pune
B-25642,28-04-2018,Ajay,Karnataka,Bangalore
B-25683,08-06-2018,Shreya,Kerala ,Thiruvananthapuram
B-26016,14-02-2018,Hazel,Karnataka,Bangalore
B-26034,23-02-2018,Vini,Karnataka,Bangalore
B-26056,10-03-2018,Sonal,Bihar,Patna
B-25819,15-10-2018,Ankur,Madhya Pradesh,Bhopal
B-25715,10-07-2018,Srishti,Jammu and Kashmir,Kashmir
B-25933,04-01-2018,Shikhar,Maharashtra,Mumbai
B-26014,13-02-2018,Divsha,Rajasthan,Jaipur
B-25655,11-05-2018,Nida,Madhya Pradesh,Indore
B-25816,12-10-2018,Mane,Andhra Pradesh,Hyderabad
B-25634,26-04-2018,Sanjay,Goa,Goa
B-25895,04-12-2018,Sathya,Gujarat,Surat
B-25687,11-06-2018,Sanjna,Maharashtra,Mumbai
B-25662,17-05-2018,Sweta,Maharashtra,Mumbai
B-25635,26-04-2018,Nidhi,Nagaland,Kohima
B-26060,13-03-2018,Chirag,Maharashtra,Mumbai
B-26045,03-03-2018,Nidhi,Nagaland,Kohima
B-25770,02-09-2018,Sakshi,Madhya Pradesh,Indore
B-25744,08-08-2018,Devendra,Andhra Pradesh,Hyderabad
B-25618,18-04-2018,Manju,Andhra Pradesh,Hyderabad
B-25958,18-01-2018,Aparajita,West Bengal,Kolkata
B-25769,02-09-2018,Surbhi,Maharashtra,Mumbai
B-25619,18-04-2018,Ramesh,Gujarat,Ahmedabad
B-25688,11-06-2018,Swetha,Madhya Pradesh,Indore
B-25829,25-10-2018,Apoorva,Haryana,Chandigarh
B-26036,23-02-2018,Bhishm,Maharashtra,Mumbai
B-25714,09-07-2018,Stuti,Karnataka,Bangalore
B-25989,01-02-2018,Anjali,Delhi,Delhi
B-25849,04-11-2018,K,Sikkim,Gangtok
B-25851,06-11-2018,Kushal,Nagaland,Kohima
B-25782,15-09-2018,Aayushi,Maharashtra,Mumbai
B-25621,20-04-2018,Deepak,Madhya Pradesh,Bhopal
B-25996,04-02-2018,Prashant,Delhi,Delhi
B-25678,03-06-2018,Bathina,Karnataka,Bangalore
B-25727,22-07-2018,Turumella,Madhya Pradesh,Indore
B-26018,14-02-2018,Aarushi,Tamil Nadu,Chennai
B-25760,24-08-2018,Pooja,Goa,Goa
B-25804,05-10-2018,Sudheer,Karnataka,Bangalore
B-25754,18-08-2018,Akshay,Bihar,Patna
B-26020,16-02-2018,Yogesh,Bihar,Patna
B-25640,27-04-2018,Paridhi,Rajasthan,Jaipur
B-25789,22-09-2018,Akshay,Uttar Pradesh,Lucknow
B-26072,20-03-2018,Sweta,Maharashtra,Mumbai
B-26007,09-02-2018,Shubham,Jammu and Kashmir,Kashmir
B-26087,26-03-2018,Vandana,Himachal Pradesh,Simla
B-25617,17-04-2018,Sagar,Nagaland,Kohima
B-25984,30-01-2018,Kajal,Delhi,Delhi
B-25767,31-08-2018,Ashmeet,West Bengal,Kolkata
B-25987,31-01-2018,Manjiri,Delhi,Delhi
B-25840,31-10-2018,Sneha,Karnataka,Bangalore
B-25663,19-05-2018,Pournamasi,Madhya Pradesh,Indore
B-26030,21-02-2018,Sarita,Maharashtra,Pune
B-25947,13-01-2018,Chetan,Gujarat,Ahmedabad
B-25896,05-12-2018,Aman,Maharashtra,Mumbai
B-26009,10-02-2018,Komal,Uttar Pradesh,Lucknow
B-25876,24-11-2018,Bhosale,Punjab,Amritsar
B-25915,19-12-2018,Sukruta,Punjab,Amritsar
B-25795,24-09-2018,Sukant,Sikkim,Gangtok
B-26002,08-02-2018,Harsh,Delhi,Delhi
B-25645,01-05-2018,Yaanvi,Madhya Pradesh,Indore
B-25837,29-10-2018,Palak,Maharashtra,Mumbai
B-25612,12-04-2018,Shrichand,Punjab,Chandigarh
B-25812,10-10-2018,Kshitij,Madhya Pradesh,Indore
B-25843,03-11-2018,Mrunal,Maharashtra,Mumbai
B-26026,19-02-2018,Kanak,Goa,Goa
B-25773,06-09-2018,Shreya,Kerala ,Thiruvananthapuram
B-25875,24-11-2018,Divyeshkumar,Uttar Pradesh,Prayagraj
B-25660,16-05-2018,Shruti,Karnataka,Bangalore
B-25918,22-12-2018,Karandeep,Madhya Pradesh,Indore
B-25971,22-01-2018,Mitali,Madhya Pradesh,Indore
B-26063,15-03-2018,Farah,Nagaland,Kohima
B-25867,17-11-2018,Ankit,Sikkim,Gangtok
B-25703,28-06-2018,Ekta,Madhya Pradesh,Indore
B-25661,17-05-2018,Subhashree,Jammu and Kashmir,Kashmir
B-25748,12-08-2018,Nitant,Rajasthan,Jaipur
B-25766,30-08-2018,Surabhi,Rajasthan,Jaipur
B-25861,15-11-2018,Aayush,Uttar Pradesh,Lucknow
B-26058,11-03-2018,Aditya,Punjab,Chandigarh
B-25808,08-10-2018,Apsingekar,Bihar,Patna
B-25900,09-12-2018,Anand,Punjab,Amritsar
B-26084,25-03-2018,Anita,Kerala ,Thiruvananthapuram
B-25652,08-05-2018,Tushina,Goa,Goa
B-26008,09-02-2018,Kalyani,Tamil Nadu,Chennai
B-25799,01-10-2018,Divyansh,Gujarat,Ahmedabad
B-25927,31-12-2018,Shreya,Uttar Pradesh,Lucknow
B-25985,31-01-2018,Ginny,Madhya Pradesh,Indore
B-25994,03-02-2018,Omkar,Delhi,Delhi
B-25620,20-04-2018,Sarita,Maharashtra,Pune
B-25712,07-07-2018,Adhvaita,Rajasthan,Jaipur
B-25976,25-01-2018,Piyam,Punjab,Amritsar
B-26068,16-03-2018,Shefali,Rajasthan,Jaipur
B-25721,16-07-2018,Anchal,Haryana,Chandigarh
B-25863,15-11-2018,Manibalan,Kerala ,Thiruvananthapuram
B-25991,03-02-2018,Mansi,Madhya Pradesh,Indore
B-25737,01-08-2018,Shubham,Madhya Pradesh,Indore
B-26043,01-03-2018,Amit,Sikkim,Gangtok
B-25977,27-01-2018,Aayushi,Gujarat,Surat
B-25908,12-12-2018,Pradeep,Delhi,Delhi
B-25941,07-01-2018,Jaideep,Nagaland,Kohima
B-25794,24-09-2018,Aditya,Himachal Pradesh,Simla
B-26041,27-02-2018,Ritu,Haryana,Chandigarh
B-25695,18-06-2018,Suhani,West Bengal,Kolkata
B-25960,18-01-2018,Shreya,Andhra Pradesh,Hyderabad
B-26037,23-02-2018,Hitika,Madhya Pradesh,Indore
B-25921,25-12-2018,Sandra,Punjab,Amritsar
B-25944,10-01-2018,Syed,Maharashtra,Pune
B-25724,19-07-2018,Sheetal,Madhya Pradesh,Indore
B-26024,19-02-2018,Vandana,Himachal Pradesh,Simla
B-25694,18-06-2018,Subhasmita,Rajasthan,Jaipur
B-25665,21-05-2018,Chayanika,Kerala ,Thiruvananthapuram
B-26004,08-02-2018,Nandita,Rajasthan,Jaipur
B-25611,11-04-2018,Anita,Kerala ,Thiruvananthapuram
B-25901,10-12-2018,Suraj,Gujarat,Surat
B-25623,22-04-2018,Atharv,West Bengal,Kolkata
B-25713,08-07-2018,Raksha,West Bengal,Kolkata
B-26091,27-03-2018,Manju,Andhra Pradesh,Hyderabad
B-25604,03-04-2018,Divsha,Rajasthan,Jaipur
B-25827,23-10-2018,Sheetal,Madhya Pradesh,Indore
B-25835,29-10-2018,Moumita,Gujarat,Ahmedabad
B-26025,19-02-2018,Bhavna,Sikkim,Gangtok
B-25809,09-10-2018,Suman,Kerala ,Thiruvananthapuram
B-25905,11-12-2018,Bhargav,Delhi,Delhi
B-25948,13-01-2018,Mukund,Maharashtra,Pune
B-26094,27-03-2018,Deepak,Madhya Pradesh,Bhopal
B-25949,13-01-2018,Shantanu,Maharashtra,Mumbai
B-26001,07-02-2018,Patil,Delhi,Delhi
B-25771,02-09-2018,Vaibhavi,Uttar Pradesh,Lucknow
B-25659,15-05-2018,Sanskriti,West Bengal,Kolkata
B-25924,28-12-2018,Prajakta,Karnataka,Bangalore
B-25883,27-11-2018,Saptadeep,Gujarat,Surat
B-25946,12-01-2018,Saurabh,Andhra Pradesh,Hyderabad
B-26065,16-03-2018,Nida,Madhya Pradesh,Indore
B-26083,24-03-2018,Yogesh,Bihar,Patna
B-25725,20-07-2018,Anisha,Nagaland,Kohima
B-25630,24-04-2018,Sahil,Punjab,Chandigarh
B-25673,28-05-2018,Arsheen,Gujarat,Ahmedabad
B-25692,17-06-2018,Rashmi,Madhya Pradesh,Indore
B-25992,03-02-2018,Gaurav,Rajasthan,Udaipur
B-25765,29-08-2018,Meghana,Madhya Pradesh,Bhopal
B-25892,04-12-2018,Aditi,Rajasthan,Udaipur
B-26089,26-03-2018,Kanak,Goa,Goa
B-25780,13-09-2018,Teena,Andhra Pradesh,Hyderabad
B-25684,09-06-2018,Samiksha,Maharashtra,Mumbai
B-25739,03-08-2018,Daksh,Haryana,Chandigarh
B-25731,26-07-2018,Akash,West Bengal,Kolkata
B-25648,04-05-2018,Aditya,Punjab,Chandigarh
B-26038,24-02-2018,Pooja,Bihar,Patna
B-25700,25-06-2018,Shubhi,Maharashtra,Mumbai
B-26015,14-02-2018,Kasheen,West Bengal,Kolkata
B-25704,29-06-2018,Riya,Maharashtra,Mumbai
B-25811,10-10-2018,Utsav,Maharashtra,Mumbai
B-25821,16-10-2018,Ajay,West Bengal,Kolkata
B-25874,24-11-2018,Megha,Rajasthan,Udaipur
B-25668,24-05-2018,Rhea,Himachal Pradesh,Simla
B-25800,01-10-2018,Ishit,Maharashtra,Pune
B-25928,01-01-2018,Smriti,Bihar,Patna
B-26021,17-02-2018,Anita,Kerala ,Thiruvananthapuram
B-26064,16-03-2018,Ankita,Maharashtra,Mumbai
B-25882,26-11-2018,Masurkar,Punjab,Amritsar
B-25891,04-12-2018,Shivani,Madhya Pradesh,Indore
B-25820,16-10-2018,Dheeraj,Rajasthan,Jaipur
B-25889,03-12-2018,Abhishek,Gujarat,Surat
B-25871,21-11-2018,Gunjal,Gujarat,Surat
B-25637,26-04-2018,Ashmi,Madhya Pradesh,Indore
B-25616,15-04-2018,Kanak,Goa,Goa
B-25972,23-01-2018,Jesslyn,Rajasthan,Udaipur
B-25805,05-10-2018,Ankit,Maharashtra,Mumbai
B-25860,15-11-2018,Akshay,Tamil Nadu,Chennai
B-26080,22-03-2018,Sonakshi,Jammu and Kashmir,Kashmir
B-25807,07-10-2018,Vipul,Uttar Pradesh,Lucknow
B-25734,29-07-2018,Pranav,Madhya Pradesh,Indore
B-25880,24-11-2018,Apoorv,Rajasthan,Udaipur
B-25934,04-01-2018,Rahul,Madhya Pradesh,Indore
B-25913,17-12-2018,Geetanjali,Delhi,Delhi
B-25912,16-12-2018,Preksha,Delhi,Delhi
B-25824,20-10-2018,Shyam,Madhya Pradesh,Indore
B-25711,06-07-2018,Sakshi,Madhya Pradesh,Bhopal
B-25864,15-11-2018,Aromal,Maharashtra,Mumbai
B-25917,21-12-2018,Sanjay,Maharashtra,Mumbai
B-26049,05-03-2018,Lisha,Madhya Pradesh,Bhopal
B-25920,24-12-2018,Jayanti,Uttar Pradesh,Prayagraj
B-25699,24-06-2018,Kritika,Uttar Pradesh,Lucknow
B-25735,30-07-2018,Arindam,Uttar Pradesh,Lucknow
B-25701,26-06-2018,Maithilee,Madhya Pradesh,Indore
B-26092,27-03-2018,Ramesh,Gujarat,Ahmedabad
B-26082,23-03-2018,Jitesh,Uttar Pradesh,Lucknow
B-25818,14-10-2018,Sandeep,Madhya Pradesh,Indore
B-25846,03-11-2018,Soodesh,Punjab,Chandigarh
B-26011,12-02-2018,Bharat,Gujarat,Ahmedabad
B-25631,24-04-2018,Ritu,Haryana,Chandigarh
B-25606,06-04-2018,Hazel,Karnataka,Bangalore
B-25746,10-08-2018,Shivam,Maharashtra,Pune
B-26005,08-02-2018,Parnavi,West Bengal,Kolkata
B-25844,03-11-2018,Swati,Madhya Pradesh,Indore
B-25869,19-11-2018,Parakh,Nagaland,Kohima
B-26066,16-03-2018,Priyanka,Maharashtra,Pune
B-25865,15-11-2018,Arun,Madhya Pradesh,Indore
B-26039,25-02-2018,Hemant,Kerala ,Thiruvananthapuram
B-25916,20-12-2018,Utkarsh,Gujarat,Surat
B-26090,27-03-2018,Sagar,Nagaland,Kohima
B-25988,31-01-2018,Nirja,Delhi,Delhi
B-25906,11-12-2018,Abhijit,Delhi,Delhi
B-26017,14-02-2018,Sonakshi,Jammu and Kashmir,Kashmir
B-25644,30-04-2018,Mayank,Maharashtra,Mumbai
B-25679,04-06-2018,Avni,Maharashtra,Mumbai
B-25723,18-07-2018,Wale,Maharashtra,Mumbai
B-25605,05-04-2018,Kasheen,West Bengal,Kolkata
B-25792,24-09-2018,Abhishek,Maharashtra,Mumbai
B-25680,04-06-2018,Aayushi,Madhya Pradesh,Indore
B-25931,04-01-2018,Sidharth,Maharashtra,Mumbai
B-25932,04-01-2018,Bhutekar,Madhya Pradesh,Indore
B-25990,02-02-2018,Mugdha,Delhi,Delhi
B-25615,15-04-2018,Bhavna,Sikkim,Gangtok
B-26031,22-02-2018,Deepak,Madhya Pradesh,Bhopal
B-25801,01-10-2018,Aryan,Madhya Pradesh,Bhopal
B-25833,29-10-2018,Krishna,Madhya Pradesh,Indore
B-26077,22-03-2018,Divsha,Rajasthan,Jaipur
B-25936,05-01-2018,Nikhil,Punjab,Chandigarh
B-25938,05-01-2018,Shikhar,Himachal Pradesh,Simla
B-25716,11-07-2018,Surabhi,Tamil Nadu,Chennai
B-25740,03-08-2018,Rane,Maharashtra,Mumbai
B-25763,27-08-2018,Noshiba,Gujarat,Ahmedabad
B-25872,22-11-2018,Saurabh,Maharashtra,Mumbai
B-25879,24-11-2018,Siddharth,Madhya Pradesh,Indore
B-25926,30-12-2018,Dipali,Madhya Pradesh,Indore
B-26074,21-03-2018,Bharat,Gujarat,Ahmedabad
B-25627,23-04-2018,Hitika,Madhya Pradesh,Indore
B-25940,06-01-2018,Vivek,Goa,Goa
B-26047,04-03-2018,Ashmi,Madhya Pradesh,Indore
B-26069,17-03-2018,Sanskriti,West Bengal,Kolkata
B-26027,20-02-2018,Sagar,Nagaland,Kohima
B-25963,19-01-2018,Pratiksha,Maharashtra,Mumbai
B-25922,26-12-2018,Akshata,Gujarat,Surat
B-25866,16-11-2018,Komal,Himachal Pradesh,Simla
B-25607,06-04-2018,Sonakshi,Jammu and Kashmir,Kashmir
B-25775,08-09-2018,Duhita,Haryana,Chandigarh
B-25998,04-02-2018,Anmol,Rajasthan,Udaipur
B-26062,15-03-2018,Tushina,Goa,Goa
B-25722,17-07-2018,Inderpreet,Himachal Pradesh,Simla
B-25776,09-09-2018,Mousam,Maharashtra,Mumbai
B-26032,22-02-2018,Monisha,Rajasthan,Jaipur
B-25705,30-06-2018,Shweta,Madhya Pradesh,Indore
B-25628,24-04-2018,Pooja,Bihar,Patna
B-25733,28-07-2018,Dhirajendu,Maharashtra,Mumbai
B-25647,03-05-2018,Sharda,Kerala ,Thiruvananthapuram
B-25790,23-09-2018,Sajal,Bihar,Patna
B-25709,01-07-2018,Aakanksha,Madhya Pradesh,Indore
B-25911,15-12-2018,Phalguni,Madhya Pradesh,Bhopal
B-25774,07-09-2018,Snehal,Punjab,Chandigarh
B-26042,28-02-2018,Manish,Himachal Pradesh,Simla
B-25815,10-10-2018,Harsh,Nagaland,Kohima
B-25822,18-10-2018,Tejas,Karnataka,Bangalore
B-26075,21-03-2018,Pearl,Maharashtra,Pune
B-25783,15-09-2018,Shivangi,Madhya Pradesh,Indore
B-26046,04-03-2018,Nishi,Maharashtra,Mumbai
B-25690,15-06-2018,Gunjan,Madhya Pradesh,Indore
B-25706,01-07-2018,Swetlana,Goa,Goa
B-25736,31-07-2018,Akshat,Maharashtra,Mumbai
B-25720,15-07-2018,Namrata,Punjab,Chandigarh
B-25907,11-12-2018,Jaydeep,Madhya Pradesh,Bhopal
B-25719,12-07-2018,Rashmi,Madhya Pradesh,Indore
B-26013,13-02-2018,Jahan,Madhya Pradesh,Bhopal
B-26044,02-03-2018,Sanjay,Goa,Goa
B-25649,05-05-2018,Rachna,Haryana,Chandigarh
B-25658,14-05-2018,Shefali,Rajasthan,Jaipur
B-25672,28-05-2018,Akanksha,Andhra Pradesh,Hyderabad
B-25624,22-04-2018,Vini,Karnataka,Bangalore
B-25884,28-11-2018,Sumeet,Maharashtra,Mumbai
B-25641,27-04-2018,Parishi,West Bengal,Kolkata
B-25841,01-11-2018,Ashvini,Maharashtra,Mumbai
B-25980,27-01-2018,Shweta,Rajasthan,Udaipur
B-26012,13-02-2018,Pearl,Maharashtra,Pune
B-26029,20-02-2018,Ramesh,Gujarat,Ahmedabad
B-26071,19-03-2018,Subhashree,Jammu and Kashmir,Kashmir
B-25646,01-05-2018,Sonal,Bihar,Patna
B-25677,02-06-2018,Ekta,West Bengal,Kolkata
B-25759,23-08-2018,Soumya,Sikkim,Gangtok
B-26059,12-03-2018,Rachna,Haryana,Chandigarh
B-25632,25-04-2018,Manish,Himachal Pradesh,Simla
B-26079,22-03-2018,Hazel,Karnataka,Bangalore
B-25674,28-05-2018,Mahima,Maharashtra,Pune
B-25965,21-01-2018,Saloni,West Bengal,Kolkata
B-25732,27-07-2018,Anubhaw,Karnataka,Bangalore
B-25834,29-10-2018,Ananya,Andhra Pradesh,Hyderabad
B-25784,15-09-2018,Rohit,Rajasthan,Jaipur
B-25982,29-01-2018,Hemangi,Delhi,Delhi
B-25788,21-09-2018,Dinesh,Tamil Nadu,Chennai
B-25742,03-08-2018,Ashwin,Goa,Goa
B-26088,26-03-2018,Bhavna,Sikkim,Gangtok
B-25707,01-07-2018,Shivani,Maharashtra,Mumbai
B-25758,22-08-2018,Shubham,Himachal Pradesh,Simla
B-26095,28-03-2018,Monisha,Rajasthan,Jaipur
B-31775,11-05-2018,Nida Kumar,Madhya Pradesh,Indore
B-31776,12-03-2018,Rachna Patil,Haryana,Chandigarh
B-31777,13-01-2018,Priyanka Rao,Madhya Pradesh,Indore
B-31778,09-06-2018,Samiksha Kumar,Maharashtra,Mumbai
B-31779,16-05-2018,Shruti Singh,Karnataka,Bangalore
B-31780,22-03-2018,Divsha Kumar,Rajasthan,Jaipur
B-31781,22-04-2018,Monisha Jain,Rajasthan,Jaipur
B-31782,15-11-2018,Akshay Patil,Tamil Nadu,Chennai
B-31783,25-01-2018,Manisha Patil,Rajasthan,Udaipur
B-31784,01-07-2018,Shivani Sharma,Maharashtra,Mumbai
B-31785,26-04-2018,Ashmi Sharma,Madhya Pradesh,Indore
B-31786,26-04-2018,Parth Rao,Maharashtra,Pune
B-31787,08-07-2018,Raksha Singh,West Bengal,Kolkata
B-31788,22-03-2018,Hazel,Karnataka,Bangalore
B-31789,03-06-2018,Bathina,Karnataka,Bangalore
B-31790,08-02-2018,Parnavi Rao,West Bengal,Kolkata
B-31791,27-02-2018,Ritu,Haryana,Chandigarh
B-31792,06-11-2018,Kushal Rao,Nagaland,Kohima
B-31793,14-01-2018,Trupti Sharma,Gujarat,Ahmedabad
B-31794,26-04-2018,Amit Sharma,Sikkim,Gangtok
B-31795,13-03-2018,Chirag Sharma,Maharashtra,Mumbai
B-31796,27-01-2018,Shweta Kumar,Rajasthan,Udaipur
B-31797,30-12-2018,Dipali,Madhya Pradesh,Indore
B-31798,23-06-2018,Amisha Sharma,Tamil Nadu,Chennai
B-31799,02-03-2018,Sanjay Jain,Goa,Goa
B-31800,24-12-2018,Jayanti Kumar,Uttar Pradesh,Prayagraj
B-31801,02-02-2018,Mugdha Sharma,Delhi,Delhi
B-31802,16-11-2018,Komal Patil,Himachal Pradesh,Simla
B-31803,16-03-2018,Nida Kumar,Madhya Pradesh,Indore
B-31804,15-09-2018,Aayushi Kumar,Maharashtra,Mumbai
B-31805,21-06-2018,Noopur Rao,Karnataka,Bangalore
B-31806,22-07-2018,Madhulika Rao,Madhya Pradesh,Bhopal
B-31807,27-01-2018,Aayushi,Gujarat,Surat
B-31808,28-11-2018,Shatayu Patil,Madhya Pradesh,Indore
B-31809,15-02-2018,Jitesh Sharma,Uttar Pradesh,Lucknow
B-31810,08-07-2018,Raksha Jain,West Bengal,Kolkata
B-31811,06-12-2018,Rohan Sharma,Madhya Pradesh,Indore
B-31812,03-12-2018,Abhishek Singh,Gujarat,Surat
B-31813,27-12-2018,Gopal Sharma,Maharashtra,Mumbai
B-31814,30-09-2018,Sauptik Patil,Madhya Pradesh,Indore
B-31815,09-08-2018,Kartik,Gujarat,Ahmedabad
B-31816,18-06-2018,Suhani Patil,West Bengal,Kolkata
B-31817,05-11-2018,Abhishek Singh,Goa,Goa
B-31818,23-09-2018,Sajal Singh,Bihar,Patna
B-31819,21-11-2018,Gunjal Sharma,Gujarat,Surat
B-31820,27-11-2018,Saptadeep,Gujarat,Surat
B-31821,13-01-2018,Shruti Patil,Madhya Pradesh,Indore
B-31822,06-11-2018,Kushal Jain,Nagaland,Kohima
B-31823,14-11-2018,Chikku Patil,Madhya Pradesh,Indore
B-31824,19-02-2018,Bhavna Jain,Sikkim,Gangtok
B-31825,08-02-2018,Parnavi Patil,West Bengal,Kolkata
B-31826,23-10-2018,Sheetal Rao,Madhya Pradesh,Indore
B-31827,02-08-2018,Ayush Jain,Punjab,Chandigarh
B-31828,18-01-2018,Mahima Singh,Madhya Pradesh,Indore
B-31829,10-11-2018,Anand Jain,Madhya Pradesh,Indore
B-31830,20-09-2018,Asish Kumar,Jammu and Kashmir,Kashmir
B-31831,25-03-2018,Anita Jain,Kerala ,Thiruvananthapuram
B-31832,28-11-2018,Shatayu Sharma,Madhya Pradesh,Indore
B-31833,06-05-2018,Chirag,Maharashtra,Mumbai
B-31834,16-07-2018,Anchal Sharma,Haryana,Chandigarh
B-31835,26-08-2018,Anudeep Jain,Madhya Pradesh,Indore
B-31836,14-02-2018,Kasheen Jain,West Bengal,Kolkata
B-31837,02-08-2018,Ayush Jain,Punjab,Chandigarh
B-31838,12-07-2018,Anjali Singh,Maharashtra,Mumbai
B-31839,08-10-2018,Apsingekar Patil,Bihar,Patna
B-31840,27-04-2018,Parishi Rao,West Bengal,Kolkata
B-31841,22-04-2018,Vini Rao,Karnataka,Bangalore
B-31842,04-05-2018,Aditya Singh,Punjab,Chandigarh
B-31843,08-09-2018,Duhita Rao,Haryana,Chandigarh
B-31844,18-01-2018,Surbhi Kumar,Gujarat,Ahmedabad
B-31845,13-03-2018,Chirag Kumar,Maharashtra,Mumbai
B-31846,12-12-2018,Pradeep Singh,Delhi,Delhi
B-31847,31-10-2018,Sneha Sharma,Karnataka,Bangalore
B-31848,20-02-2018,Ramesh Rao,Gujarat,Ahmedabad
B-31849,28-11-2018,Sumeet Patil,Maharashtra,Mumbai
B-31850,01-08-2018,Shubham Kumar,Madhya Pradesh,Indore
B-31851,28-11-2018,Brijesh Sharma,Rajasthan,Udaipur
B-31852,27-04-2018,Paridhi Sharma,Rajasthan,Jaipur
B-31853,02-11-2018,Sheetal Sharma,Maharashtra,Pune
B-31854,01-06-2018,Chandni Jain,Rajasthan,Jaipur
B-31855,28-06-2018,Ekta Singh,Madhya Pradesh,Indore
B-31856,24-01-2018,Madan Mohan Rao,Uttar Pradesh,Mathura
B-31857,29-10-2018,Moumita Patil,Gujarat,Ahmedabad
B-31858,11-04-2018,Anita,Kerala ,Thiruvananthapuram
B-31859,25-08-2018,Madhav Rao,Uttar Pradesh,Mathura
B-31860,24-02-2018,Pooja Rao,Bihar,Patna
B-31861,11-07-2018,Surabhi Kumar,Tamil Nadu,Chennai
B-31862,30-12-2018,Dipali Singh,Madhya Pradesh,Indore
B-31863,19-07-2018,Sheetal Kumar,Madhya Pradesh,Indore
B-31864,09-09-2018,Mousam Rao,Maharashtra,Mumbai
B-31865,01-08-2018,Shubham Patil,Madhya Pradesh,Indore
B-31866,29-12-2018,Shruti Sharma,Maharashtra,Mumbai
B-31867,10-03-2018,Sonal Patil,Bihar,Patna
B-31868,03-04-2018,Jahan Singh,Madhya Pradesh,Bhopal
B-31869,04-02-2018,Prashant,Delhi,Delhi
B-31870,22-03-2018,Kasheen,West Bengal,Kolkata
B-31871,22-03-2018,Sonakshi Jain,Jammu and Kashmir,Kashmir
B-31872,24-11-2018,Dashyam Sharma,Gujarat,Surat
B-31873,08-02-2018,Parnavi Jain,West Bengal,Kolkata
B-31874,29-10-2018,Arti Patil,Maharashtra,Pune
B-31875,18-08-2018,Akshay Patil,Bihar,Patna
B-31876,02-01-2018,Girase,Kerala ,Thiruvananthapuram
B-31877,12-10-2018,Mane Jain,Andhra Pradesh,Hyderabad
B-31878,02-09-2018,Vaibhavi Jain,Uttar Pradesh,Lucknow
B-31879,27-05-2018,Mitali Rao,Nagaland,Kohima
B-31880,11-12-2018,Bhargav Singh,Delhi,Delhi
B-31881,24-10-2018,Nikita Sharma,Punjab,Chandigarh
B-31882,18-02-2018,Shrichand Rao,Punjab,Chandigarh
B-31883,16-03-2018,Nida Rao,Madhya Pradesh,Indore
B-31884,18-10-2018,Rohan Kumar,Maharashtra,Mumbai
B-31885,04-06-2018,Avni Singh,Maharashtra,Mumbai
B-31886,20-10-2018,Shyam Singh,Madhya Pradesh,Indore
B-31887,14-08-2018,Priyanshu Rao,Madhya Pradesh,Indore
B-31888,31-10-2018,Sneha Jain,Karnataka,Bangalore
B-31889,27-10-2018,Mahima,Sikkim,Gangtok
B-31890,13-01-2018,Chetan Jain,Gujarat,Ahmedabad
B-31891,22-11-2018,Saurabh,Maharashtra,Mumbai
B-31892,24-11-2018,Divyeshkumar,Uttar Pradesh,Prayagraj
B-31893,12-10-2018,Mane,Andhra Pradesh,Hyderabad
B-31894,14-02-2018,Hazel,Karnataka,Bangalore
B-31895,04-03-2018,Ashmi Jain,Madhya Pradesh,Indore
B-31896,09-12-2018,Anand Rao,Punjab,Amritsar
B-31897,03-02-2018,Omkar Rao,Delhi,Delhi
B-31898,18-12-2018,Kajal Rao,Delhi,Delhi
B-31899,19-02-2018,Kanak Sharma,Goa,Goa
B-31900,22-03-2018,Hazel Kumar,Karnataka,Bangalore
B-31901,25-05-2018,Charika Kumar,Goa,Goa
B-31902,07-01-2018,Jaideep Singh,Nagaland,Kohima
B-31903,17-08-2018,Shivam Jain,Uttar Pradesh,Lucknow
B-31904,22-03-2018,Kasheen Singh,West Bengal,Kolkata
B-31905,18-06-2018,Parna Patil,Madhya Pradesh,Bhopal
B-31906,22-03-2018,Sonakshi Rao,Jammu and Kashmir,Kashmir
B-31907,19-01-2018,Tejeswini Patil,Maharashtra,Pune
B-31908,19-02-2018,Kanak Sharma,Goa,Goa
B-31909,10-12-2018,Amlan Patil,Madhya Pradesh,Indore
B-31910,16-06-2018,Akancha,Maharashtra,Mumbai
B-31911,21-08-2018,Vishakha Sharma,Madhya Pradesh,Indore
B-31912,13-08-2018,Ayush,Maharashtra,Mumbai
B-31913,08-02-2018,Parnavi Kumar,West Bengal,Kolkata
B-31914,23-03-2018,Jitesh Patil,Uttar Pradesh,Lucknow
B-31915,05-01-2018,Shikhar Rao,Himachal Pradesh,Simla
B-31916,10-10-2018,Kshitij Patil,Madhya Pradesh,Indore
B-31917,31-10-2018,Sneha Patil,Karnataka,Bangalore
B-31918,31-08-2018,Ashmeet Jain,West Bengal,Kolkata
B-31919,24-09-2018,Sukant Jain,Sikkim,Gangtok
B-31920,08-01-2018,Ankur Jain,Andhra Pradesh,Hyderabad
B-31921,18-06-2018,Parna Patil,Madhya Pradesh,Bhopal
B-31922,01-09-2018,Shreyoshe Rao,Karnataka,Bangalore
B-31923,24-11-2018,Mrinal,Maharashtra,Mumbai
B-31924,15-11-2018,Manibalan Jain,Kerala ,Thiruvananthapuram
B-31925,11-05-2018,Nida Kumar,Madhya Pradesh,Indore
B-31926,22-01-2018,Rhea Rao,Maharashtra,Mumbai
B-31927,05-07-2018,Megha,Maharashtra,Pune
B-31928,06-09-2018,Shreya Sharma,Kerala ,Thiruvananthapuram
B-31929,01-12-2018,Vishakha Sharma,Uttar Pradesh,Prayagraj
B-31930,01-02-2018,Anjali Singh,Delhi,Delhi
B-31931,30-09-2018,Sauptik Singh,Madhya Pradesh,Indore
B-31932,28-05-2018,Mahima Jain,Maharashtra,Pune
B-31933,08-12-2018,Aishwarya Jain,Uttar Pradesh,Prayagraj
B-31934,10-10-2018,Utsav Kumar,Maharashtra,Mumbai
B-31935,19-09-2018,Madan Mohan Jain,Uttar Pradesh,Mathura
B-31936,30-03-2018,Bhishm Sharma,Maharashtra,Mumbai
B-31937,28-11-2018,Sumeet Sharma,Maharashtra,Mumbai
B-31938,12-01-2018,Saurabh Sharma,Andhra Pradesh,Hyderabad
B-31939,09-02-2018,Shubham Rao,Jammu and Kashmir,Kashmir
B-31940,09-02-2018,Shubham Patil,Jammu and Kashmir,Kashmir
B-31941,21-01-2018,Soumya Jain,Rajasthan,Udaipur
B-31942,04-02-2018,Prashant,Delhi,Delhi
B-31943,04-01-2018,Bhutekar Jain,Madhya Pradesh,Indore
B-31944,15-04-2018,Bhavna Rao,Sikkim,Gangtok
B-31945,04-01-2018,Shikhar Patil,Maharashtra,Mumbai
B-31946,19-07-2018,Sheetal Sharma,Madhya Pradesh,Indore
B-31947,14-02-2018,Aarushi Jain,Tamil Nadu,Chennai
B-31948,29-07-2018,Pranav,Madhya Pradesh,Indore
B-31949,01-07-2018,Kishwar Singh,Madhya Pradesh,Indore
B-31950,17-05-2018,Sweta Kumar,Maharashtra,Mumbai
B-31951,27-03-2018,Manju Rao,Andhra Pradesh,Hyderabad
B-31952,10-10-2018,Kshitij Rao,Madhya Pradesh,Indore
B-31953,01-10-2018,Ishit Sharma,Maharashtra,Pune
B-31954,19-03-2018,Subhashree Kumar,Jammu and Kashmir,Kashmir
B-31955,28-07-2018,Dhirajendu Singh,Maharashtra,Mumbai
B-31956,10-11-2018,Anand Sharma,Madhya Pradesh,Indore
B-31957,02-01-2018,Girase Jain,Kerala ,Thiruvananthapuram
B-31958,26-08-2018,Anudeep Rao,Madhya Pradesh,Indore
B-31959,06-10-2018,Dhanraj Patil,Madhya Pradesh,Indore
B-31960,19-11-2018,Parakh Jain,Nagaland,Kohima
B-31961,09-06-2018,Samiksha Sharma,Maharashtra,Mumbai
B-31962,09-02-2018,Kalyani Patil,Tamil Nadu,Chennai
B-31963,03-08-2018,Ashwin Sharma,Goa,Goa
B-31964,26-08-2018,Anudeep Rao,Madhya Pradesh,Indore
B-31965,11-09-2018,Surabhi Kumar,Maharashtra,Mumbai
B-31966,01-06-2018,Chandni Patil,Rajasthan,Jaipur
B-31967,10-11-2018,Anand Jain,Madhya Pradesh,Indore
B-31968,08-11-2018,Abhijeet,Madhya Pradesh,Bhopal
B-31969,04-03-2018,Nishi Singh,Maharashtra,Mumbai
B-31970,13-08-2018,Ayush Rao,Maharashtra,Mumbai
B-31971,11-06-2018,Sanjna Rao,Maharashtra,Mumbai
B-31972,04-12-2018,Monu Singh,Punjab,Amritsar
B-31973,10-12-2018,Ishpreet Sharma,Maharashtra,Mumbai
B-31974,15-02-2018,Jitesh,Uttar Pradesh,Lucknow
B-31975,21-12-2018,Sanjay Sharma,Maharashtra,Mumbai
B-31976,26-04-2018,Sanjay Kumar,Goa,Goa
B-31977,10-09-2018,Aditi Rao,Madhya Pradesh,Indore
B-31978,15-11-2018,Aayush Patil,Uttar Pradesh,Lucknow
B-31979,08-02-2018,Parnavi Rao,West Bengal,Kolkata
B-31980,17-04-2018,Sagar,Nagaland,Kohima
B-31981,27-06-2018,Shaily Patil,Maharashtra,Mumbai
B-31982,11-07-2018,Surabhi Singh,Tamil Nadu,Chennai
B-31983,11-05-2018,Priyanka,Maharashtra,Pune
B-31984,23-09-2018,Sajal Patil,Bihar,Patna
B-31985,24-06-2018,Kritika Singh,Uttar Pradesh,Lucknow
B-31986,29-08-2018,Meghana,Madhya Pradesh,Bhopal
B-31987,15-11-2018,Amol Sharma,Bihar,Patna
B-31988,15-02-2018,Jitesh Patil,Uttar Pradesh,Lucknow
B-31989,02-06-2018,Ekta Sharma,West Bengal,Kolkata
B-31990,21-01-2018,Saloni Singh,West Bengal,Kolkata
B-31991,18-06-2018,Parna Kumar,Madhya Pradesh,Bhopal
B-31992,23-10-2018,Sheetal Jain,Madhya Pradesh,Indore
B-31993,04-06-2018,Bhawna Patil,Madhya Pradesh,Indore
B-31994,20-01-2018,Oshin Sharma,Maharashtra,Pune
B-31995,11-09-2018,Surabhi,Maharashtra,Mumbai
B-31996,24-09-2018,Abhishek,Maharashtra,Mumbai
B-31997,18-07-2018,Wale Sharma,Maharashtra,Mumbai
B-31998,02-09-2018,Surbhi Kumar,Maharashtra,Mumbai
B-31999,07-05-2018,Anurag Jain,Madhya Pradesh,Indore
B-32000,02-09-2018,Vaibhavi Sharma,Uttar Pradesh,Lucknow
B-32001,04-05-2018,Aditya Singh,Punjab,Chandigarh
B-32002,13-08-2018,Ayush Singh,Maharashtra,Mumbai
B-32003,22-02-2018,Monisha Kumar,Rajasthan,Jaipur
B-32004,23-09-2018,Sajal Rao,Bihar,Patna
B-32005,02-09-2018,Sanjana Patil,Bihar,Patna
B-32006,27-03-2018,Sarita Kumar,Maharashtra,Pune
B-32007,10-12-2018,Amlan Jain,Madhya Pradesh,Indore
B-32008,26-07-2018,Akash Singh,West Bengal,Kolkata
B-32009,14-12-2018,Jay Sharma,Delhi,Delhi
B-32010,31-01-2018,Nirja Singh,Delhi,Delhi
B-32011,20-01-2018,Oshin Singh,Maharashtra,Pune
B-32012,18-07-2018,Wale Jain,Maharashtra,Mumbai
B-32013,10-12-2018,Ishpreet Rao,Maharashtra,Mumbai
B-32014,14-02-2018,Sonakshi Rao,Jammu and Kashmir,Kashmir
B-32015,12-02-2018,Bharat Sharma,Gujarat,Ahmedabad
B-32016,18-12-2018,Kajal Kumar,Delhi,Delhi
B-32017,03-11-2018,Aniket Kumar,Haryana,Chandigarh
B-32018,03-02-2018,Gaurav Singh,Rajasthan,Udaipur
B-32019,28-10-2018,Harshita,Maharashtra,Mumbai
B-32020,18-01-2018,Aparajita Sharma,West Bengal,Kolkata
B-32021,07-12-2018,Abhishek Jain,Rajasthan,Udaipur
B-32022,10-03-2018,Mayank Jain,Maharashtra,Mumbai
B-32023,04-05-2018,Aditya Kumar,Punjab,Chandigarh
B-32024,09-02-2018,Arpita Patil,Karnataka,Bangalore
B-32025,20-02-2018,Manju Jain,Andhra Pradesh,Hyderabad
B-32026,08-02-2018,Parnavi Sharma,West Bengal,Kolkata
B-32027,15-04-2018,Bhavna Sharma,Sikkim,Gangtok
B-32028,24-11-2018,Mrinal Kumar,Maharashtra,Mumbai
B-32029,28-11-2018,Sumeet Kumar,Maharashtra,Mumbai
B-32030,21-01-2018,Soumya,Rajasthan,Udaipur
B-32031,29-01-2018,Hemangi Patil,Delhi,Delhi
B-32032,29-01-2018,Hemangi Singh,Delhi,Delhi
B-32033,25-06-2018,Shubhi Rao,Maharashtra,Mumbai
B-32034,20-04-2018,Deepak,Madhya Pradesh,Bhopal
B-32035,24-04-2018,Hemant Patil,Kerala ,Thiruvananthapuram
B-32036,12-07-2018,Rashmi Jain,Madhya Pradesh,Indore
B-32037,13-11-2018,Uudhav Sharma,Maharashtra,Mumbai
B-32038,15-04-2018,Kanak,Goa,Goa
B-32039,22-01-2018,Rhea Patil,Maharashtra,Mumbai
B-32040,04-06-2018,Aayushi Kumar,Madhya Pradesh,Indore
B-32041,08-02-2018,Hitesh Jain,Madhya Pradesh,Bhopal
B-32042,16-07-2018,Anchal Jain,Haryana,Chandigarh
B-32043,12-08-2018,Nitant Rao,Rajasthan,Jaipur
B-32044,08-04-2018,Aarushi Kumar,Tamil Nadu,Chennai
B-32045,04-12-2018,Monu Kumar,Punjab,Amritsar
B-32046,04-02-2018,Anmol Patil,Rajasthan,Udaipur
B-32047,25-05-2018,Charika Patil,Goa,Goa
B-32048,21-03-2018,Jahan,Madhya Pradesh,Bhopal
B-32049,31-07-2018,Akshat Rao,Maharashtra,Mumbai
B-32050,16-11-2018,Komal Patil,Himachal Pradesh,Simla
B-32051,07-06-2018,Krutika Rao,Bihar,Patna
B-32052,03-11-2018,Snel,Kerala ,Thiruvananthapuram
B-32053,05-02-2018,Diwakar Kumar,Delhi,Delhi
B-32054,29-04-2018,Kirti Jain,Jammu and Kashmir,Kashmir
B-32055,18-04-2018,Ramesh Sharma,Gujarat,Ahmedabad
B-32056,24-09-2018,Avish Jain,Kerala ,Thiruvananthapuram
B-32057,02-09-2018,Sanjana Rao,Bihar,Patna
B-32058,28-08-2018,Sanjova Jain,Maharashtra,Pune
B-32059,04-01-2018,Sidharth Sharma,Maharashtra,Mumbai
B-32060,16-12-2018,Preksha Sharma,Delhi,Delhi
B-32061,21-12-2018,Sanjay Sharma,Maharashtra,Mumbai
B-32062,22-01-2018,Rhea,Maharashtra,Mumbai
B-32063,01-06-2018,Chandni Kumar,Rajasthan,Jaipur
B-32064,25-01-2018,Manisha Singh,Rajasthan,Udaipur
B-32065,02-11-2018,Sheetal Jain,Maharashtra,Pune
B-32066,10-05-2018,Sabah,Maharashtra,Mumbai
B-32067,10-06-2018,Sheetal Rao,Madhya Pradesh,Indore
B-32068,20-02-2018,Ramesh Kumar,Gujarat,Ahmedabad
B-32069,10-11-2018,Abhijeet Patil,Maharashtra,Mumbai
B-32070,24-09-2018,Sukrith Sharma,Maharashtra,Mumbai
B-32071,12-04-2018,Mohan Kumar,Haryana,Chandigarh
B-32072,31-01-2018,Manjiri Rao,Delhi,Delhi
B-32073,03-02-2018,Omkar,Delhi,Delhi
B-32074,09-04-2018,Yogesh Singh,Bihar,Patna
B-32075,31-12-2018,Shreya Sharma,Uttar Pradesh,Lucknow
B-32076,21-01-2018,Soumya Singh,Rajasthan,Udaipur
B-32077,17-05-2018,Subhashree Singh,Jammu and Kashmir,Kashmir
B-32078,08-04-2018,Aarushi Jain,Tamil Nadu,Chennai
B-32079,28-05-2018,Arsheen Kumar,Gujarat,Ahmedabad
B-32080,22-09-2018,Akshay Kumar,Uttar Pradesh,Lucknow
B-32081,06-04-2018,Sonakshi Singh,Jammu and Kashmir,Kashmir
B-32082,23-01-2018,Jesslyn,Rajasthan,Udaipur
B-32083,26-12-2018,Akshata Jain,Gujarat,Surat
B-32084,28-07-2018,Dhirajendu Rao,Maharashtra,Mumbai
B-32085,23-02-2018,Hitika Jain,Madhya Pradesh,Indore
B-32086,19-08-2018,Shourya Kumar,Kerala ,Thiruvananthapuram
B-32087,16-03-2018,Priyanka Singh,Maharashtra,Pune
B-32088,03-08-2018,Ashwin Sharma,Goa,Goa
B-32089,10-01-2018,Syed,Maharashtra,Pune
B-32090,31-01-2018,Nirja Rao,Delhi,Delhi
B-32091,15-05-2018,Sanskriti Singh,West Bengal,Kolkata
B-32092,16-03-2018,Priyanka,Maharashtra,Pune
B-32093,19-02-2018,Vandana Jain,Himachal Pradesh,Simla
B-32094,06-12-2018,Rohan Patil,Madhya Pradesh,Indore
B-32095,27-04-2018,Paridhi Sharma,Rajasthan,Jaipur
B-32096,06-09-2018,Shreya Jain,Kerala ,Thiruvananthapuram
B-32097,28-03-2018,Atharv Patil,West Bengal,Kolkata
B-32098,15-12-2018,Phalguni Sharma,Madhya Pradesh,Bhopal
B-32099,10-10-2018,Utsav Kumar,Maharashtra,Mumbai
B-32100,22-03-2018,Kasheen Jain,West Bengal,Kolkata
B-32101,21-08-2018,Vishakha Singh,Madhya Pradesh,Indore
B-32102,09-02-2018,Arpita Sharma,Karnataka,Bangalore
B-32103,03-11-2018,Swati Rao,Madhya Pradesh,Indore
B-32104,15-11-2018,Amol Sharma,Bihar,Patna
B-32105,28-01-2018,Amruta Singh,Delhi,Delhi
B-32106,20-03-2018,Sweta,Maharashtra,Mumbai
B-32107,15-11-2018,Arun,Madhya Pradesh,Indore
B-32108,21-06-2018,Noopur Patil,Karnataka,Bangalore
B-32109,03-12-2018,Abhishek Rao,Gujarat,Surat
B-32110,24-10-2018,Nikita,Punjab,Chandigarh
B-32111,31-03-2018,Hitika Patil,Madhya Pradesh,Indore
B-32112,08-07-2018,Raksha Rao,West Bengal,Kolkata
B-32113,22-01-2018,Rhea Sharma,Maharashtra,Mumbai
B-32114,28-04-2018,Ajay Rao,Karnataka,Bangalore
B-32115,13-04-2018,Vandana,Himachal Pradesh,Simla
B-32116,29-10-2018,Moumita Sharma,Gujarat,Ahmedabad
B-32117,22-01-2018,Rhea Jain,Maharashtra,Mumbai
B-32118,24-09-2018,Avish Patil,Kerala ,Thiruvananthapuram
B-32119,24-04-2018,Pooja Kumar,Bihar,Patna
B-32120,10-12-2018,Suraj Patil,Gujarat,Surat
B-32121,27-01-2018,Parin,Maharashtra,Mumbai
B-32122,08-05-2018,Tushina,Goa,Goa
B-32123,29-10-2018,Sanjana Kumar,Madhya Pradesh,Indore
B-32124,03-03-2018,Nidhi Rao,Nagaland,Kohima
B-32125,16-05-2018,Shruti Kumar,Karnataka,Bangalore
B-32126,30-01-2018,Atul Patil,Delhi,Delhi
B-32127,17-03-2018,Sanskriti Patil,West Bengal,Kolkata
B-32128,03-11-2018,Soodesh Singh,Punjab,Chandigarh
B-32129,18-11-2018,Vikash Patil,Goa,Goa
B-32130,04-01-2018,Sudhir Jain,Nagaland,Kohima
B-32131,26-02-2018,Sahil,Punjab,Chandigarh
B-32132,06-12-2018,Rohan,Madhya Pradesh,Indore
B-32133,11-12-2018,Abhijit Rao,Delhi,Delhi
B-32134,12-02-2018,Bharat Singh,Gujarat,Ahmedabad
B-32135,17-04-2018,Sagar Singh,Nagaland,Kohima
B-32136,21-03-2018,Pournamasi,Madhya Pradesh,Indore
B-32137,22-10-2018,Tanushree Singh,Maharashtra,Mumbai
B-32138,04-06-2018,Bhawna Patil,Madhya Pradesh,Indore
B-32139,28-04-2018,Ajay Jain,Karnataka,Bangalore
B-32140,18-01-2018,Mahima Rao,Madhya Pradesh,Indore
B-32141,17-05-2018,Subhashree Singh,Jammu and Kashmir,Kashmir
B-32142,02-12-2018,Rohan Jain,Punjab,Amritsar
B-32143,22-11-2018,Saurabh Patil,Maharashtra,Mumbai
B-32144,15-03-2018,Tushina Kumar,Goa,Goa
B-32145,27-03-2018,Sarita Patil,Maharashtra,Pune
B-32146,28-03-2018,Vini Rao,Karnataka,Bangalore
B-32147,22-06-2018,Vijay Patil,Jammu and Kashmir,Kashmir
B-32148,13-12-2018,Sujay Jain,Maharashtra,Pune
B-32149,15-06-2018,Gunjan Patil,Madhya Pradesh,Indore
B-32150,26-06-2018,Maithilee Sharma,Madhya Pradesh,Indore
B-32151,09-04-2018,Yogesh Patil,Bihar,Patna
B-32152,13-01-2018,Chetan Sharma,Gujarat,Ahmedabad
B-32153,22-05-2018,Tanvi Sharma,Punjab,Chandigarh
B-32154,21-11-2018,Gunjal Jain,Gujarat,Surat
B-32155,07-12-2018,Abhishek Patil,Rajasthan,Udaipur
B-32156,07-01-2018,Jaideep Rao,Nagaland,Kohima
B-32157,27-01-2018,Parin,Maharashtra,Mumbai
B-32158,15-09-2018,Shivangi,Madhya Pradesh,Indore
B-32159,30-01-2018,Kajal Singh,Delhi,Delhi
B-32160,19-02-2018,Kanak,Goa,Goa
B-32161,05-11-2018,Abhishek Sharma,Goa,Goa
B-32162,10-10-2018,Hrisheekesh Sharma,Maharashtra,Mumbai
B-32163,01-07-2018,Kishwar Kumar,Madhya Pradesh,Indore
B-32164,02-09-2018,Sakshi Sharma,Madhya Pradesh,Indore
B-32165,01-03-2018,Amit Kumar,Sikkim,Gangtok
B-32166,22-03-2018,Aarushi Sharma,Tamil Nadu,Chennai
B-32167,30-07-2018,Arindam Kumar,Uttar Pradesh,Lucknow
B-32168,14-01-2018,Krutika Kumar,Andhra Pradesh,Hyderabad
B-32169,08-12-2018,Aishwarya Rao,Uttar Pradesh,Prayagraj
B-32170,18-08-2018,Akshay Kumar,Bihar,Patna
B-32171,25-05-2018,Charika Jain,Goa,Goa
B-32172,01-05-2018,Sonal Singh,Bihar,Patna
B-32173,19-01-2018,Tejeswini Singh,Maharashtra,Pune
B-32174,30-12-2018,Dipali,Madhya Pradesh,Indore
B-32175,18-11-2018,Vikash Rao,Goa,Goa
B-32176,20-01-2018,Oshin Singh,Maharashtra,Pune
B-32177,20-02-2018,Manju Rao,Andhra Pradesh,Hyderabad
B-32178,21-02-2018,Sarita Singh,Maharashtra,Pune
B-32179,22-03-2018,Hazel Patil,Karnataka,Bangalore
B-32180,19-12-2018,Sukruta Rao,Punjab,Amritsar
B-32181,19-08-2018,Shourya,Kerala ,Thiruvananthapuram
B-32182,16-03-2018,Ankita Kumar,Maharashtra,Mumbai
B-32183,02-08-2018,Ayush Singh,Punjab,Chandigarh
B-32184,13-02-2018,Jahan Sharma,Madhya Pradesh,Bhopal
B-32185,21-03-2018,Pearl Patil,Maharashtra,Pune
B-32186,06-04-2018,Sonakshi Rao,Jammu and Kashmir,Kashmir
B-32187,22-04-2018,Monisha Sharma,Rajasthan,Jaipur
B-32188,29-03-2018,Pinky Rao,Jammu and Kashmir,Kashmir
B-32189,14-08-2018,Vaibhav Patil,Madhya Pradesh,Indore
B-32190,29-10-2018,Arti,Maharashtra,Pune
B-32191,27-02-2018,Ritu Patil,Haryana,Chandigarh
B-32192,18-11-2018,Vikash Patil,Goa,Goa
B-32193,28-11-2018,Sumeet Patil,Maharashtra,Mumbai
B-32194,15-09-2018,Ayush Jain,West Bengal,Kolkata
B-32195,03-08-2018,Navdeep Rao,Madhya Pradesh,Indore
B-32196,28-08-2018,Sanjova Jain,Maharashtra,Pune
B-32197,11-05-2018,Nida Singh,Madhya Pradesh,Indore
B-32198,23-06-2018,Amisha Singh,Tamil Nadu,Chennai
B-32199,10-08-2018,Shivam Kumar,Maharashtra,Pune
B-32200,10-07-2018,Srishti Sharma,Jammu and Kashmir,Kashmir
B-32201,19-01-2018,Pratiksha Patil,Maharashtra,Mumbai
B-32202,14-02-2018,Hazel Patil,Karnataka,Bangalore
B-32203,24-04-2018,Hemant Rao,Kerala ,Thiruvananthapuram
B-32204,31-07-2018,Akshat Sharma,Maharashtra,Mumbai
B-32205,27-07-2018,Anubhaw Rao,Karnataka,Bangalore
B-32206,17-07-2018,Inderpreet Rao,Himachal Pradesh,Simla
B-32207,15-11-2018,Aromal Jain,Maharashtra,Mumbai
B-32208,30-12-2018,Dipali,Madhya Pradesh,Indore
B-32209,31-08-2018,Ashmeet,West Bengal,Kolkata
B-32210,27-01-2018,Shivangi Kumar,Madhya Pradesh,Indore
B-32211,24-11-2018,Mrinal Sharma,Maharashtra,Mumbai
B-32212,10-11-2018,Anand Patil,Madhya Pradesh,Indore
B-32213,27-05-2018,Mitali Rao,Nagaland,Kohima
B-32214,06-01-2018,Vivek,Goa,Goa
B-32215,18-08-2018,Akshay Rao,Bihar,Patna
B-32216,14-02-2018,Hazel Singh,Karnataka,Bangalore
B-32217,08-02-2018,Nandita,Rajasthan,Jaipur
B-32218,29-04-2018,Kirti Patil,Jammu and Kashmir,Kashmir
B-32219,25-05-2018,Charika Singh,Goa,Goa
B-32220,02-09-2018,Surbhi Rao,Maharashtra,Mumbai
B-32221,10-08-2018,Shivam Patil,Maharashtra,Pune
B-32222,07-05-2018,Anurag,Madhya Pradesh,Indore
B-32223,06-05-2018,Chirag Singh,Maharashtra,Mumbai
B-32224,08-11-2018,Gaurav Patil,Gujarat,Ahmedabad
B-32225,19-05-2018,Pournamasi Singh,Madhya Pradesh,Indore
B-32226,29-04-2018,Kirti Singh,Jammu and Kashmir,Kashmir
B-32227,25-05-2018,Charika Jain,Goa,Goa
B-32228,10-03-2018,Mayank Sharma,Maharashtra,Mumbai
B-32229,23-02-2018,Pinky Singh,Jammu and Kashmir,Kashmir
B-32230,29-08-2018,Meghana Singh,Madhya Pradesh,Bhopal
B-32231,03-02-2018,Madhav Rao,Delhi,Delhi
B-32232,31-07-2018,Akshat Kumar,Maharashtra,Mumbai
B-32233,15-12-2018,Phalguni Patil,Madhya Pradesh,Bhopal
B-32234,30-01-2018,Atul Sharma,Delhi,Delhi
B-32235,11-01-2018,Mhatre Patil,Madhya Pradesh,Indore
B-32236,15-11-2018,Manibalan Rao,Kerala ,Thiruvananthapuram
B-32237,10-10-2018,Swapnil Sharma,Madhya Pradesh,Indore
B-32238,30-04-2018,Mayank Rao,Maharashtra,Mumbai
B-32239,04-01-2018,Shikhar Jain,Maharashtra,Mumbai
B-32240,22-03-2018,Aarushi,Tamil Nadu,Chennai
B-32241,21-03-2018,Jahan Patil,Madhya Pradesh,Bhopal
B-32242,06-12-2018,Rohan,Madhya Pradesh,Indore
B-32243,15-02-2018,Jitesh,Uttar Pradesh,Lucknow
B-32244,07-02-2018,Patil,Delhi,Delhi
B-32245,14-02-2018,Hazel,Karnataka,Bangalore
B-32246,05-01-2018,Ankit Kumar,Haryana,Chandigarh
B-32247,22-05-2018,Tanvi Sharma,Punjab,Chandigarh
B-32248,22-04-2018,Monisha Kumar,Rajasthan,Jaipur
B-32249,16-10-2018,Dheeraj Singh,Rajasthan,Jaipur
B-32250,28-06-2018,Ekta Sharma,Madhya Pradesh,Indore
B-32251,03-04-2018,Divsha Sharma,Rajasthan,Jaipur
B-32252,27-06-2018,Shaily Jain,Maharashtra,Mumbai
B-32253,14-08-2018,Priyanshu Patil,Madhya Pradesh,Indore
B-32254,12-12-2018,Pradeep Jain,Delhi,Delhi
B-32255,24-01-2018,Madan Mohan Jain,Uttar Pradesh,Mathura
B-32256,30-09-2018,Sauptik Rao,Madhya Pradesh,Indore
B-32257,15-12-2018,Phalguni Singh,Madhya Pradesh,Bhopal
B-32258,08-12-2018,Aishwarya Sharma,Uttar Pradesh,Prayagraj
B-32259,03-11-2018,Soodesh Singh,Punjab,Chandigarh
B-32260,02-02-2018,Mugdha Sharma,Delhi,Delhi
B-32261,29-04-2018,Kirti Patil,Jammu and Kashmir,Kashmir
B-32262,10-05-2018,Sabah Rao,Maharashtra,Mumbai
B-32263,24-04-2018,Ritu Sharma,Haryana,Chandigarh
B-32264,28-10-2018,Harshita Rao,Maharashtra,Mumbai
B-32265,05-01-2018,Ankit Jain,Haryana,Chandigarh
B-32266,01-12-2018,Vishakha Singh,Uttar Pradesh,Prayagraj
B-32267,24-03-2018,Yogesh,Bihar,Patna
B-32268,29-04-2018,Kirti,Jammu and Kashmir,Kashmir
B-32269,04-06-2018,Avni Patil,Maharashtra,Mumbai
B-32270,24-06-2018,Kritika,Uttar Pradesh,Lucknow
B-32271,03-11-2018,Aniket Singh,Haryana,Chandigarh
B-32272,01-10-2018,Aryan Patil,Madhya Pradesh,Bhopal
B-32273,11-07-2018,Surabhi Jain,Tamil Nadu,Chennai
B-32274,06-01-2018,Vivek,Goa,Goa
B-32275,03-02-2018,Gaurav Rao,Rajasthan,Udaipur
B-32276,05-02-2018,Diwakar,Delhi,Delhi
B-32277,13-02-2018,Jahan Patil,Madhya Pradesh,Bhopal
B-32278,16-07-2018,Anchal Jain,Haryana,Chandigarh
B-32279,14-03-2018,Anurag Patil,Madhya Pradesh,Indore
B-32280,13-11-2018,Uudhav Sharma,Maharashtra,Mumbai
B-32281,01-10-2018,Divyansh Rao,Gujarat,Ahmedabad
B-32282,01-08-2018,Shubham Singh,Madhya Pradesh,Indore
B-32283,19-01-2018,Pratiksha Rao,Maharashtra,Mumbai
B-32284,17-05-2018,Sweta Sharma,Maharashtra,Mumbai
B-32285,06-04-2018,Hazel Jain,Karnataka,Bangalore
B-32286,21-07-2018,Kiran Jain,Maharashtra,Mumbai
B-32287,08-04-2018,Aarushi Patil,Tamil Nadu,Chennai
B-32288,22-07-2018,Rishabh,Rajasthan,Jaipur
B-32289,05-12-2018,Aman Patil,Maharashtra,Mumbai
B-32290,04-02-2018,Yohann,Delhi,Delhi
B-32291,01-03-2018,Amit Rao,Sikkim,Gangtok
B-32292,27-10-2018,Mahima Sharma,Sikkim,Gangtok
B-32293,12-07-2018,Anjali Jain,Maharashtra,Mumbai
B-32294,29-10-2018,Ananya Jain,Andhra Pradesh,Hyderabad
B-32295,20-07-2018,Anisha Patil,Nagaland,Kohima
B-32296,23-10-2018,Sheetal Patil,Madhya Pradesh,Indore
B-32297,08-09-2018,Duhita,Haryana,Chandigarh
B-32298,28-04-2018,Ajay Singh,Karnataka,Bangalore
B-32299,23-04-2018,Hitika Singh,Madhya Pradesh,Indore
B-32300,06-04-2018,Sonakshi Jain,Jammu and Kashmir,Kashmir
B-32301,03-02-2018,Omkar Jain,Delhi,Delhi
B-32302,03-11-2018,Soodesh Kumar,Punjab,Chandigarh
B-32303,20-09-2018,Asish Sharma,Jammu and Kashmir,Kashmir
B-32304,26-03-2018,Mukesh Jain,Haryana,Chandigarh
B-32305,24-08-2018,Pooja Singh,Goa,Goa
B-32306,26-04-2018,Nishi Kumar,Maharashtra,Mumbai
B-32307,16-12-2018,Preksha,Delhi,Delhi
B-32308,15-12-2018,Phalguni Sharma,Madhya Pradesh,Bhopal
B-32309,29-01-2018,Hemangi,Delhi,Delhi
B-32310,24-04-2018,Pooja Jain,Bihar,Patna
B-32311,06-09-2018,Shreya Rao,Kerala ,Thiruvananthapuram
B-32312,07-06-2018,Krutika,Bihar,Patna
B-32313,31-01-2018,Shweta Rao,Rajasthan,Udaipur
B-32314,13-10-2018,Praneet Sharma,Maharashtra,Mumbai
B-32315,29-08-2018,Meghana Singh,Madhya Pradesh,Bhopal
B-32316,20-03-2018,Sweta Kumar,Maharashtra,Mumbai
B-32317,24-11-2018,Siddharth Jain,Madhya Pradesh,Indore
B-32318,15-11-2018,Aayush Patil,Uttar Pradesh,Lucknow
B-32319,27-04-2018,Lisha Patil,Madhya Pradesh,Bhopal
B-32320,04-12-2018,Shivani Jain,Madhya Pradesh,Indore
B-32321,25-01-2018,Piyam Jain,Punjab,Amritsar
B-32322,01-10-2018,Shishu Sharma,Andhra Pradesh,Hyderabad
B-32323,26-03-2018,Vandana Rao,Himachal Pradesh,Simla
B-32324,05-03-2018,Lisha,Madhya Pradesh,Bhopal
B-32325,28-07-2018,Dhirajendu Patil,Maharashtra,Mumbai
B-32326,22-08-2018,Shubham Kumar,Himachal Pradesh,Simla
B-32327,24-12-2018,Jayanti Rao,Uttar Pradesh,Prayagraj
B-32328,03-08-2018,Rane Patil,Maharashtra,Mumbai
B-32329,16-03-2018,Ankita Patil,Maharashtra,Mumbai
B-32330,17-03-2018,Sanskriti Patil,West Bengal,Kolkata
B-32331,01-07-2018,Swetlana Sharma,Goa,Goa
B-32332,23-02-2018,Bhishm Rao,Maharashtra,Mumbai
B-32333,27-06-2018,Shaily Kumar,Maharashtra,Mumbai
B-32334,17-02-2018,Anita Singh,Kerala ,Thiruvananthapuram
B-32335,08-04-2018,Aarushi Patil,Tamil Nadu,Chennai
B-32336,25-05-2018,Piyali Jain,Sikkim,Gangtok
B-32337,10-10-2018,Swapnil Patil,Madhya Pradesh,Indore
B-32338,25-05-2018,Charika Patil,Goa,Goa
B-32339,09-03-2018,Kirti Rao,Jammu and Kashmir,Kashmir
B-32340,12-07-2018,Rashmi Patil,Madhya Pradesh,Indore
B-32341,20-07-2018,Anisha Patil,Nagaland,Kohima
B-32342,21-03-2018,Bharat Kumar,Gujarat,Ahmedabad
B-32343,11-01-2018,Mhatre Patil,Madhya Pradesh,Indore
B-32344,18-06-2018,Parna Kumar,Madhya Pradesh,Bhopal
B-32345,17-04-2018,Sagar Sharma,Nagaland,Kohima
B-32346,08-02-2018,Parnavi Rao,West Bengal,Kolkata
B-32347,29-07-2018,Pranav Rao,Madhya Pradesh,Indore
B-32348,05-10-2018,Ankit Kumar,Maharashtra,Mumbai
B-32349,22-01-2018,Mitali Patil,Madhya Pradesh,Indore
B-32350,25-03-2018,Anita Kumar,Kerala ,Thiruvananthapuram
B-32351,29-01-2018,Hemangi Patil,Delhi,Delhi
B-32352,24-11-2018,Divyeshkumar Singh,Uttar Pradesh,Prayagraj
B-32353,24-06-2018,Kritika Singh,Uttar Pradesh,Lucknow
B-32354,06-05-2018,Chirag Rao,Maharashtra,Mumbai
B-32355,22-03-2018,Divsha,Rajasthan,Jaipur
B-32356,12-02-2018,Bharat,Gujarat,Ahmedabad
B-32357,28-10-2018,Harshita Sharma,Maharashtra,Mumbai
B-32358,16-03-2018,Nida,Madhya Pradesh,Indore
B-32359,22-07-2018,Rishabh Patil,Rajasthan,Jaipur
B-32360,05-07-2018,Megha Singh,Maharashtra,Pune
B-32361,16-05-2018,Shruti Patil,Karnataka,Bangalore
B-32362,05-10-2018,Ankit Rao,Maharashtra,Mumbai
B-32363,02-01-2018,Girase Rao,Kerala ,Thiruvananthapuram
B-32364,13-04-2018,Vandana Jain,Himachal Pradesh,Simla
B-32365,29-07-2018,Pranav Patil,Madhya Pradesh,Indore
B-32366,13-03-2018,Chirag Patil,Maharashtra,Mumbai
B-32367,22-01-2018,Mitali Patil,Madhya Pradesh,Indore
B-32368,28-05-2018,Mahima Kumar,Maharashtra,Pune
B-32369,26-04-2018,Sanjay,Goa,Goa
B-32370,11-08-2018,Harsh Jain,Madhya Pradesh,Bhopal
B-32371,15-11-2018,Manibalan Singh,Kerala ,Thiruvananthapuram
B-32372,21-11-2018,Gunjal,Gujarat,Surat
B-32373,08-02-2018,Harsh Sharma,Delhi,Delhi
B-32374,08-03-2018,Ajay Jain,Karnataka,Bangalore
B-32375,10-10-2018,Kshitij Kumar,Madhya Pradesh,Indore
B-32376,08-11-2018,Abhijeet Rao,Madhya Pradesh,Bhopal
B-32377,19-09-2018,Madan Mohan Kumar,Uttar Pradesh,Mathura
B-32378,31-12-2018,Shreya Singh,Uttar Pradesh,Lucknow
B-32379,19-11-2018,Parakh Sharma,Nagaland,Kohima
B-32380,20-04-2018,Deepak Singh,Madhya Pradesh,Bhopal
B-32381,14-01-2018,Krutika,Andhra Pradesh,Hyderabad
B-32382,27-04-2018,Lisha Jain,Madhya Pradesh,Bhopal
B-32383,11-05-2018,Nida Patil,Madhya Pradesh,Indore
B-32384,29-12-2018,Shruti Singh,Maharashtra,Mumbai
B-32385,06-09-2018,Shreya Patil,Kerala ,Thiruvananthapuram
B-32386,04-01-2018,Rahul Jain,Madhya Pradesh,Indore
B-32387,28-05-2018,Mahima,Maharashtra,Pune
B-32388,15-09-2018,Rohit Rao,Rajasthan,Jaipur
B-32389,06-05-2018,Chirag Rao,Maharashtra,Mumbai
B-32390,08-09-2018,Duhita,Haryana,Chandigarh
B-32391,24-11-2018,Bhosale Jain,Punjab,Amritsar
B-32392,06-01-2018,Vivek Singh,Goa,Goa
B-32393,03-11-2018,Swati Rao,Madhya Pradesh,Indore
B-32394,29-04-2018,Kirti Jain,Jammu and Kashmir,Kashmir
B-32395,15-11-2018,Amol,Bihar,Patna
B-32396,07-02-2018,Patil Singh,Delhi,Delhi
B-32397,10-09-2018,Aditi,Madhya Pradesh,Indore
B-32398,07-01-2018,Jaideep Singh,Nagaland,Kohima
B-32399,20-08-2018,Mohan,Maharashtra,Mumbai
B-32400,04-01-2018,Sidharth Patil,Maharashtra,Mumbai
B-32401,28-11-2018,Brijesh Patil,Rajasthan,Udaipur
B-32402,24-11-2018,Megha Rao,Rajasthan,Udaipur
B-32403,03-11-2018,Aniket Singh,Haryana,Chandigarh
B-32404,29-10-2018,Ananya Kumar,Andhra Pradesh,Hyderabad
B-32405,02-09-2018,Sanjana Sharma,Bihar,Patna
B-32406,09-01-2018,Shardul Patil,Gujarat,Ahmedabad
B-32407,05-10-2018,Yash Rao,Maharashtra,Mumbai
B-32408,24-05-2018,Rhea Patil,Himachal Pradesh,Simla
B-32409,22-04-2018,Vini Kumar,Karnataka,Bangalore
B-32410,15-03-2018,Farah Kumar,Nagaland,Kohima
B-32411,18-06-2018,Subhasmita Rao,Rajasthan,Jaipur
B-32412,11-08-2018,Harsh Sharma,Madhya Pradesh,Bhopal
B-32413,25-12-2018,Sandra Kumar,Punjab,Amritsar
B-32414,27-03-2018,Deepak Jain,Madhya Pradesh,Bhopal
B-32415,06-04-2018,Sonakshi,Jammu and Kashmir,Kashmir
B-32416,05-01-2018,Ankit,Haryana,Chandigarh
B-32417,21-01-2018,Shreyshi,Gujarat,Surat
B-32418,02-01-2018,Girase Kumar,Kerala ,Thiruvananthapuram
B-32419,16-01-2018,Shiva Jain,Maharashtra,Pune
B-32420,28-03-2018,Vini Singh,Karnataka,Bangalore
B-32421,26-10-2018,Aastha,Himachal Pradesh,Simla
B-32422,27-05-2018,Mitali,Nagaland,Kohima
B-32423,17-05-2018,Subhashree Singh,Jammu and Kashmir,Kashmir
B-32424,17-07-2018,Inderpreet Rao,Himachal Pradesh,Simla
B-32425,03-11-2018,Soodesh Patil,Punjab,Chandigarh
B-32426,03-08-2018,Daksh Jain,Haryana,Chandigarh
B-32427,21-09-2018,Dinesh Jain,Tamil Nadu,Chennai
B-32428,15-03-2018,Farah,Nagaland,Kohima
B-32429,24-09-2018,Siddharth Sharma,Madhya Pradesh,Indore
B-32430,10-10-2018,Utsav Singh,Maharashtra,Mumbai
B-32431,03-05-2018,Sharda Singh,Kerala ,Thiruvananthapuram
B-32432,27-06-2018,Shaily,Maharashtra,Mumbai
B-32433,05-01-2018,Ankit Patil,Haryana,Chandigarh
B-32434,04-02-2018,Yohann Rao,Delhi,Delhi
B-32435,18-01-2018,Surbhi Rao,Gujarat,Ahmedabad
B-32436,26-03-2018,Kanak Kumar,Goa,Goa
B-32437,24-09-2018,Aditya Rao,Himachal Pradesh,Simla
B-32438,15-03-2018,Tushina Patil,Goa,Goa
B-32439,23-01-2018,Jesslyn Patil,Rajasthan,Udaipur
B-32440,24-05-2018,Rhea Patil,Himachal Pradesh,Simla
B-32441,22-05-2018,Tanvi Rao,Punjab,Chandigarh
B-32442,03-05-2018,Sharda Rao,Kerala ,Thiruvananthapuram
B-32443,22-09-2018,Akshay Singh,Uttar Pradesh,Lucknow
B-32444,13-01-2018,Shantanu Jain,Maharashtra,Mumbai
B-32445,15-03-2018,Farah Sharma,Nagaland,Kohima
B-32446,25-05-2018,Charika Jain,Goa,Goa
B-32447,15-11-2018,Aromal Jain,Maharashtra,Mumbai
B-32448,05-01-2018,Shikhar Singh,Himachal Pradesh,Simla
B-32449,16-11-2018,Komal Jain,Himachal Pradesh,Simla
B-32450,28-01-2018,Amruta Patil,Delhi,Delhi
B-32451,04-01-2018,Sidharth Sharma,Maharashtra,Mumbai
B-32452,29-10-2018,Moumita Rao,Gujarat,Ahmedabad
B-32453,09-03-2018,Kirti Kumar,Jammu and Kashmir,Kashmir
B-32454,04-03-2018,Parth Kumar,Maharashtra,Pune
B-32455,21-01-2018,Paromita Jain,Punjab,Amritsar
B-32456,16-03-2018,Tulika Patil,Madhya Pradesh,Bhopal
B-32457,22-03-2018,Kasheen Sharma,West Bengal,Kolkata
B-32458,16-03-2018,Tulika Rao,Madhya Pradesh,Bhopal
B-32459,15-03-2018,Tushina Rao,Goa,Goa
B-32460,03-12-2018,Abhishek Kumar,Gujarat,Surat
B-32461,23-03-2018,Jitesh Singh,Uttar Pradesh,Lucknow
B-32462,17-03-2018,Sanskriti Sharma,West Bengal,Kolkata
B-32463,17-01-2018,Shreya Patil,Maharashtra,Mumbai
B-32464,28-05-2018,Akanksha Singh,Andhra Pradesh,Hyderabad
B-32465,02-09-2018,Vaibhavi Sharma,Uttar Pradesh,Lucknow
B-32466,04-12-2018,Aditi,Rajasthan,Udaipur
B-32467,18-04-2018,Manju Kumar,Andhra Pradesh,Hyderabad
B-32468,05-01-2018,Ankit Rao,Haryana,Chandigarh
B-32469,08-11-2018,Shubham,Maharashtra,Pune
B-32470,24-09-2018,Sukant Sharma,Sikkim,Gangtok
B-32471,24-09-2018,Siddharth Rao,Madhya Pradesh,Indore
B-32472,22-08-2018,Shubham Jain,Himachal Pradesh,Simla
B-32473,10-02-2018,Komal Kumar,Uttar Pradesh,Lucknow
B-32474,02-09-2018,Surbhi Sharma,Maharashtra,Mumbai
B-32475,26-08-2018,Anudeep,Madhya Pradesh,Indore
B-32476,07-08-2018,Aman,Nagaland,Kohima
B-32477,16-03-2018,Ankita Sharma,Maharashtra,Mumbai
B-32478,15-02-2018,Jitesh Patil,Uttar Pradesh,Lucknow
B-32479,15-09-2018,Ayush Kumar,West Bengal,Kolkata
B-32480,11-05-2018,Nida Sharma,Madhya Pradesh,Indore
B-32481,04-12-2018,Vrinda Jain,Uttar Pradesh,Mathura
B-32482,18-10-2018,Rohan,Maharashtra,Mumbai
B-32483,20-02-2018,Sagar,Nagaland,Kohima
B-32484,28-03-2018,Monisha Rao,Rajasthan,Jaipur
B-32485,02-08-2018,Ayush Singh,Punjab,Chandigarh
B-32486,15-05-2018,Sanskriti Jain,West Bengal,Kolkata
B-32487,14-06-2018,Bhaggyasree,Maharashtra,Mumbai
B-32488,15-09-2018,Rohit Rao,Rajasthan,Jaipur
B-32489,02-09-2018,Vaibhavi Patil,Uttar Pradesh,Lucknow
B-32490,25-05-2018,Charika Singh,Goa,Goa
B-32491,05-01-2018,Shikhar Rao,Himachal Pradesh,Simla
B-32492,31-07-2018,Akshat,Maharashtra,Mumbai
B-32493,04-02-2018,Prashant Rao,Delhi,Delhi
B-32494,12-04-2018,Shrichand Rao,Punjab,Chandigarh
B-32495,15-03-2018,Farah Patil,Nagaland,Kohima
B-32496,15-04-2018,Kanak,Goa,Goa
B-32497,02-12-2018,Rohan Patil,Punjab,Amritsar
B-32498,26-11-2018,Masurkar Rao,Punjab,Amritsar
B-32499,22-01-2018,Mitali Kumar,Madhya Pradesh,Indore
B-32500,04-01-2018,Bhutekar Singh,Madhya Pradesh,Indore
B-32501,31-12-2018,Shreya,Uttar Pradesh,Lucknow
B-32502,15-04-2018,Bhavna Singh,Sikkim,Gangtok
B-32503,20-02-2018,Manju Jain,Andhra Pradesh,Hyderabad
B-32504,06-04-2018,Hazel Sharma,Karnataka,Bangalore
B-32505,20-04-2018,Deepak Kumar,Madhya Pradesh,Bhopal
B-32506,27-12-2018,Gopal Singh,Maharashtra,Mumbai
B-32507,29-10-2018,Moumita Patil,Gujarat,Ahmedabad
B-32508,15-11-2018,Aromal Sharma,Maharashtra,Mumbai
B-32509,17-12-2018,Geetanjali,Delhi,Delhi
B-32510,28-05-2018,Mahima Sharma,Maharashtra,Pune
B-32511,11-08-2018,Harsh Singh,Madhya Pradesh,Bhopal
B-32512,26-04-2018,Nishi Singh,Maharashtra,Mumbai
B-32513,24-10-2018,Nikita,Punjab,Chandigarh
B-32514,27-11-2018,Saptadeep Kumar,Gujarat,Surat
B-32515,06-10-2018,Dhanraj,Madhya Pradesh,Indore
B-32516,13-11-2018,Uudhav Jain,Maharashtra,Mumbai
B-32517,15-06-2018,Gunjan Singh,Madhya Pradesh,Indore
B-32518,24-04-2018,Sahil Singh,Punjab,Chandigarh
B-32519,26-08-2018,Anudeep Patil,Madhya Pradesh,Indore
B-32520,14-02-2018,Sonakshi Singh,Jammu and Kashmir,Kashmir
B-32521,25-01-2018,Piyam Sharma,Punjab,Amritsar
B-32522,17-12-2018,Geetanjali Patil,Delhi,Delhi
B-32523,12-07-2018,Rashmi Rao,Madhya Pradesh,Indore
B-32524,17-02-2018,Anita Rao,Kerala ,Thiruvananthapuram
B-32525,08-08-2018,Devendra,Andhra Pradesh,Hyderabad
B-32526,13-12-2018,Sujay Singh,Maharashtra,Pune
B-32527,09-02-2018,Arpita Rao,Karnataka,Bangalore
B-32528,12-04-2018,Shrichand Kumar,Punjab,Chandigarh
B-32529,18-08-2018,Akshay Patil,Bihar,Patna
B-32530,23-04-2018,Hitika Patil,Madhya Pradesh,Indore
B-32531,15-03-2018,Farah Patil,Nagaland,Kohima
B-32532,07-12-2018,Abhishek Singh,Rajasthan,Udaipur
B-32533,10-06-2018,Sheetal,Madhya Pradesh,Indore
B-32534,01-05-2018,Yaanvi Singh,Madhya Pradesh,Indore
B-32535,24-11-2018,Bhosale Singh,Punjab,Amritsar
B-32536,23-01-2018,Jesslyn Kumar,Rajasthan,Udaipur
B-32537,24-11-2018,Dashyam Singh,Gujarat,Surat
B-32538,13-01-2018,Mukund Jain,Maharashtra,Pune
B-32539,27-06-2018,Shaily Rao,Maharashtra,Mumbai
B-32540,22-03-2018,Kasheen Kumar,West Bengal,Kolkata
B-32541,24-09-2018,Sukant Patil,Sikkim,Gangtok
B-32542,19-03-2018,Subhashree Singh,Jammu and Kashmir,Kashmir
B-32543,23-05-2018,Anjali Singh,Haryana,Chandigarh
B-32544,29-01-2018,Hemangi Sharma,Delhi,Delhi
B-32545,01-07-2018,Shivani Rao,Maharashtra,Mumbai
B-32546,16-07-2018,Anchal Jain,Haryana,Chandigarh
B-32547,17-05-2018,Sweta,Maharashtra,Mumbai
B-32548,26-04-2018,Ashmi Kumar,Madhya Pradesh,Indore
B-32549,14-02-2018,Aarushi Jain,Tamil Nadu,Chennai
B-32550,10-10-2018,Swapnil,Madhya Pradesh,Indore
B-32551,22-03-2018,Aarushi Rao,Tamil Nadu,Chennai
B-32552,24-06-2018,Kritika,Uttar Pradesh,Lucknow
B-32553,01-11-2018,Ashvini Jain,Maharashtra,Mumbai
B-32554,10-10-2018,Harsh,Nagaland,Kohima
B-32555,28-05-2018,Mahima,Maharashtra,Pune
B-32556,19-07-2018,Sheetal Kumar,Madhya Pradesh,Indore
B-32557,18-01-2018,Aparajita Sharma,West Bengal,Kolkata
B-32558,10-10-2018,Harsh Singh,Nagaland,Kohima
B-32559,16-03-2018,Tulika Singh,Madhya Pradesh,Bhopal
B-32560,03-02-2018,Madhav Rao,Delhi,Delhi
B-32561,22-07-2018,Rishabh Rao,Rajasthan,Jaipur
B-32562,23-02-2018,Bhishm,Maharashtra,Mumbai
B-32563,30-08-2018,Surabhi Patil,Rajasthan,Jaipur
B-32564,23-01-2018,Jesslyn Kumar,Rajasthan,Udaipur
B-32565,13-01-2018,Priyanka Patil,Madhya Pradesh,Indore
B-32566,02-01-2018,Girase Singh,Kerala ,Thiruvananthapuram
B-32567,26-04-2018,Parth Singh,Maharashtra,Pune
B-32568,22-02-2018,Atharv Kumar,West Bengal,Kolkata
B-32569,24-12-2018,Jayanti,Uttar Pradesh,Prayagraj
B-32570,18-01-2018,Mahima Rao,Madhya Pradesh,Indore
B-32571,28-05-2018,Arsheen Singh,Gujarat,Ahmedabad
B-32572,07-08-2018,Aman,Nagaland,Kohima
B-32573,17-07-2018,Inderpreet Jain,Himachal Pradesh,Simla
B-32574,12-04-2018,Shrichand Kumar,Punjab,Chandigarh
B-32575,12-07-2018,Manshul Singh,Uttar Pradesh,Lucknow
B-32576,08-03-2018,Ajay Kumar,Karnataka,Bangalore
B-32577,08-01-2018,Ankur,Andhra Pradesh,Hyderabad
B-32578,23-09-2018,Sajal Sharma,Bihar,Patna
B-32579,21-08-2018,Vishakha Kumar,Madhya Pradesh,Indore
B-32580,10-10-2018,Utsav Sharma,Maharashtra,Mumbai
B-32581,03-08-2018,Rane Kumar,Maharashtra,Mumbai
B-32582,18-01-2018,Surbhi,Gujarat,Ahmedabad
B-32583,08-05-2018,Farah Kumar,Nagaland,Kohima
B-32584,24-09-2018,Aditya Rao,Himachal Pradesh,Simla
B-32585,29-10-2018,Palak Patil,Maharashtra,Mumbai
B-32586,27-04-2018,Parishi Jain,West Bengal,Kolkata
B-32587,24-09-2018,Siddharth Jain,Madhya Pradesh,Indore
B-32588,17-05-2018,Sweta Kumar,Maharashtra,Mumbai
B-32589,22-07-2018,Rishabh Kumar,Rajasthan,Jaipur
B-32590,18-06-2018,Suhani Patil,West Bengal,Kolkata
B-32591,11-06-2018,Swetha,Madhya Pradesh,Indore
B-32592,31-08-2018,Ashmeet,West Bengal,Kolkata
B-32593,22-07-2018,Ameesha Singh,Maharashtra,Pune
B-32594,01-10-2018,Divyansh Kumar,Gujarat,Ahmedabad
B-32595,08-01-2018,Ankur,Andhra Pradesh,Hyderabad
B-32596,01-07-2018,Swetlana Sharma,Goa,Goa
B-32597,08-01-2018,Ankur Kumar,Andhra Pradesh,Hyderabad
B-32598,30-10-2018,Pranjali Patil,West Bengal,Kolkata
B-32599,24-09-2018,Abhishek Patil,Maharashtra,Mumbai
B-32600,20-04-2018,Sarita Jain,Maharashtra,Pune
B-32601,24-11-2018,Bhosale Kumar,Punjab,Amritsar
B-32602,06-03-2018,Paridhi Jain,Rajasthan,Jaipur
B-32603,23-04-2018,Bhishm Jain,Maharashtra,Mumbai
B-32604,11-01-2018,Mhatre Patil,Madhya Pradesh,Indore
B-32605,21-01-2018,Sudevi Patil,Uttar Pradesh,Prayagraj
B-32606,24-11-2018,Siddharth,Madhya Pradesh,Indore
B-32607,21-01-2018,Paromita Jain,Punjab,Amritsar
B-32608,27-03-2018,Manju Jain,Andhra Pradesh,Hyderabad
B-32609,07-02-2018,Patil Jain,Delhi,Delhi
B-32610,20-07-2018,Anisha Patil,Nagaland,Kohima
B-32611,28-06-2018,Ekta Kumar,Madhya Pradesh,Indore
B-32612,30-10-2018,Pranjali Singh,West Bengal,Kolkata
B-32613,23-03-2018,Jitesh Patil,Uttar Pradesh,Lucknow
B-32614,16-12-2018,Preksha Sharma,Delhi,Delhi
B-32615,15-05-2018,Sanskriti Patil,West Bengal,Kolkata
B-32616,04-12-2018,Divyansha Rao,Maharashtra,Mumbai
B-32617,17-05-2018,Sweta Kumar,Maharashtra,Mumbai
B-32618,12-07-2018,Manshul Patil,Uttar Pradesh,Lucknow
B-32619,18-04-2018,Ramesh Rao,Gujarat,Ahmedabad
B-32620,10-08-2018,Shivam,Maharashtra,Pune
B-32621,19-02-2018,Mukesh Patil,Haryana,Chandigarh
B-32622,05-10-2018,Yash Jain,Maharashtra,Mumbai
B-32623,26-04-2018,Nidhi Patil,Nagaland,Kohima
B-32624,12-07-2018,Rashmi Singh,Madhya Pradesh,Indore
B-32625,24-04-2018,Pooja,Bihar,Patna
B-32626,11-04-2018,Anita Kumar,Kerala ,Thiruvananthapuram
B-32627,30-12-2018,Dipali Kumar,Madhya Pradesh,Indore
B-32628,02-08-2018,Ayush Sharma,Punjab,Chandigarh
B-32629,28-01-2018,Amruta Patil,Delhi,Delhi
B-32630,27-04-2018,Lisha Patil,Madhya Pradesh,Bhopal
B-32631,08-05-2018,Tushina Jain,Goa,Goa
B-32632,01-07-2018,Kishwar,Madhya Pradesh,Indore
B-32633,14-11-2018,Chikku Singh,Madhya Pradesh,Indore
B-32634,02-09-2018,Sakshi Rao,Madhya Pradesh,Indore
B-32635,31-10-2018,Sneha Kumar,Karnataka,Bangalore
B-32636,10-08-2018,Shivam Singh,Maharashtra,Pune
B-32637,21-03-2018,Pearl Kumar,Maharashtra,Pune
B-32638,16-05-2018,Shruti Singh,Karnataka,Bangalore
B-32639,15-11-2018,Akshay Kumar,Tamil Nadu,Chennai
B-32640,01-10-2018,Shishu,Andhra Pradesh,Hyderabad
B-32641,09-09-2018,Mousam Patil,Maharashtra,Mumbai
B-32642,31-12-2018,Shreya Patil,Uttar Pradesh,Lucknow
B-32643,27-06-2018,Shaily Rao,Maharashtra,Mumbai
B-32644,28-03-2018,Atharv Jain,West Bengal,Kolkata
B-32645,11-05-2018,Nida Kumar,Madhya Pradesh,Indore
B-32646,03-11-2018,Snel Sharma,Kerala ,Thiruvananthapuram
B-32647,03-02-2018,Omkar Patil,Delhi,Delhi
B-32648,16-11-2018,Komal Rao,Himachal Pradesh,Simla
B-32649,10-11-2018,Abhijeet Patil,Maharashtra,Mumbai
B-32650,29-07-2018,Pranav Sharma,Madhya Pradesh,Indore
B-32651,16-03-2018,Tulika,Madhya Pradesh,Bhopal
B-32652,24-09-2018,Abhishek Sharma,Maharashtra,Mumbai
B-32653,03-03-2018,Nidhi Sharma,Nagaland,Kohima
B-32654,25-02-2018,Hemant Rao,Kerala ,Thiruvananthapuram
B-32655,31-01-2018,Nirja Singh,Delhi,Delhi
B-32656,07-11-2018,Soumyabrata Singh,Andhra Pradesh,Hyderabad
B-32657,07-01-2018,Jaideep Patil,Nagaland,Kohima
B-32658,04-12-2018,Aditi Rao,Rajasthan,Udaipur
B-32659,16-03-2018,Shefali Patil,Rajasthan,Jaipur
B-32660,25-01-2018,Manisha Jain,Rajasthan,Udaipur
B-32661,02-09-2018,Sanjana Rao,Bihar,Patna
B-32662,10-10-2018,Harsh Kumar,Nagaland,Kohima
B-32663,08-11-2018,Gaurav Singh,Gujarat,Ahmedabad
B-32664,05-10-2018,Shivanshu Kumar,Madhya Pradesh,Indore
B-32665,24-09-2018,Sukant Jain,Sikkim,Gangtok
B-32666,10-10-2018,Harsh Sharma,Nagaland,Kohima
B-32667,05-12-2018,Aman Patil,Maharashtra,Mumbai
B-32668,19-01-2018,Pratiksha Sharma,Maharashtra,Mumbai
B-32669,14-03-2018,Anurag Patil,Madhya Pradesh,Indore
B-32670,11-04-2018,Anita Kumar,Kerala ,Thiruvananthapuram
B-32671,03-11-2018,Mrunal,Maharashtra,Mumbai
B-32672,04-01-2018,Sidharth Sharma,Maharashtra,Mumbai
B-32673,05-10-2018,Sudheer Kumar,Karnataka,Bangalore
B-32674,21-03-2018,Pournamasi Rao,Madhya Pradesh,Indore
B-32675,12-04-2018,Shrichand Rao,Punjab,Chandigarh
B-32676,25-08-2018,Madhav Singh,Uttar Pradesh,Mathura
B-32677,09-04-2018,Yogesh Sharma,Bihar,Patna
B-32678,12-12-2018,Pradeep Sharma,Delhi,Delhi
B-32679,26-04-2018,Nishi Patil,Maharashtra,Mumbai
B-32680,19-07-2018,Sheetal Jain,Madhya Pradesh,Indore
B-32681,08-02-2018,Nandita Kumar,Rajasthan,Jaipur
B-32682,10-11-2018,Anand Singh,Madhya Pradesh,Indore
B-32683,23-01-2018,Jesslyn Kumar,Rajasthan,Udaipur
B-32684,20-09-2018,Asish Kumar,Jammu and Kashmir,Kashmir
B-32685,08-11-2018,Gaurav Sharma,Gujarat,Ahmedabad
B-32686,21-01-2018,Saloni Kumar,West Bengal,Kolkata
B-32687,22-06-2018,Vijay Kumar,Jammu and Kashmir,Kashmir
B-32688,04-11-2018,K Rao,Sikkim,Gangtok
B-32689,25-08-2018,Madhav Sharma,Uttar Pradesh,Mathura
B-32690,10-06-2018,Sheetal Rao,Madhya Pradesh,Indore
B-32691,13-02-2018,Jahan Jain,Madhya Pradesh,Bhopal
B-32692,14-10-2018,Sandeep Patil,Madhya Pradesh,Indore
B-32693,12-12-2018,Pradeep Jain,Delhi,Delhi
B-32694,24-09-2018,Aditya Rao,Himachal Pradesh,Simla
B-32695,27-08-2018,Noshiba Jain,Gujarat,Ahmedabad
B-32696,12-08-2018,Nitant Singh,Rajasthan,Jaipur
B-32697,16-03-2018,Priyanka Kumar,Maharashtra,Pune
B-32698,21-01-2018,Soumya Singh,Rajasthan,Udaipur
B-32699,22-03-2018,Hazel Sharma,Karnataka,Bangalore
B-32700,24-09-2018,Sukrith Rao,Maharashtra,Mumbai
B-32701,03-08-2018,Rane Jain,Maharashtra,Mumbai
B-32702,07-06-2018,Krutika Jain,Bihar,Patna
B-32703,24-01-2018,Madan Mohan Singh,Uttar Pradesh,Mathura
B-32704,30-08-2018,Surabhi Singh,Rajasthan,Jaipur
B-32705,27-06-2018,Shaily Rao,Maharashtra,Mumbai
B-32706,14-03-2018,Anurag Sharma,Madhya Pradesh,Indore
B-32707,10-03-2018,Harivansh Kumar,Uttar Pradesh,Mathura
B-32708,12-07-2018,Manshul Singh,Uttar Pradesh,Lucknow
B-32709,09-02-2018,Arpita Singh,Karnataka,Bangalore
B-32710,24-11-2018,Bhosale Sharma,Punjab,Amritsar
B-32711,10-11-2018,Abhijeet Jain,Maharashtra,Mumbai
B-32712,13-05-2018,Tulika,Madhya Pradesh,Bhopal
B-32713,15-11-2018,Aayush Sharma,Uttar Pradesh,Lucknow
B-32714,21-01-2018,Shreyshi Sharma,Gujarat,Surat
B-32715,22-07-2018,Turumella Singh,Madhya Pradesh,Indore
B-32716,15-09-2018,Rohit Sharma,Rajasthan,Jaipur
B-32717,23-08-2018,Soumya Kumar,Sikkim,Gangtok
B-32718,11-05-2018,Nida Jain,Madhya Pradesh,Indore
B-32719,14-08-2018,Nishant Rao,Maharashtra,Mumbai
B-32720,24-09-2018,Aditya Sharma,Himachal Pradesh,Simla
B-32721,12-02-2018,Bharat,Gujarat,Ahmedabad
B-32722,12-04-2018,Mohan Jain,Haryana,Chandigarh
B-32723,26-10-2018,Aastha Patil,Himachal Pradesh,Simla
B-32724,15-03-2018,Farah Rao,Nagaland,Kohima
B-32725,02-01-2018,Girase Rao,Kerala ,Thiruvananthapuram
B-32726,11-09-2018,Surabhi,Maharashtra,Mumbai
B-32727,16-03-2018,Shefali Rao,Rajasthan,Jaipur
B-32728,08-10-2018,Apsingekar Singh,Bihar,Patna
B-32729,17-05-2018,Subhashree Singh,Jammu and Kashmir,Kashmir
B-32730,10-10-2018,Harsh Patil,Nagaland,Kohima
B-32731,31-12-2018,Shreya Patil,Uttar Pradesh,Lucknow
B-32732,16-03-2018,Tulika,Madhya Pradesh,Bhopal
B-32733,22-01-2018,Rhea Singh,Maharashtra,Mumbai
B-32734,01-10-2018,Divyansh Sharma,Gujarat,Ahmedabad
B-32735,13-01-2018,Shruti,Madhya Pradesh,Indore
B-32736,29-10-2018,Krishna Sharma,Madhya Pradesh,Indore
B-32737,18-01-2018,Aparajita Rao,West Bengal,Kolkata
B-32738,08-01-2018,Ankur Singh,Andhra Pradesh,Hyderabad
B-32739,28-11-2018,Sumeet,Maharashtra,Mumbai
B-32740,01-07-2018,Shivani Kumar,Maharashtra,Mumbai
B-32741,22-09-2018,Akshay,Uttar Pradesh,Lucknow
B-32742,14-01-2018,Krutika Patil,Andhra Pradesh,Hyderabad
B-32743,03-02-2018,Madhav Kumar,Delhi,Delhi
B-32744,29-06-2018,Riya Singh,Maharashtra,Mumbai
B-32745,30-12-2018,Dipali Patil,Madhya Pradesh,Indore
B-32746,08-02-2018,Harsh Patil,Delhi,Delhi
B-32747,16-03-2018,Nida Rao,Madhya Pradesh,Indore
B-32748,23-02-2018,Hitika Singh,Madhya Pradesh,Indore
B-32749,17-12-2018,Geetanjali Patil,Delhi,Delhi
B-32750,15-05-2018,Sanskriti Patil,West Bengal,Kolkata
B-32751,27-07-2018,Anubhaw Jain,Karnataka,Bangalore
B-32752,30-10-2018,Pranjali Sharma,West Bengal,Kolkata
B-32753,10-09-2018,Aditi Kumar,Madhya Pradesh,Indore
B-32754,23-08-2018,Soumya Rao,Sikkim,Gangtok
B-32755,24-09-2018,Sukrith Sharma,Maharashtra,Mumbai
B-32756,14-08-2018,Priyanshu Kumar,Madhya Pradesh,Indore
B-32757,11-03-2018,Aditya Rao,Punjab,Chandigarh
B-32758,24-06-2018,Kritika Kumar,Uttar Pradesh,Lucknow
B-32759,13-03-2018,Chirag,Maharashtra,Mumbai
B-32760,22-07-2018,Turumella,Madhya Pradesh,Indore
B-32761,16-10-2018,Dheeraj Singh,Rajasthan,Jaipur
B-32762,15-11-2018,Amol,Bihar,Patna
B-32763,06-11-2018,Kushal Rao,Nagaland,Kohima
B-32764,10-10-2018,Nripraj Sharma,Punjab,Chandigarh
B-32765,25-02-2018,Hemant Kumar,Kerala ,Thiruvananthapuram
B-32766,03-08-2018,Ashwin Sharma,Goa,Goa
B-32767,21-11-2018,Gunjal Jain,Gujarat,Surat
B-32768,16-03-2018,Nida Sharma,Madhya Pradesh,Indore
B-32769,13-08-2018,Ayush Sharma,Maharashtra,Mumbai
B-32770,28-03-2018,Atharv,West Bengal,Kolkata
B-32771,21-03-2018,Pournamasi,Madhya Pradesh,Indore
B-32772,20-08-2018,Mohan Patil,Maharashtra,Mumbai
B-32773,28-10-2018,Harshita Kumar,Maharashtra,Mumbai
B-32774,27-10-2018,Mahima Jain,Sikkim,Gangtok
B-32775,13-04-2018,Vandana Patil,Himachal Pradesh,Simla
B-32776,03-06-2018,Bathina Kumar,Karnataka,Bangalore
B-32777,30-06-2018,Shweta,Madhya Pradesh,Indore
B-32778,21-01-2018,Paromita Sharma,Punjab,Amritsar
B-32779,15-07-2018,Namrata Rao,Punjab,Chandigarh
B-32780,22-11-2018,Saurabh,Maharashtra,Mumbai
B-32781,19-11-2018,Parakh Jain,Nagaland,Kohima
B-32782,03-05-2018,Sharda Kumar,Kerala ,Thiruvananthapuram
B-32783,07-11-2018,Soumyabrata Kumar,Andhra Pradesh,Hyderabad
B-32784,20-03-2018,Sweta Kumar,Maharashtra,Mumbai
B-32785,24-12-2018,Jayanti Jain,Uttar Pradesh,Prayagraj
B-32786,18-12-2018,Kajal Singh,Delhi,Delhi
B-32787,01-10-2018,Aryan Jain,Madhya Pradesh,Bhopal
B-32788,14-05-2018,Shefali Singh,Rajasthan,Jaipur
B-32789,27-03-2018,Sarita Kumar,Maharashtra,Pune
B-32790,24-01-2018,Madan Mohan Kumar,Uttar Pradesh,Mathura
B-32791,26-04-2018,Sanjay Sharma,Goa,Goa
B-32792,24-03-2018,Yogesh Singh,Bihar,Patna
B-32793,25-08-2018,Madhav Patil,Uttar Pradesh,Mathura
B-32794,13-02-2018,Pearl Kumar,Maharashtra,Pune
B-32795,28-05-2018,Arsheen Sharma,Gujarat,Ahmedabad
B-32796,07-08-2018,Aman Rao,Nagaland,Kohima
B-32797,15-03-2018,Farah Rao,Nagaland,Kohima
B-32798,11-06-2018,Pooja Kumar,Himachal Pradesh,Simla
B-32799,09-02-2018,Shubham,Jammu and Kashmir,Kashmir
B-32800,28-05-2018,Arsheen Rao,Gujarat,Ahmedabad
B-32801,26-04-2018,Ashmi Jain,Madhya Pradesh,Indore
B-32802,07-10-2018,Vipul Patil,Uttar Pradesh,Lucknow
B-32803,18-04-2018,Manju Sharma,Andhra Pradesh,Hyderabad
B-32804,25-08-2018,Madhav Jain,Uttar Pradesh,Mathura
B-32805,27-01-2018,Parin Singh,Maharashtra,Mumbai
B-32806,01-07-2018,Swetlana Sharma,Goa,Goa
B-32807,21-06-2018,Noopur Jain,Karnataka,Bangalore
B-32808,08-02-2018,Hitesh Sharma,Madhya Pradesh,Bhopal
B-32809,15-09-2018,Rohit,Rajasthan,Jaipur
B-32810,07-12-2018,Abhishek Rao,Rajasthan,Udaipur
B-32811,19-01-2018,Pratiksha Sharma,Maharashtra,Mumbai
B-32812,04-12-2018,Aditi Rao,Rajasthan,Udaipur
B-32813,28-05-2018,Akanksha Kumar,Andhra Pradesh,Hyderabad
B-32814,04-01-2018,Bhutekar Patil,Madhya Pradesh,Indore
B-32815,14-02-2018,Hazel Sharma,Karnataka,Bangalore
B-32816,08-04-2018,Aarushi,Tamil Nadu,Chennai
B-32817,27-04-2018,Paridhi Kumar,Rajasthan,Jaipur
B-32818,21-02-2018,Sarita Rao,Maharashtra,Pune
B-32819,22-02-2018,Deepak Rao,Madhya Pradesh,Bhopal
B-32820,10-12-2018,Ishpreet,Maharashtra,Mumbai
B-32821,08-03-2018,Ajay,Karnataka,Bangalore
B-32822,05-12-2018,Aman Singh,Maharashtra,Mumbai
B-32823,19-02-2018,Vandana,Himachal Pradesh,Simla
B-32824,13-01-2018,Jesal Kumar,West Bengal,Kolkata
B-32825,16-03-2018,Ankita,Maharashtra,Mumbai
B-32826,30-08-2018,Surabhi,Rajasthan,Jaipur
B-32827,08-03-2018,Ajay,Karnataka,Bangalore
B-32828,05-12-2018,Aman Rao,Maharashtra,Mumbai
B-32829,18-01-2018,Surbhi Kumar,Gujarat,Ahmedabad
B-32830,03-11-2018,Rohan,Himachal Pradesh,Simla
B-32831,22-10-2018,Tanushree Kumar,Maharashtra,Mumbai
B-32832,24-11-2018,Bhosale Jain,Punjab,Amritsar
B-32833,10-10-2018,Kshitij Singh,Madhya Pradesh,Indore
B-32834,12-07-2018,Rashmi Sharma,Madhya Pradesh,Indore
B-32835,25-01-2018,Priyanka,Uttar Pradesh,Prayagraj
B-32836,24-11-2018,Megha Jain,Rajasthan,Udaipur
B-32837,05-01-2018,Ankit Kumar,Haryana,Chandigarh
B-32838,09-08-2018,Kartik Jain,Gujarat,Ahmedabad
B-32839,15-12-2018,Phalguni,Madhya Pradesh,Bhopal
B-32840,04-01-2018,Bhutekar Patil,Madhya Pradesh,Indore
B-32841,24-04-2018,Pooja Singh,Bihar,Patna
B-32842,03-03-2018,Nidhi Jain,Nagaland,Kohima
B-32843,30-10-2018,Pranjali Kumar,West Bengal,Kolkata
B-32844,24-11-2018,Divyeshkumar Rao,Uttar Pradesh,Prayagraj
B-32845,07-10-2018,Vipul Patil,Uttar Pradesh,Lucknow
B-32846,27-07-2018,Anubhaw Singh,Karnataka,Bangalore
B-32847,10-02-2018,Komal Patil,Uttar Pradesh,Lucknow
B-32848,10-05-2018,Sabah Rao,Maharashtra,Mumbai
B-32849,25-11-2018,Lalita,Uttar Pradesh,Mathura
B-32850,22-09-2018,Akshay Kumar,Uttar Pradesh,Lucknow
B-32851,09-02-2018,Shubham Sharma,Jammu and Kashmir,Kashmir
B-32852,03-11-2018,Swati Patil,Madhya Pradesh,Indore
B-32853,19-11-2018,Parakh,Nagaland,Kohima
B-32854,15-03-2018,Tushina Sharma,Goa,Goa
B-32855,01-05-2018,Sonal,Bihar,Patna
B-32856,10-03-2018,Harivansh Kumar,Uttar Pradesh,Mathura
B-32857,28-03-2018,Atharv Kumar,West Bengal,Kolkata
B-32858,20-02-2018,Sagar Patil,Nagaland,Kohima
B-32859,06-09-2018,Shreya Kumar,Kerala ,Thiruvananthapuram
B-32860,01-07-2018,Aakanksha Sharma,Madhya Pradesh,Indore
B-32861,30-01-2018,Atul Singh,Delhi,Delhi
B-32862,04-06-2018,Aayushi Jain,Madhya Pradesh,Indore
B-32863,01-03-2018,Amit Rao,Sikkim,Gangtok
B-32864,27-06-2018,Shaily Sharma,Maharashtra,Mumbai
B-32865,26-03-2018,Bhavna Singh,Sikkim,Gangtok
B-32866,14-05-2018,Shefali,Rajasthan,Jaipur
B-32867,04-12-2018,Monu Jain,Punjab,Amritsar
B-32868,11-12-2018,Jaydeep Jain,Madhya Pradesh,Bhopal
B-32869,19-05-2018,Pournamasi Singh,Madhya Pradesh,Indore
B-32870,21-03-2018,Pournamasi Patil,Madhya Pradesh,Indore
B-32871,31-01-2018,Manjiri Patil,Delhi,Delhi
B-32872,16-03-2018,Nida Singh,Madhya Pradesh,Indore
B-32873,24-04-2018,Hemant Kumar,Kerala ,Thiruvananthapuram
B-32874,26-03-2018,Shrichand Rao,Punjab,Chandigarh
B-32875,08-02-2018,Harsh Kumar,Delhi,Delhi
B-32876,26-07-2018,Akash Jain,West Bengal,Kolkata
B-32877,04-02-2018,Yogesh Singh,Maharashtra,Pune
B-32878,13-02-2018,Divsha Patil,Rajasthan,Jaipur
B-32879,08-08-2018,Devendra Patil,Andhra Pradesh,Hyderabad
B-32880,21-01-2018,Saloni Jain,West Bengal,Kolkata
B-32881,23-12-2018,Neha Kumar,Rajasthan,Udaipur
B-32882,03-11-2018,Swati Jain,Madhya Pradesh,Indore
B-32883,23-01-2018,Jesslyn Patil,Rajasthan,Udaipur
B-32884,10-10-2018,Swapnil Patil,Madhya Pradesh,Indore
B-32885,17-06-2018,Rashmi Rao,Madhya Pradesh,Indore
B-32886,30-06-2018,Shweta Jain,Madhya Pradesh,Indore
B-32887,28-05-2018,Mahima Sharma,Maharashtra,Pune
B-32888,29-08-2018,Meghana Sharma,Madhya Pradesh,Bhopal
B-32889,17-08-2018,Shivam Kumar,Uttar Pradesh,Lucknow
B-32890,26-06-2018,Maithilee Sharma,Madhya Pradesh,Indore
B-32891,16-03-2018,Shefali Rao,Rajasthan,Jaipur
B-32892,21-01-2018,Soumya Sharma,Rajasthan,Udaipur
B-32893,10-11-2018,Anand Sharma,Madhya Pradesh,Indore
B-32894,09-06-2018,Samiksha Sharma,Maharashtra,Mumbai
B-32895,05-10-2018,Ankit,Maharashtra,Mumbai
B-32896,25-08-2018,Madhav Jain,Uttar Pradesh,Mathura
B-32897,08-10-2018,Apsingekar Kumar,Bihar,Patna
B-32898,13-02-2018,Pearl Singh,Maharashtra,Pune
B-32899,11-07-2018,Surabhi Kumar,Tamil Nadu,Chennai
B-32900,26-04-2018,Parth Rao,Maharashtra,Pune
B-32901,05-01-2018,Vineet Kumar,Sikkim,Gangtok
B-32902,27-04-2018,Lisha Sharma,Madhya Pradesh,Bhopal
B-32903,14-08-2018,Nishant Patil,Maharashtra,Mumbai
B-32904,09-07-2018,Stuti,Karnataka,Bangalore
B-32905,20-12-2018,Utkarsh Singh,Gujarat,Surat
B-32906,05-12-2018,Aman Singh,Maharashtra,Mumbai
B-32907,27-03-2018,Manju Jain,Andhra Pradesh,Hyderabad
B-32908,14-08-2018,Vaibhav Patil,Madhya Pradesh,Indore
B-32909,20-10-2018,Shyam Rao,Madhya Pradesh,Indore
B-32910,21-01-2018,Saloni Patil,West Bengal,Kolkata
B-32911,15-10-2018,Ankur Sharma,Madhya Pradesh,Bhopal
B-32912,21-01-2018,Sudevi Jain,Uttar Pradesh,Prayagraj
B-32913,27-08-2018,Noshiba Kumar,Gujarat,Ahmedabad
B-32914,04-12-2018,Monu Kumar,Punjab,Amritsar
B-32915,15-09-2018,Ayush Patil,West Bengal,Kolkata
B-32916,06-10-2018,Dhanraj,Madhya Pradesh,Indore
B-32917,23-01-2018,Jesslyn Singh,Rajasthan,Udaipur
B-32918,10-11-2018,Anand Rao,Madhya Pradesh,Indore
B-32919,23-12-2018,Neha,Rajasthan,Udaipur
B-32920,05-04-2018,Kasheen Patil,West Bengal,Kolkata
B-32921,07-05-2018,Anurag Patil,Madhya Pradesh,Indore
B-32922,31-07-2018,Akshat Jain,Maharashtra,Mumbai
B-32923,16-07-2018,Anchal Jain,Haryana,Chandigarh
B-32924,30-01-2018,Kajal Patil,Delhi,Delhi
B-32925,24-08-2018,Pooja Singh,Goa,Goa
B-32926,17-08-2018,Shivam Kumar,Uttar Pradesh,Lucknow
B-32927,22-01-2018,Mitali Rao,Madhya Pradesh,Indore
B-32928,05-10-2018,Sudheer Singh,Karnataka,Bangalore
B-32929,19-07-2018,Sheetal Kumar,Madhya Pradesh,Indore
B-32930,19-02-2018,Mukesh Singh,Haryana,Chandigarh
B-32931,02-11-2018,Sheetal Kumar,Maharashtra,Pune
B-32932,26-04-2018,Nidhi Singh,Nagaland,Kohima
B-32933,14-12-2018,Jay,Delhi,Delhi
B-32934,04-12-2018,Aditi Jain,Rajasthan,Udaipur
B-32935,15-09-2018,Ayush Rao,West Bengal,Kolkata
B-32936,21-01-2018,Sudevi,Uttar Pradesh,Prayagraj
B-32937,06-07-2018,Sakshi,Madhya Pradesh,Bhopal
B-32938,28-01-2018,Amruta Rao,Delhi,Delhi
B-32939,20-07-2018,Anisha,Nagaland,Kohima
B-32940,20-09-2018,Asish Singh,Jammu and Kashmir,Kashmir
B-32941,17-06-2018,Rashmi Jain,Madhya Pradesh,Indore
B-32942,14-08-2018,Nishant,Maharashtra,Mumbai
B-32943,03-05-2018,Sharda Sharma,Kerala ,Thiruvananthapuram
B-32944,01-03-2018,Amit Patil,Sikkim,Gangtok
B-32945,06-03-2018,Paridhi,Rajasthan,Jaipur
B-32946,30-03-2018,Bhishm Sharma,Maharashtra,Mumbai
B-32947,25-03-2018,Anita Kumar,Kerala ,Thiruvananthapuram
B-32948,06-04-2018,Sonakshi Rao,Jammu and Kashmir,Kashmir
B-32949,28-11-2018,Brijesh Kumar,Rajasthan,Udaipur
B-32950,15-07-2018,Namrata Jain,Punjab,Chandigarh
B-32951,15-09-2018,Ayush Rao,West Bengal,Kolkata
B-32952,03-02-2018,Omkar Rao,Delhi,Delhi
B-32953,23-03-2018,Jitesh Patil,Uttar Pradesh,Lucknow
B-32954,22-03-2018,Hazel Sharma,Karnataka,Bangalore
B-32955,10-10-2018,Swapnil Patil,Madhya Pradesh,Indore
B-32956,05-07-2018,Megha Singh,Maharashtra,Pune
B-32957,26-06-2018,Maithilee Jain,Madhya Pradesh,Indore
B-32958,17-06-2018,Rashmi Singh,Madhya Pradesh,Indore
B-32959,24-05-2018,Rhea Kumar,Himachal Pradesh,Simla
B-32960,05-10-2018,Yash,Maharashtra,Mumbai
B-32961,31-05-2018,Shreya Kumar,Madhya Pradesh,Bhopal
B-32962,31-01-2018,Nirja Rao,Delhi,Delhi
B-32963,22-09-2018,Akshay Jain,Uttar Pradesh,Lucknow
B-32964,01-07-2018,Kishwar Singh,Madhya Pradesh,Indore
B-32965,13-04-2018,Vandana Jain,Himachal Pradesh,Simla
B-32966,11-09-2018,Surabhi Singh,Maharashtra,Mumbai
B-32967,21-01-2018,Saloni,West Bengal,Kolkata
B-32968,28-03-2018,Vini Patil,Karnataka,Bangalore
B-32969,09-01-2018,Shardul Kumar,Gujarat,Ahmedabad
B-32970,15-11-2018,Akshay Patil,Tamil Nadu,Chennai
B-32971,10-03-2018,Harivansh,Uttar Pradesh,Mathura
B-32972,11-05-2018,Priyanka Singh,Maharashtra,Pune
B-32973,23-12-2018,Neha,Rajasthan,Udaipur
B-32974,14-03-2018,Anurag,Madhya Pradesh,Indore
B-32975,21-01-2018,Paromita,Punjab,Amritsar
B-32976,20-11-2018,Pranav Sharma,Andhra Pradesh,Hyderabad
B-32977,26-10-2018,Aastha Kumar,Himachal Pradesh,Simla
B-32978,10-03-2018,Harivansh Singh,Uttar Pradesh,Mathura
B-32979,27-04-2018,Paridhi Sharma,Rajasthan,Jaipur
B-32980,27-04-2018,Parishi Rao,West Bengal,Kolkata
B-32981,16-10-2018,Ajay Jain,West Bengal,Kolkata
B-32982,21-03-2018,Pearl,Maharashtra,Pune
B-32983,05-01-2018,Ankit Kumar,Haryana,Chandigarh
B-32984,20-01-2018,Oshin Jain,Maharashtra,Pune
B-32985,22-03-2018,Hazel Sharma,Karnataka,Bangalore
B-32986,19-03-2018,Subhashree Jain,Jammu and Kashmir,Kashmir
B-32987,17-06-2018,Rashmi Singh,Madhya Pradesh,Indore
B-32988,26-07-2018,Akash,West Bengal,Kolkata
B-32989,26-04-2018,Nidhi Jain,Nagaland,Kohima
B-32990,19-01-2018,Pratiksha Rao,Maharashtra,Mumbai
B-32991,24-11-2018,Divyeshkumar Singh,Uttar Pradesh,Prayagraj
B-32992,11-01-2018,Mhatre Sharma,Madhya Pradesh,Indore
B-32993,14-12-2018,Jay Singh,Delhi,Delhi
B-32994,30-09-2018,Sauptik Sharma,Madhya Pradesh,Indore
B-32995,25-03-2018,Anita Singh,Kerala ,Thiruvananthapuram
B-32996,28-01-2018,Amruta Patil,Delhi,Delhi
B-32997,01-11-2018,Ashvini Jain,Maharashtra,Mumbai
B-32998,22-07-2018,Madhulika Patil,Madhya Pradesh,Bhopal
B-32999,06-09-2018,Shreya Patil,Kerala ,Thiruvananthapuram
B-33000,20-02-2018,Manju Patil,Andhra Pradesh,Hyderabad
B-33001,21-07-2018,Kiran Kumar,Maharashtra,Mumbai
B-33002,21-09-2018,Dinesh Kumar,Tamil Nadu,Chennai
B-33003,15-11-2018,Akshay Jain,Tamil Nadu,Chennai
B-33004,10-08-2018,Shivam Patil,Maharashtra,Pune
B-33005,18-01-2018,Mahima Singh,Madhya Pradesh,Indore
B-33006,15-09-2018,Aayushi Jain,Maharashtra,Mumbai
B-33007,11-02-2018,Kartikay Jain,Bihar,Patna
B-33008,02-02-2018,Mugdha Rao,Delhi,Delhi
B-33009,03-04-2018,Divsha Jain,Rajasthan,Jaipur
B-33010,06-04-2018,Hazel Sharma,Karnataka,Bangalore
B-33011,14-08-2018,Vaibhav Singh,Madhya Pradesh,Indore
B-33012,03-11-2018,Snel Patil,Kerala ,Thiruvananthapuram
B-33013,05-10-2018,Sudheer Jain,Karnataka,Bangalore
B-33014,24-09-2018,Sukant Rao,Sikkim,Gangtok
B-33015,02-09-2018,Sanjana Rao,Bihar,Patna
B-33016,24-04-2018,Ritu Patil,Haryana,Chandigarh
B-33017,02-08-2018,Ayush Sharma,Punjab,Chandigarh
B-33018,22-02-2018,Monisha Patil,Rajasthan,Jaipur
B-33019,19-12-2018,Sukruta Singh,Punjab,Amritsar
B-33020,22-03-2018,Kasheen Singh,West Bengal,Kolkata
B-33021,05-10-2018,Yash Rao,Maharashtra,Mumbai
B-33022,04-02-2018,Yogesh Kumar,Maharashtra,Pune
B-33023,23-02-2018,Bhishm Kumar,Maharashtra,Mumbai
B-33024,17-08-2018,Shivam,Uttar Pradesh,Lucknow
B-33025,15-05-2018,Sanskriti Patil,West Bengal,Kolkata
B-33026,29-03-2018,Pinky,Jammu and Kashmir,Kashmir
B-33027,04-01-2018,Sudhir Patil,Nagaland,Kohima
B-33028,24-04-2018,Pooja Singh,Bihar,Patna
B-33029,12-12-2018,Pradeep Sharma,Delhi,Delhi
B-33030,31-07-2018,Akshat Singh,Maharashtra,Mumbai
B-33031,19-09-2018,Madan Mohan Rao,Uttar Pradesh,Mathura
B-33032,21-07-2018,Kiran Rao,Maharashtra,Mumbai
B-33033,15-11-2018,Aromal Singh,Maharashtra,Mumbai
B-33034,28-03-2018,Vini Singh,Karnataka,Bangalore
B-33035,18-11-2018,Vikash Sharma,Goa,Goa
B-33036,10-12-2018,Ishpreet Singh,Maharashtra,Mumbai
B-33037,15-11-2018,Arun,Madhya Pradesh,Indore
B-33038,15-03-2018,Tushina Sharma,Goa,Goa
B-33039,20-09-2018,Asish Kumar,Jammu and Kashmir,Kashmir
B-33040,24-06-2018,Kritika Singh,Uttar Pradesh,Lucknow
B-33041,01-07-2018,Aakanksha Sharma,Madhya Pradesh,Indore
B-33042,25-05-2018,Piyali Patil,Sikkim,Gangtok
B-33043,12-01-2018,Saurabh Singh,Andhra Pradesh,Hyderabad
B-33044,24-11-2018,Dashyam Patil,Gujarat,Surat
B-33045,15-06-2018,Gunjan,Madhya Pradesh,Indore
B-33046,24-11-2018,Siddharth Singh,Madhya Pradesh,Indore
B-33047,04-02-2018,Yohann,Delhi,Delhi
B-33048,26-04-2018,Parth Patil,Maharashtra,Pune
B-33049,10-07-2018,Srishti,Jammu and Kashmir,Kashmir
B-33050,06-04-2018,Hazel Sharma,Karnataka,Bangalore
B-33051,02-09-2018,Surbhi Singh,Maharashtra,Mumbai
B-33052,24-04-2018,Pooja Rao,Bihar,Patna
B-33053,16-10-2018,Ajay Rao,West Bengal,Kolkata
B-33054,21-01-2018,Saloni Singh,West Bengal,Kolkata
B-33055,23-12-2018,Neha Jain,Rajasthan,Udaipur
B-33056,13-02-2018,Divsha Kumar,Rajasthan,Jaipur
B-33057,15-02-2018,Jitesh,Uttar Pradesh,Lucknow
B-33058,17-08-2018,Shivam Singh,Uttar Pradesh,Lucknow
B-33059,28-11-2018,Sumeet Sharma,Maharashtra,Mumbai
B-33060,24-02-2018,Pooja Singh,Bihar,Patna
B-33061,28-11-2018,Brijesh,Rajasthan,Udaipur
B-33062,17-01-2018,Shreya,Maharashtra,Mumbai
B-33063,11-08-2018,Harsh Jain,Madhya Pradesh,Bhopal
B-33064,27-06-2018,Shaily Rao,Maharashtra,Mumbai
B-33065,24-04-2018,Sahil Rao,Punjab,Chandigarh
B-33066,03-11-2018,Mrunal Rao,Maharashtra,Mumbai
B-33067,11-12-2018,Jaydeep Patil,Madhya Pradesh,Bhopal
B-33068,01-03-2018,Amit Jain,Sikkim,Gangtok
B-33069,15-11-2018,Arun Rao,Madhya Pradesh,Indore
B-33070,05-12-2018,Aman Patil,Maharashtra,Mumbai
B-33071,14-10-2018,Sandeep Jain,Madhya Pradesh,Indore
B-33072,23-08-2018,Soumya Patil,Sikkim,Gangtok
B-33073,24-11-2018,Bhosale Rao,Punjab,Amritsar
B-33074,07-11-2018,Soumyabrata Kumar,Andhra Pradesh,Hyderabad
B-33075,23-12-2018,Neha Rao,Rajasthan,Udaipur
B-33076,07-03-2018,Parishi Singh,West Bengal,Kolkata
B-33077,29-07-2018,Pranav Rao,Madhya Pradesh,Indore
B-33078,05-04-2018,Kasheen,West Bengal,Kolkata
B-33079,06-07-2018,Sakshi Jain,Madhya Pradesh,Bhopal
B-33080,19-02-2018,Kanak Kumar,Goa,Goa
B-33081,28-05-2018,Akanksha Sharma,Andhra Pradesh,Hyderabad
B-33082,27-04-2018,Paridhi Jain,Rajasthan,Jaipur
B-33083,08-02-2018,Harsh Kumar,Delhi,Delhi
B-33084,20-10-2018,Shyam Sharma,Madhya Pradesh,Indore
B-33085,22-01-2018,Rhea Kumar,Maharashtra,Mumbai
B-33086,06-11-2018,Kushal Jain,Nagaland,Kohima
B-33087,12-07-2018,Anjali Sharma,Maharashtra,Mumbai
B-33088,12-07-2018,Anjali Kumar,Maharashtra,Mumbai
B-33089,05-01-2018,Nikhil Patil,Punjab,Chandigarh
B-33090,27-02-2018,Ritu,Haryana,Chandigarh
B-33091,15-02-2018,Jitesh Kumar,Uttar Pradesh,Lucknow
B-33092,14-01-2018,Krutika Rao,Andhra Pradesh,Hyderabad
B-33093,12-04-2018,Mohan Rao,Haryana,Chandigarh
B-33094,14-01-2018,Krutika Jain,Andhra Pradesh,Hyderabad
B-33095,02-08-2018,Ayush,Punjab,Chandigarh
B-33096,15-11-2018,Arun Jain,Madhya Pradesh,Indore
B-33097,04-02-2018,Anmol Rao,Rajasthan,Udaipur
B-33098,09-08-2018,Kartik Sharma,Gujarat,Ahmedabad
B-33099,31-03-2018,Hitika Jain,Madhya Pradesh,Indore
B-33100,03-11-2018,Mrunal Patil,Maharashtra,Mumbai
B-33101,28-06-2018,Ekta Jain,Madhya Pradesh,Indore
B-33102,15-09-2018,Aayushi Kumar,Maharashtra,Mumbai
B-33103,18-01-2018,Surbhi Patil,Gujarat,Ahmedabad
B-33104,20-12-2018,Utkarsh Singh,Gujarat,Surat
B-33105,07-01-2018,Jaideep Patil,Nagaland,Kohima
B-33106,24-08-2018,Pooja,Goa,Goa
B-33107,10-10-2018,Harsh Kumar,Nagaland,Kohima
B-33108,18-11-2018,Vikash Kumar,Goa,Goa
B-33109,23-04-2018,Bhishm Patil,Maharashtra,Mumbai
B-33110,07-12-2018,Abhishek Kumar,Rajasthan,Udaipur
B-33111,23-11-2018,Divyeta Sharma,Madhya Pradesh,Indore
B-33112,08-06-2018,Shreya Sharma,Kerala ,Thiruvananthapuram
B-33113,17-02-2018,Anita Rao,Kerala ,Thiruvananthapuram
B-33114,20-05-2018,Pratyusmita Rao,Bihar,Patna
B-33115,19-02-2018,Mukesh Sharma,Haryana,Chandigarh
B-33116,31-08-2018,Ashmeet Jain,West Bengal,Kolkata
B-33117,16-12-2018,Preksha,Delhi,Delhi
B-33118,09-03-2018,Kirti Jain,Jammu and Kashmir,Kashmir
B-33119,28-06-2018,Ekta Sharma,Madhya Pradesh,Indore
B-33120,22-06-2018,Vijay Kumar,Jammu and Kashmir,Kashmir
B-33121,08-07-2018,Raksha Rao,West Bengal,Kolkata
B-33122,15-11-2018,Aayush,Uttar Pradesh,Lucknow
B-33123,09-04-2018,Jitesh Patil,Uttar Pradesh,Lucknow
B-33124,11-12-2018,Abhijit Jain,Delhi,Delhi
B-33125,02-09-2018,Sakshi Jain,Madhya Pradesh,Indore
B-33126,25-04-2018,Manish Kumar,Himachal Pradesh,Simla
B-33127,15-09-2018,Aayushi Jain,Maharashtra,Mumbai
B-33128,27-01-2018,Shivangi Singh,Madhya Pradesh,Indore
B-33129,21-05-2018,Chayanika Rao,Kerala ,Thiruvananthapuram
B-33130,30-06-2018,Shweta Rao,Madhya Pradesh,Indore
B-33131,03-11-2018,Mrunal Rao,Maharashtra,Mumbai
B-33132,27-07-2018,Anubhaw Sharma,Karnataka,Bangalore
B-33133,09-04-2018,Jitesh Sharma,Uttar Pradesh,Lucknow
B-33134,08-08-2018,Devendra Patil,Andhra Pradesh,Hyderabad
B-33135,23-12-2018,Neha,Rajasthan,Udaipur
B-33136,31-01-2018,Manjiri Kumar,Delhi,Delhi
B-33137,01-07-2018,Aakanksha Singh,Madhya Pradesh,Indore
B-33138,03-01-2018,Monica Patil,Punjab,Chandigarh
B-33139,15-11-2018,Aayush,Uttar Pradesh,Lucknow
B-33140,09-07-2018,Stuti Patil,Karnataka,Bangalore
B-33141,15-04-2018,Kanak,Goa,Goa
B-33142,21-01-2018,Sudevi,Uttar Pradesh,Prayagraj
B-33143,20-11-2018,Pranav Jain,Andhra Pradesh,Hyderabad
B-33144,26-03-2018,Bhavna Singh,Sikkim,Gangtok
B-33145,11-05-2018,Priyanka,Maharashtra,Pune
B-33146,12-04-2018,Shrichand Rao,Punjab,Chandigarh
B-33147,20-07-2018,Anisha Jain,Nagaland,Kohima
B-33148,18-01-2018,Mahima Sharma,Madhya Pradesh,Indore
B-33149,26-06-2018,Maithilee Singh,Madhya Pradesh,Indore
B-33150,12-07-2018,Manshul Sharma,Uttar Pradesh,Lucknow
B-33151,04-06-2018,Bhawna Sharma,Madhya Pradesh,Indore
B-33152,22-07-2018,Madhulika Rao,Madhya Pradesh,Bhopal
B-33153,16-05-2018,Shruti Patil,Karnataka,Bangalore
B-33154,26-02-2018,Sahil Jain,Punjab,Chandigarh
B-33155,04-01-2018,Bhutekar Kumar,Madhya Pradesh,Indore
B-33156,16-10-2018,Dheeraj Kumar,Rajasthan,Jaipur
B-33157,16-11-2018,Komal Sharma,Himachal Pradesh,Simla
B-33158,26-03-2018,Kanak Patil,Goa,Goa
B-33159,10-02-2018,Komal Sharma,Uttar Pradesh,Lucknow
B-33160,16-11-2018,Komal,Himachal Pradesh,Simla
B-33161,08-02-2018,Hitesh Singh,Madhya Pradesh,Bhopal
B-33162,02-02-2018,Mugdha Rao,Delhi,Delhi
B-33163,21-11-2018,Gunjal Singh,Gujarat,Surat
B-33164,17-02-2018,Anita Rao,Kerala ,Thiruvananthapuram
B-33165,20-05-2018,Pratyusmita Rao,Bihar,Patna
B-33166,28-06-2018,Ekta Sharma,Madhya Pradesh,Indore
B-33167,19-02-2018,Vandana Singh,Himachal Pradesh,Simla
B-33168,22-07-2018,Turumella Jain,Madhya Pradesh,Indore
B-33169,23-02-2018,Hitika Singh,Madhya Pradesh,Indore
B-33170,21-01-2018,Shreyshi Rao,Gujarat,Surat
B-33171,27-02-2018,Ritu Patil,Haryana,Chandigarh
B-33172,23-02-2018,Vini,Karnataka,Bangalore
B-33173,20-04-2018,Sarita Rao,Maharashtra,Pune
B-33174,14-08-2018,Priyanshu,Madhya Pradesh,Indore
B-33175,25-05-2018,Piyali Rao,Sikkim,Gangtok
B-33176,26-03-2018,Shrichand Rao,Punjab,Chandigarh
B-33177,08-02-2018,Harsh Singh,Delhi,Delhi
B-33178,24-09-2018,Sukant Patil,Sikkim,Gangtok
B-33179,27-03-2018,Deepak Singh,Madhya Pradesh,Bhopal
B-33180,17-01-2018,Shreya Rao,Maharashtra,Mumbai
B-33181,17-12-2018,Geetanjali Sharma,Delhi,Delhi
B-33182,05-10-2018,Ankit Sharma,Maharashtra,Mumbai
B-33183,11-06-2018,Swetha Singh,Madhya Pradesh,Indore
B-33184,08-08-2018,Devendra Sharma,Andhra Pradesh,Hyderabad
B-33185,01-05-2018,Yaanvi Sharma,Madhya Pradesh,Indore
B-33186,18-02-2018,Shrichand Rao,Punjab,Chandigarh
B-33187,09-07-2018,Stuti,Karnataka,Bangalore
B-33188,18-06-2018,Suhani Rao,West Bengal,Kolkata
B-33189,01-08-2018,Shubham Jain,Madhya Pradesh,Indore
B-33190,15-03-2018,Farah Patil,Nagaland,Kohima
B-33191,10-12-2018,Ishpreet Patil,Maharashtra,Mumbai
B-33192,28-11-2018,Sumeet Sharma,Maharashtra,Mumbai
B-33193,05-04-2018,Kasheen Sharma,West Bengal,Kolkata
B-33194,27-11-2018,Saptadeep Singh,Gujarat,Surat
B-33195,29-10-2018,Sanjana Rao,Madhya Pradesh,Indore
B-33196,07-07-2018,Adhvaita,Rajasthan,Jaipur
B-33197,28-05-2018,Akanksha Patil,Andhra Pradesh,Hyderabad
B-33198,07-02-2018,Patil Sharma,Delhi,Delhi
B-33199,24-09-2018,Avish Sharma,Kerala ,Thiruvananthapuram
B-33200,28-06-2018,Ekta,Madhya Pradesh,Indore
B-33201,09-02-2018,Shubham Singh,Jammu and Kashmir,Kashmir
B-33202,21-05-2018,Chayanika Patil,Kerala ,Thiruvananthapuram
B-33203,27-06-2018,Shaily Kumar,Maharashtra,Mumbai
B-33204,23-10-2018,Sheetal Kumar,Madhya Pradesh,Indore
B-33205,03-06-2018,Bathina,Karnataka,Bangalore
B-33206,31-01-2018,Nirja Kumar,Delhi,Delhi
B-33207,11-06-2018,Swetha Patil,Madhya Pradesh,Indore
B-33208,27-01-2018,Shivangi Rao,Madhya Pradesh,Indore
B-33209,04-12-2018,Sathya,Gujarat,Surat
B-33210,11-05-2018,Priyanka Sharma,Maharashtra,Pune
B-33211,01-03-2018,Amit Sharma,Sikkim,Gangtok
B-33212,03-04-2018,Divsha Sharma,Rajasthan,Jaipur
B-33213,05-04-2018,Kasheen Jain,West Bengal,Kolkata
B-33214,26-10-2018,Aastha Sharma,Himachal Pradesh,Simla
B-33215,18-08-2018,Akshay Sharma,Bihar,Patna
B-33216,27-06-2018,Shaily Rao,Maharashtra,Mumbai
B-33217,21-08-2018,Vishakha Jain,Madhya Pradesh,Indore
B-33218,10-10-2018,Swapnil Sharma,Madhya Pradesh,Indore
B-33219,27-06-2018,Shaily Patil,Maharashtra,Mumbai
B-33220,22-07-2018,Madhulika Patil,Madhya Pradesh,Bhopal
B-33221,04-12-2018,Divyansha,Maharashtra,Mumbai
B-33222,29-10-2018,Arti Sharma,Maharashtra,Pune
B-33223,08-02-2018,Parnavi Rao,West Bengal,Kolkata
B-33224,01-11-2018,Ashvini Sharma,Maharashtra,Mumbai
B-33225,06-05-2018,Chirag Jain,Maharashtra,Mumbai
B-33226,31-08-2018,Ashmeet Patil,West Bengal,Kolkata
B-33227,16-01-2018,Shiva Rao,Maharashtra,Pune
B-33228,24-04-2018,Ritu Sharma,Haryana,Chandigarh
B-33229,26-03-2018,Kanak Jain,Goa,Goa
B-33230,20-12-2018,Utkarsh Patil,Gujarat,Surat
B-33231,15-11-2018,Aayush Sharma,Uttar Pradesh,Lucknow
B-33232,18-01-2018,Muskan Kumar,Madhya Pradesh,Indore
B-33233,24-11-2018,Bhosale Kumar,Punjab,Amritsar
B-33234,01-09-2018,Shreyoshe Kumar,Karnataka,Bangalore
B-33235,18-01-2018,Surbhi Patil,Gujarat,Ahmedabad
B-33236,13-12-2018,Sujay,Maharashtra,Pune
B-33237,22-03-2018,Kasheen Rao,West Bengal,Kolkata
B-33238,17-12-2018,Geetanjali,Delhi,Delhi
B-33239,12-07-2018,Anjali Patil,Maharashtra,Mumbai
B-33240,18-01-2018,Shreya Jain,Andhra Pradesh,Hyderabad
B-33241,01-08-2018,Shubham Rao,Madhya Pradesh,Indore
B-33242,21-12-2018,Sanjay Kumar,Maharashtra,Mumbai
B-33243,21-08-2018,Vishakha Sharma,Madhya Pradesh,Indore
B-33244,01-01-2018,Smriti Patil,Bihar,Patna
B-33245,21-03-2018,Pearl,Maharashtra,Pune
B-33246,26-11-2018,Masurkar Singh,Punjab,Amritsar
B-33247,05-05-2018,Rachna Rao,Haryana,Chandigarh
B-33248,15-11-2018,Aromal Kumar,Maharashtra,Mumbai
B-33249,21-01-2018,Shreyshi Kumar,Gujarat,Surat
B-33250,14-01-2018,Krutika Sharma,Andhra Pradesh,Hyderabad
B-33251,27-04-2018,Parishi Patil,West Bengal,Kolkata
B-33252,03-08-2018,Ashwin Kumar,Goa,Goa
B-33253,08-02-2018,Harsh Patil,Delhi,Delhi
B-33254,10-05-2018,Sabah Kumar,Maharashtra,Mumbai
B-33255,04-03-2018,Parth Jain,Maharashtra,Pune
B-33256,02-08-2018,Ayush Singh,Punjab,Chandigarh
B-33257,16-10-2018,Ajay Jain,West Bengal,Kolkata
B-33258,22-07-2018,Madhulika Rao,Madhya Pradesh,Bhopal
B-33259,30-09-2018,Sauptik Sharma,Madhya Pradesh,Indore
B-33260,01-11-2018,Ashvini Sharma,Maharashtra,Mumbai
B-33261,27-05-2018,Mitali Kumar,Nagaland,Kohima
B-33262,26-04-2018,Parth Sharma,Maharashtra,Pune
B-33263,03-05-2018,Sharda Kumar,Kerala ,Thiruvananthapuram
B-33264,12-04-2018,Shrichand Sharma,Punjab,Chandigarh
B-33265,14-08-2018,Nishant,Maharashtra,Mumbai
B-33266,22-05-2018,Tanvi Kumar,Punjab,Chandigarh
B-33267,04-02-2018,Prashant Kumar,Delhi,Delhi
B-33268,09-12-2018,Anand Kumar,Punjab,Amritsar
B-33269,10-11-2018,Abhijeet Patil,Maharashtra,Mumbai
B-33270,28-03-2018,Monisha Rao,Rajasthan,Jaipur
B-33271,08-07-2018,Raksha Jain,West Bengal,Kolkata
B-33272,28-11-2018,Brijesh Kumar,Rajasthan,Udaipur
B-33273,22-02-2018,Monisha Jain,Rajasthan,Jaipur
B-33274,03-11-2018,Rohan Jain,Himachal Pradesh,Simla
B-33275,04-11-2018,K Patil,Sikkim,Gangtok
B-33276,10-03-2018,Mayank Kumar,Maharashtra,Mumbai
B-33277,25-01-2018,Piyam Jain,Punjab,Amritsar
B-33278,26-04-2018,Sanjay,Goa,Goa
B-33279,09-02-2018,Kalyani Singh,Tamil Nadu,Chennai
B-33280,24-04-2018,Hemant Sharma,Kerala ,Thiruvananthapuram
B-33281,10-10-2018,Swapnil Singh,Madhya Pradesh,Indore
B-33282,22-01-2018,Mitali Singh,Madhya Pradesh,Indore
B-33283,17-08-2018,Shivam Patil,Uttar Pradesh,Lucknow
B-33284,10-11-2018,Anand Singh,Madhya Pradesh,Indore
B-33285,08-10-2018,Apsingekar Rao,Bihar,Patna
B-33286,24-11-2018,Siddharth Singh,Madhya Pradesh,Indore
B-33287,24-09-2018,Avish Rao,Kerala ,Thiruvananthapuram
B-33288,03-11-2018,Rohan Sharma,Himachal Pradesh,Simla
B-33289,01-04-2018,Bharat Patil,Gujarat,Ahmedabad
B-33290,13-01-2018,Mukund Singh,Maharashtra,Pune
B-33291,31-07-2018,Akshat,Maharashtra,Mumbai
B-33292,31-01-2018,Manjiri Kumar,Delhi,Delhi
B-33293,15-12-2018,Phalguni Singh,Madhya Pradesh,Bhopal
B-33294,24-11-2018,Megha Singh,Rajasthan,Udaipur
B-33295,30-01-2018,Atul Rao,Delhi,Delhi
B-33296,26-04-2018,Amit Sharma,Sikkim,Gangtok
B-33297,15-03-2018,Tushina Kumar,Goa,Goa
B-33298,03-11-2018,Mrunal Jain,Maharashtra,Mumbai
B-33299,14-02-2018,Sonakshi Singh,Jammu and Kashmir,Kashmir
B-33300,23-04-2018,Hitika Rao,Madhya Pradesh,Indore
B-33301,08-11-2018,Gaurav Rao,Gujarat,Ahmedabad
B-33302,02-02-2018,Mugdha Jain,Delhi,Delhi
B-33303,30-04-2018,Mayank Kumar,Maharashtra,Mumbai
B-33304,04-01-2018,Sudhir Kumar,Nagaland,Kohima
B-33305,04-12-2018,Divyansha Rao,Maharashtra,Mumbai
B-33306,03-11-2018,Snel Jain,Kerala ,Thiruvananthapuram
B-33307,03-11-2018,Swati Patil,Madhya Pradesh,Indore
B-33308,08-08-2018,Devendra Jain,Andhra Pradesh,Hyderabad
B-33309,27-04-2018,Parishi Patil,West Bengal,Kolkata
B-33310,16-12-2018,Preksha,Delhi,Delhi
B-33311,14-01-2018,Trupti Sharma,Gujarat,Ahmedabad
B-33312,31-10-2018,Sneha,Karnataka,Bangalore
B-33313,03-11-2018,Mrunal Sharma,Maharashtra,Mumbai
B-33314,21-01-2018,Saloni Jain,West Bengal,Kolkata
B-33315,15-11-2018,Manibalan Sharma,Kerala ,Thiruvananthapuram
B-33316,18-04-2018,Manju Rao,Andhra Pradesh,Hyderabad
B-33317,28-05-2018,Arsheen Jain,Gujarat,Ahmedabad
B-33318,07-09-2018,Snehal Patil,Punjab,Chandigarh
B-33319,01-11-2018,Ashvini Rao,Maharashtra,Mumbai
B-33320,03-11-2018,Rohan Patil,Himachal Pradesh,Simla
B-33321,30-06-2018,Shweta Kumar,Madhya Pradesh,Indore
B-33322,14-01-2018,Krutika Rao,Andhra Pradesh,Hyderabad
B-33323,23-11-2018,Divyeta,Madhya Pradesh,Indore
B-33324,04-05-2018,Aditya,Punjab,Chandigarh
B-33325,05-01-2018,Ankit Patil,Haryana,Chandigarh
B-33326,01-10-2018,Aryan Sharma,Madhya Pradesh,Bhopal
B-33327,31-03-2018,Hitika Rao,Madhya Pradesh,Indore
B-33328,21-07-2018,Kiran,Maharashtra,Mumbai
B-33329,28-12-2018,Prajakta Patil,Karnataka,Bangalore
B-33330,29-04-2018,Kirti Singh,Jammu and Kashmir,Kashmir
B-33331,13-05-2018,Tulika Patil,Madhya Pradesh,Bhopal
B-33332,02-03-2018,Sanjay Sharma,Goa,Goa
B-33333,16-10-2018,Ajay Kumar,West Bengal,Kolkata
B-33334,26-04-2018,Nishi,Maharashtra,Mumbai
B-33335,24-09-2018,Siddharth Singh,Madhya Pradesh,Indore
B-33336,16-03-2018,Priyanka,Maharashtra,Pune
B-33337,27-06-2018,Shaily Jain,Maharashtra,Mumbai
B-33338,25-11-2018,Lalita Patil,Uttar Pradesh,Mathura
B-33339,26-04-2018,Nidhi Jain,Nagaland,Kohima
B-33340,07-06-2018,Krutika Rao,Bihar,Patna
B-33341,21-10-2018,Kartik Patil,Madhya Pradesh,Indore
B-33342,17-04-2018,Sagar,Nagaland,Kohima
B-33343,18-01-2018,Mahima Patil,Madhya Pradesh,Indore
B-33344,16-01-2018,Shiva Singh,Maharashtra,Pune
B-33345,14-02-2018,Hazel Kumar,Karnataka,Bangalore
B-33346,07-01-2018,Jaideep Sharma,Nagaland,Kohima
B-33347,27-01-2018,Aayushi Kumar,Gujarat,Surat
B-33348,15-12-2018,Phalguni Singh,Madhya Pradesh,Bhopal
B-33349,25-10-2018,Apoorva Singh,Haryana,Chandigarh
B-33350,13-10-2018,Praneet Jain,Maharashtra,Mumbai
B-33351,04-03-2018,Nishi Rao,Maharashtra,Mumbai
B-33352,22-11-2018,Saurabh Rao,Maharashtra,Mumbai
B-33353,07-06-2018,Krutika Jain,Bihar,Patna
B-33354,03-04-2018,Jahan Singh,Madhya Pradesh,Bhopal
B-33355,10-07-2018,Srishti Patil,Jammu and Kashmir,Kashmir
B-33356,02-11-2018,Sheetal,Maharashtra,Pune
B-33357,01-03-2018,Amit Sharma,Sikkim,Gangtok
B-33358,14-08-2018,Priyanshu,Madhya Pradesh,Indore
B-33359,26-03-2018,Bhavna Sharma,Sikkim,Gangtok
B-33360,02-08-2018,Ayush Sharma,Punjab,Chandigarh
B-33361,01-07-2018,Swetlana Rao,Goa,Goa
B-33362,05-10-2018,Ankit Jain,Maharashtra,Mumbai
B-33363,27-04-2018,Paridhi Patil,Rajasthan,Jaipur
B-33364,29-10-2018,Moumita Patil,Gujarat,Ahmedabad
B-33365,29-10-2018,Moumita Jain,Gujarat,Ahmedabad
B-33366,10-10-2018,Nripraj Jain,Punjab,Chandigarh
B-33367,14-12-2018,Jay Kumar,Delhi,Delhi
B-33368,01-03-2018,Amit Rao,Sikkim,Gangtok
B-33369,15-11-2018,Arun Singh,Madhya Pradesh,Indore
B-33370,04-02-2018,Anmol Kumar,Rajasthan,Udaipur
B-33371,01-07-2018,Shivani Singh,Maharashtra,Mumbai
B-33372,18-06-2018,Suhani,West Bengal,Kolkata
B-33373,25-10-2018,Apoorva Singh,Haryana,Chandigarh
B-33374,11-05-2018,Priyanka Rao,Maharashtra,Pune
B-33375,24-12-2018,Jayanti Singh,Uttar Pradesh,Prayagraj
B-33376,22-07-2018,Madhulika Singh,Madhya Pradesh,Bhopal
B-33377,10-07-2018,Srishti Patil,Jammu and Kashmir,Kashmir
B-33378,03-08-2018,Rane Singh,Maharashtra,Mumbai
B-33379,02-06-2018,Ekta,West Bengal,Kolkata
B-33380,22-02-2018,Monisha Kumar,Rajasthan,Jaipur
B-33381,22-12-2018,Karandeep Kumar,Madhya Pradesh,Indore
B-33382,27-07-2018,Anubhaw Jain,Karnataka,Bangalore
B-33383,27-03-2018,Ramesh Rao,Gujarat,Ahmedabad
B-33384,13-01-2018,Priyanka Jain,Madhya Pradesh,Indore
B-33385,22-07-2018,Turumella Patil,Madhya Pradesh,Indore
B-33386,20-11-2018,Pranav Singh,Andhra Pradesh,Hyderabad
B-33387,25-04-2018,Manish Rao,Himachal Pradesh,Simla
B-33388,03-04-2018,Jahan,Madhya Pradesh,Bhopal
B-33389,01-01-2018,Smriti Patil,Bihar,Patna
B-33390,24-12-2018,Jayanti Kumar,Uttar Pradesh,Prayagraj
B-33391,14-01-2018,Trupti Jain,Gujarat,Ahmedabad
B-33392,17-05-2018,Sweta Patil,Maharashtra,Mumbai
B-33393,22-08-2018,Shubham,Himachal Pradesh,Simla
B-33394,08-07-2018,Raksha Singh,West Bengal,Kolkata
B-33395,22-07-2018,Madhulika Sharma,Madhya Pradesh,Bhopal
B-33396,18-12-2018,Kajal Kumar,Delhi,Delhi
B-33397,23-12-2018,Neha Jain,Rajasthan,Udaipur
B-33398,24-05-2018,Rhea Rao,Himachal Pradesh,Simla
B-33399,22-02-2018,Deepak Kumar,Madhya Pradesh,Bhopal
B-33400,27-10-2018,Mahima Rao,Sikkim,Gangtok
B-33401,07-07-2018,Adhvaita Jain,Rajasthan,Jaipur
B-33402,08-11-2018,Abhijeet,Madhya Pradesh,Bhopal
B-33403,29-10-2018,Sanjana Singh,Madhya Pradesh,Indore
B-33404,15-03-2018,Farah,Nagaland,Kohima
B-33405,29-12-2018,Shruti,Maharashtra,Mumbai
B-33406,24-03-2018,Yogesh Sharma,Bihar,Patna
B-33407,06-04-2018,Hazel Patil,Karnataka,Bangalore
B-33408,01-02-2018,Anjali Rao,Delhi,Delhi
B-33409,26-04-2018,Parth,Maharashtra,Pune
B-33410,09-06-2018,Samiksha Singh,Maharashtra,Mumbai
B-33411,27-03-2018,Manju Rao,Andhra Pradesh,Hyderabad
B-33412,09-03-2018,Kirti,Jammu and Kashmir,Kashmir
B-33413,01-07-2018,Aakanksha Jain,Madhya Pradesh,Indore
B-33414,19-02-2018,Mukesh Kumar,Haryana,Chandigarh
B-33415,03-08-2018,Rane Kumar,Maharashtra,Mumbai
B-33416,10-11-2018,Anand Patil,Madhya Pradesh,Indore
B-33417,27-03-2018,Deepak Jain,Madhya Pradesh,Bhopal
B-33418,21-01-2018,Saloni,West Bengal,Kolkata
B-33419,03-11-2018,Swati Jain,Madhya Pradesh,Indore
B-33420,05-01-2018,Vineet Rao,Sikkim,Gangtok
B-33421,31-10-2018,Sneha Jain,Karnataka,Bangalore
B-33422,10-11-2018,Anand Sharma,Madhya Pradesh,Indore
B-33423,24-11-2018,Divyeshkumar,Uttar Pradesh,Prayagraj
B-33424,19-01-2018,Pratiksha Rao,Maharashtra,Mumbai
B-33425,05-07-2018,Megha Kumar,Maharashtra,Pune
B-33426,21-08-2018,Vishakha Kumar,Madhya Pradesh,Indore
B-33427,06-04-2018,Hazel,Karnataka,Bangalore
B-33428,04-02-2018,Yogesh Jain,Maharashtra,Pune
B-33429,07-08-2018,Aman Kumar,Nagaland,Kohima
B-33430,22-07-2018,Turumella Sharma,Madhya Pradesh,Indore
B-33431,21-01-2018,Sudevi Rao,Uttar Pradesh,Prayagraj
B-33432,22-02-2018,Monisha Rao,Rajasthan,Jaipur
B-33433,29-10-2018,Arti Jain,Maharashtra,Pune
B-33434,14-02-2018,Kasheen Singh,West Bengal,Kolkata
B-33435,08-11-2018,Abhijeet Singh,Madhya Pradesh,Bhopal
B-33436,26-10-2018,Aastha,Himachal Pradesh,Simla
B-33437,15-04-2018,Bhavna Singh,Sikkim,Gangtok
B-33438,26-02-2018,Sahil Jain,Punjab,Chandigarh
B-33439,27-10-2018,Mahima Rao,Sikkim,Gangtok
B-33440,11-03-2018,Aditya Rao,Punjab,Chandigarh
B-33441,21-10-2018,Kartik,Madhya Pradesh,Indore
B-33442,03-06-2018,Bathina,Karnataka,Bangalore
B-33443,25-12-2018,Sandra,Punjab,Amritsar
B-33444,16-10-2018,Ajay Patil,West Bengal,Kolkata
B-33445,04-12-2018,Aditi Kumar,Rajasthan,Udaipur
B-33446,25-12-2018,Sandra Jain,Punjab,Amritsar
B-33447,10-01-2018,Syed Jain,Maharashtra,Pune
B-33448,09-12-2018,Anand Sharma,Punjab,Amritsar
B-33449,06-01-2018,Vivek Singh,Goa,Goa
B-33450,12-01-2018,Saurabh Sharma,Andhra Pradesh,Hyderabad
B-33451,11-06-2018,Pooja Singh,Himachal Pradesh,Simla
B-33452,15-04-2018,Kanak Kumar,Goa,Goa
B-33453,19-09-2018,Madan Mohan,Uttar Pradesh,Mathura
B-33454,06-05-2018,Chirag Patil,Maharashtra,Mumbai
B-33455,18-04-2018,Manju Patil,Andhra Pradesh,Hyderabad
B-33456,31-05-2018,Shreya Patil,Madhya Pradesh,Bhopal
B-33457,10-10-2018,Kshitij Sharma,Madhya Pradesh,Indore
B-33458,21-08-2018,Vishakha Sharma,Madhya Pradesh,Indore
B-33459,22-07-2018,Rishabh Jain,Rajasthan,Jaipur
B-33460,23-02-2018,Bhishm Sharma,Maharashtra,Mumbai
B-33461,06-04-2018,Sonakshi Rao,Jammu and Kashmir,Kashmir
B-33462,03-03-2018,Nidhi Rao,Nagaland,Kohima
B-33463,21-03-2018,Pournamasi Sharma,Madhya Pradesh,Indore
B-33464,26-04-2018,Nidhi Singh,Nagaland,Kohima
B-33465,23-04-2018,Bhishm Jain,Maharashtra,Mumbai
B-33466,25-12-2018,Sandra Rao,Punjab,Amritsar
B-33467,29-12-2018,Shruti Jain,Maharashtra,Mumbai
B-33468,20-03-2018,Sweta,Maharashtra,Mumbai
B-33469,15-05-2018,Sanskriti Sharma,West Bengal,Kolkata
B-33470,13-01-2018,Chetan Singh,Gujarat,Ahmedabad
B-33471,14-02-2018,Hazel,Karnataka,Bangalore
B-33472,23-04-2018,Pinky Kumar,Jammu and Kashmir,Kashmir
B-33473,20-11-2018,Pranav Rao,Andhra Pradesh,Hyderabad
B-33474,02-03-2018,Sanjay Singh,Goa,Goa
B-33475,23-08-2018,Soumya,Sikkim,Gangtok
B-33476,30-10-2018,Pranjali,West Bengal,Kolkata
B-33477,21-03-2018,Jahan Sharma,Madhya Pradesh,Bhopal
B-33478,10-02-2018,Komal Jain,Uttar Pradesh,Lucknow
B-33479,10-12-2018,Ishpreet Kumar,Maharashtra,Mumbai
B-33480,07-12-2018,Abhishek Rao,Rajasthan,Udaipur
B-33481,18-06-2018,Subhasmita Sharma,Rajasthan,Jaipur
B-33482,27-05-2018,Mitali Jain,Nagaland,Kohima
B-33483,29-12-2018,Shruti Singh,Maharashtra,Mumbai
B-33484,11-05-2018,Nida Sharma,Madhya Pradesh,Indore
B-33485,18-01-2018,Mahima Sharma,Madhya Pradesh,Indore
B-33486,04-06-2018,Bhawna,Madhya Pradesh,Indore
B-33487,10-10-2018,Kshitij Jain,Madhya Pradesh,Indore
B-33488,03-12-2018,Abhishek Rao,Gujarat,Surat
B-33489,31-08-2018,Ashmeet Jain,West Bengal,Kolkata
B-33490,21-01-2018,Soumya Jain,Rajasthan,Udaipur
B-33491,29-10-2018,Krishna Patil,Madhya Pradesh,Indore
B-33492,20-02-2018,Sagar Rao,Nagaland,Kohima
B-33493,09-07-2018,Stuti Patil,Karnataka,Bangalore
B-33494,19-03-2018,Subhashree Kumar,Jammu and Kashmir,Kashmir
B-33495,22-01-2018,Mitali Rao,Madhya Pradesh,Indore
B-33496,24-01-2018,Madan Mohan Singh,Uttar Pradesh,Mathura
B-33497,15-05-2018,Sanskriti,West Bengal,Kolkata
B-33498,09-03-2018,Kirti Jain,Jammu and Kashmir,Kashmir
B-33499,11-01-2018,Mhatre Singh,Madhya Pradesh,Indore
B-33500,03-02-2018,Gaurav Singh,Rajasthan,Udaipur
B-33501,28-03-2018,Vini Singh,Karnataka,Bangalore
B-33502,16-01-2018,Shiva,Maharashtra,Pune
B-33503,17-06-2018,Rashmi Singh,Madhya Pradesh,Indore
B-33504,16-02-2018,Yogesh Rao,Bihar,Patna
B-33505,05-01-2018,Nikhil Kumar,Punjab,Chandigarh
B-33506,02-06-2018,Ekta Sharma,West Bengal,Kolkata
B-33507,18-01-2018,Surbhi Rao,Gujarat,Ahmedabad
B-33508,07-08-2018,Aman Patil,Nagaland,Kohima
B-33509,12-07-2018,Rashmi,Madhya Pradesh,Indore
B-33510,13-01-2018,Priyanka Jain,Madhya Pradesh,Indore
B-33511,18-12-2018,Kajal Singh,Delhi,Delhi
B-33512,15-11-2018,Aromal Kumar,Maharashtra,Mumbai
B-33513,24-11-2018,Divyeshkumar Patil,Uttar Pradesh,Prayagraj
B-33514,20-02-2018,Manju Jain,Andhra Pradesh,Hyderabad
B-33515,04-11-2018,K Rao,Sikkim,Gangtok
B-33516,10-08-2018,Shivam Sharma,Maharashtra,Pune
B-33517,21-12-2018,Sanjay Kumar,Maharashtra,Mumbai
B-33518,02-06-2018,Ekta Sharma,West Bengal,Kolkata
B-33519,09-09-2018,Mousam Jain,Maharashtra,Mumbai
B-33520,30-09-2018,Sauptik Kumar,Madhya Pradesh,Indore
B-33521,27-07-2018,Anubhaw Rao,Karnataka,Bangalore
B-33522,15-04-2018,Bhavna Singh,Sikkim,Gangtok
B-33523,15-09-2018,Shivangi Jain,Madhya Pradesh,Indore
B-33524,13-04-2018,Vandana Jain,Himachal Pradesh,Simla
B-33525,11-01-2018,Mhatre Singh,Madhya Pradesh,Indore
B-33526,16-03-2018,Ankita,Maharashtra,Mumbai
B-33527,01-07-2018,Swetlana Jain,Goa,Goa
B-33528,24-10-2018,Nikita Patil,Punjab,Chandigarh
B-33529,15-04-2018,Kanak Patil,Goa,Goa
B-33530,30-03-2018,Bhishm,Maharashtra,Mumbai
B-33531,27-10-2018,Mahima Kumar,Sikkim,Gangtok
B-33532,08-04-2018,Aarushi Jain,Tamil Nadu,Chennai
B-33533,01-10-2018,Shishu Singh,Andhra Pradesh,Hyderabad
B-33534,01-08-2018,Shubham Rao,Madhya Pradesh,Indore
B-33535,16-03-2018,Nida,Madhya Pradesh,Indore
B-33536,25-03-2018,Anita Rao,Kerala ,Thiruvananthapuram
B-33537,11-12-2018,Abhijit Rao,Delhi,Delhi
B-33538,01-10-2018,Shishu Singh,Andhra Pradesh,Hyderabad
B-33539,22-10-2018,Tanushree Jain,Maharashtra,Mumbai
B-33540,13-10-2018,Praneet Patil,Maharashtra,Mumbai
B-33541,24-11-2018,Bhosale Sharma,Punjab,Amritsar
B-33542,10-06-2018,Sheetal Jain,Madhya Pradesh,Indore
B-33543,15-10-2018,Ankur Rao,Madhya Pradesh,Bhopal
B-33544,16-12-2018,Preksha Sharma,Delhi,Delhi
B-33545,21-05-2018,Chayanika Sharma,Kerala ,Thiruvananthapuram
B-33546,14-03-2018,Anurag,Madhya Pradesh,Indore
B-33547,28-01-2018,Amruta Sharma,Delhi,Delhi
B-33548,10-03-2018,Harivansh Kumar,Uttar Pradesh,Mathura
B-33549,26-03-2018,Mukesh Singh,Haryana,Chandigarh
B-33550,24-11-2018,Apoorv,Rajasthan,Udaipur
B-33551,03-08-2018,Navdeep Rao,Madhya Pradesh,Indore
B-33552,09-03-2018,Kirti Kumar,Jammu and Kashmir,Kashmir
B-33553,02-12-2018,Rohan Rao,Punjab,Amritsar
B-33554,10-12-2018,Ishpreet Sharma,Maharashtra,Mumbai
B-33555,23-02-2018,Hitika Sharma,Madhya Pradesh,Indore
B-33556,05-10-2018,Sudheer Singh,Karnataka,Bangalore
B-33557,18-01-2018,Shreya Rao,Andhra Pradesh,Hyderabad
B-33558,15-10-2018,Ankur Sharma,Madhya Pradesh,Bhopal
B-33559,11-04-2018,Anita Rao,Kerala ,Thiruvananthapuram
B-33560,02-02-2018,Mugdha Sharma,Delhi,Delhi
B-33561,22-07-2018,Rishabh Rao,Rajasthan,Jaipur
B-33562,29-06-2018,Riya Rao,Maharashtra,Mumbai
B-33563,11-03-2018,Aditya Singh,Punjab,Chandigarh
B-33564,18-01-2018,Mahima Patil,Madhya Pradesh,Indore
B-33565,27-10-2018,Mahima Kumar,Sikkim,Gangtok
B-33566,01-05-2018,Sonal Patil,Bihar,Patna
B-33567,18-07-2018,Wale Patil,Maharashtra,Mumbai
B-33568,16-03-2018,Tulika Kumar,Madhya Pradesh,Bhopal
B-33569,01-12-2018,Vishakha Rao,Uttar Pradesh,Prayagraj
B-33570,13-12-2018,Sujay Kumar,Maharashtra,Pune
B-33571,13-02-2018,Jahan Singh,Madhya Pradesh,Bhopal
B-33572,08-10-2018,Apsingekar Sharma,Bihar,Patna
B-33573,11-03-2018,Aditya Kumar,Punjab,Chandigarh
B-33574,04-11-2018,K Rao,Sikkim,Gangtok
B-33575,23-04-2018,Bhishm Jain,Maharashtra,Mumbai
B-33576,14-02-2018,Kasheen Jain,West Bengal,Kolkata
B-33577,03-08-2018,Navdeep Jain,Madhya Pradesh,Indore
B-33578,15-11-2018,Arun Kumar,Madhya Pradesh,Indore
B-33579,20-03-2018,Sweta Patil,Maharashtra,Mumbai
B-33580,08-11-2018,Abhijeet Sharma,Madhya Pradesh,Bhopal
B-33581,28-06-2018,Ekta Kumar,Madhya Pradesh,Indore
B-33582,15-03-2018,Tushina Kumar,Goa,Goa
B-33583,05-10-2018,Sudheer Rao,Karnataka,Bangalore
B-33584,03-11-2018,Aniket Jain,Haryana,Chandigarh
B-33585,10-12-2018,Suraj Sharma,Gujarat,Surat
B-33586,24-06-2018,Kritika Sharma,Uttar Pradesh,Lucknow
B-33587,23-05-2018,Anjali,Haryana,Chandigarh
B-33588,27-01-2018,Aayushi,Gujarat,Surat
B-33589,18-01-2018,Surbhi Jain,Gujarat,Ahmedabad
B-33590,09-02-2018,Shubham Jain,Jammu and Kashmir,Kashmir
B-33591,29-10-2018,Palak Singh,Maharashtra,Mumbai
B-33592,11-12-2018,Bhargav Rao,Delhi,Delhi
B-33593,28-05-2018,Arsheen Kumar,Gujarat,Ahmedabad
B-33594,15-07-2018,Namrata Kumar,Punjab,Chandigarh
B-33595,16-10-2018,Ajay Patil,West Bengal,Kolkata
B-33596,07-11-2018,Soumyabrata Jain,Andhra Pradesh,Hyderabad
B-33597,27-02-2018,Ritu Kumar,Haryana,Chandigarh
B-33598,04-12-2018,Aditi Jain,Rajasthan,Udaipur
B-33599,06-11-2018,Kushal Rao,Nagaland,Kohima
B-33600,27-01-2018,Parin Kumar,Maharashtra,Mumbai
B-33601,21-12-2018,Sanjay Patil,Maharashtra,Mumbai
B-33602,05-10-2018,Sudheer Jain,Karnataka,Bangalore
B-33603,19-03-2018,Subhashree Jain,Jammu and Kashmir,Kashmir
B-33604,10-11-2018,Anand Sharma,Madhya Pradesh,Indore
B-33605,04-11-2018,K Jain,Sikkim,Gangtok
B-33606,15-03-2018,Farah Patil,Nagaland,Kohima
B-33607,17-05-2018,Subhashree Kumar,Jammu and Kashmir,Kashmir
B-33608,13-01-2018,Jesal Singh,West Bengal,Kolkata
B-33609,18-04-2018,Manju Kumar,Andhra Pradesh,Hyderabad
B-33610,26-08-2018,Anudeep Patil,Madhya Pradesh,Indore
B-33611,15-11-2018,Manibalan Singh,Kerala ,Thiruvananthapuram
B-33612,22-02-2018,Atharv Patil,West Bengal,Kolkata
B-33613,21-01-2018,Sudevi Kumar,Uttar Pradesh,Prayagraj
B-33614,05-10-2018,Ankit Singh,Maharashtra,Mumbai
B-33615,10-12-2018,Amlan Sharma,Madhya Pradesh,Indore
B-33616,24-03-2018,Yogesh Singh,Bihar,Patna
B-33617,16-03-2018,Priyanka Jain,Maharashtra,Pune
B-33618,20-04-2018,Deepak Jain,Madhya Pradesh,Bhopal
B-33619,23-01-2018,Jesslyn Singh,Rajasthan,Udaipur
B-33620,02-01-2018,Girase Jain,Kerala ,Thiruvananthapuram
B-33621,13-09-2018,Teena,Andhra Pradesh,Hyderabad
B-33622,24-09-2018,Siddharth Sharma,Madhya Pradesh,Indore
B-33623,23-05-2018,Anjali Patil,Haryana,Chandigarh
B-33624,31-12-2018,Shreya Singh,Uttar Pradesh,Lucknow
B-33625,14-08-2018,Priyanshu Patil,Madhya Pradesh,Indore
B-33626,17-04-2018,Sagar Kumar,Nagaland,Kohima
B-33627,08-10-2018,Apsingekar Jain,Bihar,Patna
B-33628,08-12-2018,Aishwarya,Uttar Pradesh,Prayagraj
B-33629,27-03-2018,Sarita Singh,Maharashtra,Pune
B-33630,20-07-2018,Anisha Singh,Nagaland,Kohima
B-33631,04-06-2018,Bhawna Kumar,Madhya Pradesh,Indore
B-33632,31-01-2018,Manjiri Singh,Delhi,Delhi
B-33633,19-01-2018,Pratiksha Singh,Maharashtra,Mumbai
B-33634,25-10-2018,Apoorva Patil,Haryana,Chandigarh
B-33635,10-11-2018,Abhijeet Rao,Maharashtra,Mumbai
B-33636,01-03-2018,Amit Kumar,Sikkim,Gangtok
B-33637,10-12-2018,Swapnil Patil,Delhi,Delhi
B-33638,19-12-2018,Sukruta Sharma,Punjab,Amritsar
B-33639,18-11-2018,Vikash Rao,Goa,Goa
B-33640,13-04-2018,Vandana Sharma,Himachal Pradesh,Simla
B-33641,15-04-2018,Bhavna Sharma,Sikkim,Gangtok
B-33642,10-12-2018,Ishpreet Rao,Maharashtra,Mumbai
B-33643,12-01-2018,Saurabh Jain,Andhra Pradesh,Hyderabad
B-33644,18-06-2018,Subhasmita Sharma,Rajasthan,Jaipur
B-33645,08-06-2018,Shreya Sharma,Kerala ,Thiruvananthapuram
B-33646,22-02-2018,Monisha Kumar,Rajasthan,Jaipur
B-33647,03-01-2018,Monica Kumar,Punjab,Chandigarh
B-33648,09-04-2018,Yogesh Kumar,Bihar,Patna
B-33649,03-12-2018,Abhishek Rao,Gujarat,Surat
B-33650,10-10-2018,Kshitij Jain,Madhya Pradesh,Indore
B-33651,06-07-2018,Sakshi Sharma,Madhya Pradesh,Bhopal
B-33652,03-11-2018,Snel Singh,Kerala ,Thiruvananthapuram
B-33653,17-11-2018,Ankit Jain,Sikkim,Gangtok
B-33654,15-05-2018,Sanskriti Patil,West Bengal,Kolkata
B-33655,27-06-2018,Shaily,Maharashtra,Mumbai
B-33656,15-09-2018,Ayush Singh,West Bengal,Kolkata
B-33657,24-04-2018,Sahil Rao,Punjab,Chandigarh
B-33658,16-03-2018,Priyanka Patil,Maharashtra,Pune
B-33659,17-01-2018,Shreya Singh,Maharashtra,Mumbai
B-33660,08-08-2018,Devendra Singh,Andhra Pradesh,Hyderabad
B-33661,18-01-2018,Muskan Patil,Madhya Pradesh,Indore
B-33662,07-05-2018,Anurag Sharma,Madhya Pradesh,Indore
B-33663,27-04-2018,Parishi Patil,West Bengal,Kolkata
B-33664,01-02-2018,Anjali Rao,Delhi,Delhi
B-33665,15-09-2018,Rohit Jain,Rajasthan,Jaipur
B-33666,18-04-2018,Ramesh,Gujarat,Ahmedabad
B-33667,11-12-2018,Jaydeep Kumar,Madhya Pradesh,Bhopal
B-33668,08-02-2018,Nandita,Rajasthan,Jaipur
B-33669,04-02-2018,Anmol Kumar,Rajasthan,Udaipur
B-33670,24-09-2018,Sukant Rao,Sikkim,Gangtok
B-33671,01-07-2018,Kishwar Patil,Madhya Pradesh,Indore
B-33672,27-06-2018,Shaily,Maharashtra,Mumbai
B-33673,24-09-2018,Avish Patil,Kerala ,Thiruvananthapuram
B-33674,05-01-2018,Ankit Singh,Haryana,Chandigarh
B-33675,18-04-2018,Ramesh Singh,Gujarat,Ahmedabad
B-33676,28-03-2018,Vini Patil,Karnataka,Bangalore
B-33677,14-02-2018,Hazel Patil,Karnataka,Bangalore
B-33678,31-01-2018,Ginny Singh,Madhya Pradesh,Indore
B-33679,15-09-2018,Rohit Kumar,Rajasthan,Jaipur
B-33680,04-12-2018,Vrinda,Uttar Pradesh,Mathura
B-33681,05-10-2018,Ankit Kumar,Maharashtra,Mumbai
B-33682,19-01-2018,Pratiksha Rao,Maharashtra,Mumbai
B-33683,08-02-2018,Harsh Kumar,Delhi,Delhi
B-33684,20-02-2018,Manju Jain,Andhra Pradesh,Hyderabad
B-33685,01-07-2018,Aakanksha Rao,Madhya Pradesh,Indore
B-33686,23-02-2018,Vini Patil,Karnataka,Bangalore
B-33687,20-11-2018,Pranav Kumar,Andhra Pradesh,Hyderabad
B-33688,24-08-2018,Pooja,Goa,Goa
B-33689,24-09-2018,Abhishek Sharma,Maharashtra,Mumbai
B-33690,30-04-2018,Mayank,Maharashtra,Mumbai
B-33691,21-01-2018,Shreyshi Singh,Gujarat,Surat
B-33692,07-02-2018,Patil,Delhi,Delhi
B-33693,01-07-2018,Shivani Rao,Maharashtra,Mumbai
B-33694,26-08-2018,Anudeep Kumar,Madhya Pradesh,Indore
B-33695,03-12-2018,Abhishek Patil,Gujarat,Surat
B-33696,02-08-2018,Ayush Singh,Punjab,Chandigarh
B-33697,01-07-2018,Kishwar Singh,Madhya Pradesh,Indore
B-33698,16-05-2018,Shruti Sharma,Karnataka,Bangalore
B-33699,28-12-2018,Prajakta Jain,Karnataka,Bangalore
B-33700,25-08-2018,Madhav Sharma,Uttar Pradesh,Mathura
B-33701,11-09-2018,Surabhi,Maharashtra,Mumbai
B-33702,13-05-2018,Tulika Jain,Madhya Pradesh,Bhopal
B-33703,24-11-2018,Apoorv Kumar,Rajasthan,Udaipur
B-33704,03-11-2018,Swati Rao,Madhya Pradesh,Indore
B-33705,18-01-2018,Aparajita Singh,West Bengal,Kolkata
B-33706,18-01-2018,Muskan Jain,Madhya Pradesh,Indore
B-33707,12-04-2018,Shrichand Jain,Punjab,Chandigarh
B-33708,26-03-2018,Bhavna Jain,Sikkim,Gangtok
B-33709,22-03-2018,Aarushi Sharma,Tamil Nadu,Chennai
B-33710,24-01-2018,Madan Mohan,Uttar Pradesh,Mathura
B-33711,05-01-2018,Vineet Jain,Sikkim,Gangtok
B-33712,23-02-2018,Pinky Kumar,Jammu and Kashmir,Kashmir
B-33713,09-02-2018,Arpita Jain,Karnataka,Bangalore
B-33714,01-12-2018,Vishakha Kumar,Uttar Pradesh,Prayagraj
B-33715,03-08-2018,Navdeep Rao,Madhya Pradesh,Indore
B-33716,13-02-2018,Pearl,Maharashtra,Pune
B-33717,04-01-2018,Rahul,Madhya Pradesh,Indore
B-33718,18-08-2018,Akshay Jain,Bihar,Patna
B-33719,08-12-2018,Aishwarya Rao,Uttar Pradesh,Prayagraj
B-33720,08-05-2018,Farah Sharma,Nagaland,Kohima
B-33721,03-02-2018,Gaurav Rao,Rajasthan,Udaipur
B-33722,27-04-2018,Lisha Jain,Madhya Pradesh,Bhopal
B-33723,01-07-2018,Aakanksha Patil,Madhya Pradesh,Indore
B-33724,16-10-2018,Ajay Sharma,West Bengal,Kolkata
B-33725,04-06-2018,Avni Rao,Maharashtra,Mumbai
B-33726,04-03-2018,Parth Jain,Maharashtra,Pune
B-33727,15-11-2018,Manibalan Sharma,Kerala ,Thiruvananthapuram
B-33728,23-09-2018,Sajal Patil,Bihar,Patna
B-33729,06-12-2018,Rohan Patil,Madhya Pradesh,Indore
B-33730,05-01-2018,Shikhar Rao,Himachal Pradesh,Simla
B-33731,05-01-2018,Vineet Kumar,Sikkim,Gangtok
B-33732,29-01-2018,Hemangi Jain,Delhi,Delhi
B-33733,03-11-2018,Mrunal,Maharashtra,Mumbai
B-33734,19-01-2018,Tejeswini Sharma,Maharashtra,Pune
B-33735,08-05-2018,Farah,Nagaland,Kohima
B-33736,02-09-2018,Vaibhavi Singh,Uttar Pradesh,Lucknow
B-33737,10-03-2018,Harivansh Sharma,Uttar Pradesh,Mathura
B-33738,21-10-2018,Kartik Kumar,Madhya Pradesh,Indore
B-33739,07-07-2018,Adhvaita Patil,Rajasthan,Jaipur
B-33740,24-04-2018,Ritu Jain,Haryana,Chandigarh
B-33741,21-03-2018,Jahan Kumar,Madhya Pradesh,Bhopal
B-33742,04-12-2018,Shivani Jain,Madhya Pradesh,Indore
B-33743,08-02-2018,Parnavi Singh,West Bengal,Kolkata
B-33744,07-08-2018,Aman Rao,Nagaland,Kohima
B-33745,29-10-2018,Moumita Patil,Gujarat,Ahmedabad
B-33746,15-11-2018,Manibalan,Kerala ,Thiruvananthapuram
B-33747,23-02-2018,Vini Sharma,Karnataka,Bangalore
B-33748,27-08-2018,Noshiba Rao,Gujarat,Ahmedabad
B-33749,05-10-2018,Sudheer Singh,Karnataka,Bangalore
B-33750,11-09-2018,Surabhi Rao,Maharashtra,Mumbai
B-33751,30-01-2018,Atul Patil,Delhi,Delhi
B-33752,21-03-2018,Pournamasi Sharma,Madhya Pradesh,Indore
B-33753,19-02-2018,Kanak Jain,Goa,Goa
B-33754,01-09-2018,Shreyoshe Sharma,Karnataka,Bangalore
B-33755,14-08-2018,Priyanshu,Madhya Pradesh,Indore
B-33756,05-07-2018,Megha Sharma,Maharashtra,Pune
B-33757,15-11-2018,Aromal Rao,Maharashtra,Mumbai
B-33758,26-03-2018,Mukesh Jain,Haryana,Chandigarh
B-33759,01-08-2018,Shubham Patil,Madhya Pradesh,Indore
B-33760,24-08-2018,Pooja Rao,Goa,Goa
B-33761,24-06-2018,Kritika Sharma,Uttar Pradesh,Lucknow
B-33762,14-02-2018,Kasheen Jain,West Bengal,Kolkata
B-33763,18-07-2018,Wale Patil,Maharashtra,Mumbai
B-33764,10-11-2018,Anand Kumar,Madhya Pradesh,Indore
B-33765,09-09-2018,Mousam Rao,Maharashtra,Mumbai
B-33766,06-10-2018,Dhanraj Kumar,Madhya Pradesh,Indore
B-33767,14-05-2018,Shefali Jain,Rajasthan,Jaipur
B-33768,05-01-2018,Shikhar Patil,Himachal Pradesh,Simla
B-33769,10-09-2018,Aditi Kumar,Madhya Pradesh,Indore
B-33770,30-09-2018,Sauptik Rao,Madhya Pradesh,Indore
B-33771,29-03-2018,Pinky Kumar,Jammu and Kashmir,Kashmir
B-33772,22-03-2018,Kasheen Singh,West Bengal,Kolkata
B-33773,09-04-2018,Jitesh Sharma,Uttar Pradesh,Lucknow
B-33774,02-09-2018,Sakshi,Madhya Pradesh,Indore
B-33775,24-09-2018,Avish Singh,Kerala ,Thiruvananthapuram
B-33776,22-04-2018,Monisha,Rajasthan,Jaipur
B-33777,29-10-2018,Krishna Kumar,Madhya Pradesh,Indore
B-33778,08-09-2018,Duhita Jain,Haryana,Chandigarh
B-33779,24-12-2018,Jayanti Singh,Uttar Pradesh,Prayagraj
B-33780,13-01-2018,Shruti Jain,Madhya Pradesh,Indore
B-33781,15-09-2018,Aayushi Singh,Maharashtra,Mumbai
B-33782,06-02-2018,Shubham Singh,Delhi,Delhi
B-33783,11-06-2018,Swetha,Madhya Pradesh,Indore
B-33784,09-09-2018,Mousam,Maharashtra,Mumbai
B-33785,13-01-2018,Shruti Patil,Madhya Pradesh,Indore
B-33786,25-01-2018,Priyanka Sharma,Uttar Pradesh,Prayagraj
B-33787,22-07-2018,Madhulika Rao,Madhya Pradesh,Bhopal
B-33788,14-06-2018,Bhaggyasree Sharma,Maharashtra,Mumbai
B-33789,08-06-2018,Shreya,Kerala ,Thiruvananthapuram
B-33790,03-08-2018,Daksh Kumar,Haryana,Chandigarh
B-33791,10-03-2018,Sonal Jain,Bihar,Patna
B-33792,10-10-2018,Nripraj Singh,Punjab,Chandigarh
B-33793,23-12-2018,Neha,Rajasthan,Udaipur
B-33794,13-01-2018,Jesal Kumar,West Bengal,Kolkata
B-33795,05-01-2018,Shikhar Singh,Himachal Pradesh,Simla
B-33796,10-10-2018,Utsav Singh,Maharashtra,Mumbai
B-33797,03-08-2018,Daksh Rao,Haryana,Chandigarh
B-33798,03-11-2018,Mrunal Sharma,Maharashtra,Mumbai
B-33799,24-09-2018,Sukant Singh,Sikkim,Gangtok
B-33800,18-04-2018,Ramesh Patil,Gujarat,Ahmedabad
B-33801,10-10-2018,Hrisheekesh Sharma,Maharashtra,Mumbai
B-33802,27-01-2018,Parin Rao,Maharashtra,Mumbai
B-33803,06-02-2018,Shubham Sharma,Delhi,Delhi
B-33804,12-09-2018,Savi Rao,Maharashtra,Pune
B-33805,07-05-2018,Anurag Singh,Madhya Pradesh,Indore
B-33806,01-03-2018,Amit,Sikkim,Gangtok
B-33807,04-12-2018,Monu,Punjab,Amritsar
B-33808,09-02-2018,Arpita Kumar,Karnataka,Bangalore
B-33809,09-02-2018,Shubham Kumar,Jammu and Kashmir,Kashmir
B-33810,04-03-2018,Nishi Patil,Maharashtra,Mumbai
B-33811,18-04-2018,Ramesh Patil,Gujarat,Ahmedabad
B-33812,13-11-2018,Uudhav Kumar,Maharashtra,Mumbai
B-33813,04-01-2018,Shikhar Rao,Maharashtra,Mumbai
B-33814,24-10-2018,Nikita Singh,Punjab,Chandigarh
B-33815,04-05-2018,Aditya Jain,Punjab,Chandigarh
B-33816,04-12-2018,Divyansha,Maharashtra,Mumbai
B-33817,31-10-2018,Sneha Sharma,Karnataka,Bangalore
B-33818,11-03-2018,Aditya Sharma,Punjab,Chandigarh
B-33819,01-07-2018,Swetlana Sharma,Goa,Goa
B-33820,16-05-2018,Shruti,Karnataka,Bangalore
B-33821,09-01-2018,Shardul Kumar,Gujarat,Ahmedabad
B-33822,31-01-2018,Ginny,Madhya Pradesh,Indore
B-33823,15-11-2018,Manibalan Patil,Kerala ,Thiruvananthapuram
B-33824,25-01-2018,Manisha Jain,Rajasthan,Udaipur
B-33825,24-09-2018,Aditya Sharma,Himachal Pradesh,Simla
B-33826,26-11-2018,Masurkar Rao,Punjab,Amritsar
B-33827,29-10-2018,Palak Singh,Maharashtra,Mumbai
B-33828,12-10-2018,Mane Rao,Andhra Pradesh,Hyderabad
B-33829,26-03-2018,Vandana Jain,Himachal Pradesh,Simla
B-33830,10-10-2018,Harsh,Nagaland,Kohima
B-33831,18-01-2018,Aparajita,West Bengal,Kolkata
B-33832,16-03-2018,Nida Sharma,Madhya Pradesh,Indore
B-33833,12-04-2018,Shrichand Sharma,Punjab,Chandigarh
B-33834,05-03-2018,Lisha Rao,Madhya Pradesh,Bhopal
B-33835,28-04-2018,Ajay Singh,Karnataka,Bangalore
B-33836,04-06-2018,Bhawna,Madhya Pradesh,Indore
B-33837,22-12-2018,Karandeep Kumar,Madhya Pradesh,Indore
B-33838,10-12-2018,Swapnil Rao,Delhi,Delhi
B-33839,26-10-2018,Aastha,Himachal Pradesh,Simla
B-33840,28-02-2018,Manish Rao,Himachal Pradesh,Simla
B-33841,21-03-2018,Pearl Rao,Maharashtra,Pune
B-33842,20-02-2018,Ramesh Rao,Gujarat,Ahmedabad
B-33843,14-08-2018,Vaibhav Singh,Madhya Pradesh,Indore
B-33844,19-02-2018,Vandana Kumar,Himachal Pradesh,Simla
B-33845,19-01-2018,Pratiksha,Maharashtra,Mumbai
B-33846,21-01-2018,Saloni,West Bengal,Kolkata
B-33847,17-12-2018,Geetanjali Jain,Delhi,Delhi
B-33848,20-10-2018,Shyam Patil,Madhya Pradesh,Indore
B-33849,17-07-2018,Inderpreet Singh,Himachal Pradesh,Simla
B-33850,17-05-2018,Sweta,Maharashtra,Mumbai
B-33851,22-04-2018,Monisha Sharma,Rajasthan,Jaipur
B-33852,27-04-2018,Paridhi Kumar,Rajasthan,Jaipur
B-33853,27-04-2018,Lisha Patil,Madhya Pradesh,Bhopal
B-33854,05-04-2018,Kasheen Kumar,West Bengal,Kolkata
B-33855,11-01-2018,Mhatre Singh,Madhya Pradesh,Indore
B-33856,30-12-2018,Dipali,Madhya Pradesh,Indore
B-33857,21-11-2018,Gunjal Rao,Gujarat,Surat
B-33858,10-11-2018,Anand Kumar,Madhya Pradesh,Indore
B-33859,27-01-2018,Shivangi Rao,Madhya Pradesh,Indore
B-33860,27-11-2018,Saptadeep Sharma,Gujarat,Surat
B-33861,02-09-2018,Surbhi Patil,Maharashtra,Mumbai
B-33862,27-03-2018,Manju Patil,Andhra Pradesh,Hyderabad
B-33863,31-07-2018,Akshat Sharma,Maharashtra,Mumbai
B-33864,14-02-2018,Aarushi Sharma,Tamil Nadu,Chennai
B-33865,23-02-2018,Bhishm Kumar,Maharashtra,Mumbai
B-33866,23-02-2018,Bhishm Singh,Maharashtra,Mumbai
B-33867,29-06-2018,Riya,Maharashtra,Mumbai
B-33868,15-09-2018,Ayush Singh,West Bengal,Kolkata
B-33869,18-10-2018,Rohan Sharma,Maharashtra,Mumbai
B-33870,04-05-2018,Aditya Kumar,Punjab,Chandigarh
B-33871,14-06-2018,Bhaggyasree Jain,Maharashtra,Mumbai
B-33872,14-02-2018,Hazel,Karnataka,Bangalore
B-33873,08-07-2018,Raksha Jain,West Bengal,Kolkata
B-33874,01-10-2018,Aryan Jain,Madhya Pradesh,Bhopal
B-33875,06-09-2018,Shreya Singh,Kerala ,Thiruvananthapuram
B-33876,15-02-2018,Jitesh Singh,Uttar Pradesh,Lucknow
B-33877,15-07-2018,Namrata Singh,Punjab,Chandigarh
B-33878,13-05-2018,Tulika Rao,Madhya Pradesh,Bhopal
B-33879,26-02-2018,Sahil Kumar,Punjab,Chandigarh
B-33880,03-02-2018,Omkar Rao,Delhi,Delhi
B-33881,07-06-2018,Krutika Rao,Bihar,Patna
B-33882,25-12-2018,Sandra Jain,Punjab,Amritsar
B-33883,02-09-2018,Surbhi Rao,Maharashtra,Mumbai
B-33884,24-09-2018,Siddharth,Madhya Pradesh,Indore
B-33885,14-09-2018,Rutuja Patil,Gujarat,Ahmedabad
B-33886,17-02-2018,Anita,Kerala ,Thiruvananthapuram
B-33887,05-12-2018,Aman Jain,Maharashtra,Mumbai
B-33888,28-12-2018,Prajakta Kumar,Karnataka,Bangalore
B-33889,02-01-2018,Girase Singh,Kerala ,Thiruvananthapuram
B-33890,28-05-2018,Akanksha Patil,Andhra Pradesh,Hyderabad
B-33891,21-07-2018,Kiran Singh,Maharashtra,Mumbai
B-33892,04-12-2018,Monu,Punjab,Amritsar
B-33893,31-01-2018,Shweta Jain,Rajasthan,Udaipur
B-33894,17-01-2018,Shreya Jain,Maharashtra,Mumbai
B-33895,14-08-2018,Vaibhav Sharma,Madhya Pradesh,Indore
B-33896,29-10-2018,Krishna Sharma,Madhya Pradesh,Indore
B-33897,30-01-2018,Atul Jain,Delhi,Delhi
B-33898,01-07-2018,Aakanksha Kumar,Madhya Pradesh,Indore
B-33899,22-12-2018,Karandeep Singh,Madhya Pradesh,Indore
B-33900,17-04-2018,Sagar Rao,Nagaland,Kohima
B-33901,07-05-2018,Anurag,Madhya Pradesh,Indore
B-33902,01-09-2018,Shreyoshe Patil,Karnataka,Bangalore
B-33903,09-12-2018,Anand Singh,Punjab,Amritsar
B-33904,18-12-2018,Kajal Sharma,Delhi,Delhi
B-33905,03-01-2018,Monica Singh,Punjab,Chandigarh
B-33906,27-04-2018,Lisha Singh,Madhya Pradesh,Bhopal
B-33907,04-12-2018,Monu Rao,Punjab,Amritsar
B-33908,19-11-2018,Parakh Patil,Nagaland,Kohima
B-33909,24-03-2018,Yogesh Rao,Bihar,Patna
B-33910,07-01-2018,Jaideep,Nagaland,Kohima
B-33911,25-06-2018,Shubhi Kumar,Maharashtra,Mumbai
B-33912,28-04-2018,Ajay Rao,Karnataka,Bangalore
B-33913,27-10-2018,Mahima Rao,Sikkim,Gangtok
B-33914,13-01-2018,Priyanka Patil,Madhya Pradesh,Indore
B-33915,06-01-2018,Vivek Kumar,Goa,Goa
B-33916,22-12-2018,Karandeep,Madhya Pradesh,Indore
B-33917,12-10-2018,Mane Sharma,Andhra Pradesh,Hyderabad
B-33918,22-04-2018,Atharv Jain,West Bengal,Kolkata
B-33919,25-05-2018,Piyali Patil,Sikkim,Gangtok
B-33920,01-07-2018,Aakanksha Rao,Madhya Pradesh,Indore
B-33921,22-04-2018,Atharv Singh,West Bengal,Kolkata
B-33922,27-03-2018,Sagar Jain,Nagaland,Kohima
B-33923,27-11-2018,Saptadeep Jain,Gujarat,Surat
B-33924,27-11-2018,Saptadeep Patil,Gujarat,Surat
B-33925,21-01-2018,Shreyshi,Gujarat,Surat
B-33926,24-11-2018,Bhosale Rao,Punjab,Amritsar
B-33927,25-01-2018,Priyanka Sharma,Uttar Pradesh,Prayagraj
B-33928,14-12-2018,Jay Sharma,Delhi,Delhi
B-33929,13-01-2018,Chetan Singh,Gujarat,Ahmedabad
B-33930,18-10-2018,Rohan Sharma,Maharashtra,Mumbai
B-33931,12-08-2018,Nitant Patil,Rajasthan,Jaipur
B-33932,31-03-2018,Hitika Rao,Madhya Pradesh,Indore
B-33933,26-04-2018,Nidhi Patil,Nagaland,Kohima
B-33934,18-01-2018,Shreya,Andhra Pradesh,Hyderabad
B-33935,17-03-2018,Sanskriti,West Bengal,Kolkata
B-33936,08-08-2018,Devendra Jain,Andhra Pradesh,Hyderabad
B-33937,23-10-2018,Sheetal Jain,Madhya Pradesh,Indore
B-33938,16-11-2018,Komal,Himachal Pradesh,Simla
B-33939,01-03-2018,Amit Jain,Sikkim,Gangtok
B-33940,20-09-2018,Asish,Jammu and Kashmir,Kashmir
B-33941,03-02-2018,Gaurav,Rajasthan,Udaipur
B-33942,14-01-2018,Krutika Singh,Andhra Pradesh,Hyderabad
B-33943,14-11-2018,Chikku Singh,Madhya Pradesh,Indore
B-33944,26-04-2018,Sanjay Kumar,Goa,Goa
B-33945,13-03-2018,Chirag Patil,Maharashtra,Mumbai
B-33946,23-02-2018,Hitika Kumar,Madhya Pradesh,Indore
B-33947,11-05-2018,Nida Kumar,Madhya Pradesh,Indore
B-33948,22-03-2018,Hazel,Karnataka,Bangalore
B-33949,30-01-2018,Kajal Patil,Delhi,Delhi
B-33950,12-04-2018,Shrichand Jain,Punjab,Chandigarh
B-33951,27-03-2018,Sagar,Nagaland,Kohima
B-33952,16-05-2018,Shruti Singh,Karnataka,Bangalore
B-33953,20-04-2018,Sarita Jain,Maharashtra,Pune
B-33954,10-10-2018,Swapnil Sharma,Madhya Pradesh,Indore
B-33955,18-11-2018,Vikash Singh,Goa,Goa
B-33956,21-05-2018,Chayanika Sharma,Kerala ,Thiruvananthapuram
B-33957,28-11-2018,Shatayu,Madhya Pradesh,Indore
B-33958,13-05-2018,Tulika Rao,Madhya Pradesh,Bhopal
B-33959,10-08-2018,Shivam Singh,Maharashtra,Pune
B-33960,04-02-2018,Yogesh Jain,Maharashtra,Pune
B-33961,09-07-2018,Stuti Sharma,Karnataka,Bangalore
B-33962,26-04-2018,Parth Sharma,Maharashtra,Pune
B-33963,06-01-2018,Vivek Rao,Goa,Goa
B-33964,10-03-2018,Harivansh Patil,Uttar Pradesh,Mathura
B-33965,07-03-2018,Parishi Rao,West Bengal,Kolkata
B-33966,15-09-2018,Rohit,Rajasthan,Jaipur
B-33967,26-03-2018,Shrichand Jain,Punjab,Chandigarh
B-33968,18-10-2018,Rohan Rao,Maharashtra,Mumbai
B-33969,27-03-2018,Sagar Patil,Nagaland,Kohima
B-33970,31-03-2018,Hitika Rao,Madhya Pradesh,Indore
B-33971,02-02-2018,Mugdha Patil,Delhi,Delhi
B-33972,28-11-2018,Brijesh Jain,Rajasthan,Udaipur
B-33973,01-09-2018,Shreyoshe Rao,Karnataka,Bangalore
B-33974,31-08-2018,Ashmeet Jain,West Bengal,Kolkata
B-33975,25-01-2018,Priyanka Patil,Uttar Pradesh,Prayagraj
B-33976,15-09-2018,Shivangi Rao,Madhya Pradesh,Indore
B-33977,31-01-2018,Manjiri Rao,Delhi,Delhi
B-33978,11-09-2018,Surabhi Sharma,Maharashtra,Mumbai
B-33979,06-04-2018,Sonakshi Singh,Jammu and Kashmir,Kashmir
B-33980,10-11-2018,Anand Rao,Madhya Pradesh,Indore
B-33981,01-05-2018,Yaanvi Kumar,Madhya Pradesh,Indore
B-33982,01-10-2018,Ishit,Maharashtra,Pune
B-33983,17-08-2018,Shivam Jain,Uttar Pradesh,Lucknow
B-33984,25-02-2018,Hemant,Kerala ,Thiruvananthapuram
B-33985,13-05-2018,Tulika Sharma,Madhya Pradesh,Bhopal
B-33986,10-08-2018,Shivam Kumar,Maharashtra,Pune
B-33987,22-08-2018,Shubham Jain,Himachal Pradesh,Simla
B-33988,29-10-2018,Moumita Singh,Gujarat,Ahmedabad
B-33989,28-11-2018,Sumeet Patil,Maharashtra,Mumbai
B-33990,31-01-2018,Nirja Sharma,Delhi,Delhi
B-33991,02-09-2018,Vaibhavi Patil,Uttar Pradesh,Lucknow
B-33992,20-11-2018,Pranav Sharma,Andhra Pradesh,Hyderabad
B-33993,07-09-2018,Snehal Jain,Punjab,Chandigarh
B-33994,20-11-2018,Pranav Rao,Andhra Pradesh,Hyderabad
B-33995,19-08-2018,Shourya Sharma,Kerala ,Thiruvananthapuram
B-33996,10-10-2018,Harsh Jain,Nagaland,Kohima
B-33997,19-02-2018,Vandana Kumar,Himachal Pradesh,Simla
B-33998,24-09-2018,Avish Patil,Kerala ,Thiruvananthapuram
B-33999,17-08-2018,Shivam Sharma,Uttar Pradesh,Lucknow
B-34000,13-05-2018,Tulika Patil,Madhya Pradesh,Bhopal
B-34001,04-03-2018,Nishi Rao,Maharashtra,Mumbai
B-34002,01-10-2018,Shishu Singh,Andhra Pradesh,Hyderabad
B-34003,23-02-2018,Hitika Jain,Madhya Pradesh,Indore
B-34004,17-01-2018,Shreya,Maharashtra,Mumbai
B-34005,16-03-2018,Tulika Sharma,Madhya Pradesh,Bhopal
B-34006,14-08-2018,Nishant Kumar,Maharashtra,Mumbai
B-34007,27-01-2018,Parin Singh,Maharashtra,Mumbai
B-34008,21-03-2018,Bharat Patil,Gujarat,Ahmedabad
B-34009,08-09-2018,Duhita Rao,Haryana,Chandigarh
B-34010,25-02-2018,Hemant,Kerala ,Thiruvananthapuram
B-34011,20-07-2018,Anisha Rao,Nagaland,Kohima
B-34012,23-04-2018,Bhishm Sharma,Maharashtra,Mumbai
B-34013,13-02-2018,Pearl Rao,Maharashtra,Pune
B-34014,29-10-2018,Ananya Rao,Andhra Pradesh,Hyderabad
B-34015,27-08-2018,Noshiba Singh,Gujarat,Ahmedabad
B-34016,08-02-2018,Harsh Rao,Delhi,Delhi
B-34017,04-02-2018,Yohann Kumar,Delhi,Delhi
B-34018,22-07-2018,Turumella Rao,Madhya Pradesh,Indore
B-34019,23-06-2018,Amisha Singh,Tamil Nadu,Chennai
B-34020,01-10-2018,Divyansh Sharma,Gujarat,Ahmedabad
B-34021,12-12-2018,Pradeep Kumar,Delhi,Delhi
B-34022,01-07-2018,Aakanksha Kumar,Madhya Pradesh,Indore
B-34023,13-02-2018,Pearl Kumar,Maharashtra,Pune
B-34024,04-02-2018,Yohann Jain,Delhi,Delhi
B-34025,08-02-2018,Harsh Rao,Delhi,Delhi
B-34026,28-11-2018,Sumeet Kumar,Maharashtra,Mumbai
B-34027,24-03-2018,Yogesh Jain,Bihar,Patna
B-34028,03-08-2018,Rane Jain,Maharashtra,Mumbai
B-34029,30-01-2018,Kajal Sharma,Delhi,Delhi
B-34030,03-05-2018,Sharda Sharma,Kerala ,Thiruvananthapuram
B-34031,31-07-2018,Akshat Jain,Maharashtra,Mumbai
B-34032,06-01-2018,Vivek Patil,Goa,Goa
B-34033,13-04-2018,Vandana Kumar,Himachal Pradesh,Simla
B-34034,03-11-2018,Aniket Patil,Haryana,Chandigarh
B-34035,05-05-2018,Rachna Singh,Haryana,Chandigarh
B-34036,01-10-2018,Aryan Sharma,Madhya Pradesh,Bhopal
B-34037,27-01-2018,Aayushi,Gujarat,Surat
B-34038,10-03-2018,Harivansh Singh,Uttar Pradesh,Mathura
B-34039,29-10-2018,Ananya Kumar,Andhra Pradesh,Hyderabad
B-34040,29-10-2018,Arti Kumar,Maharashtra,Pune
B-34041,02-02-2018,Mugdha Rao,Delhi,Delhi
B-34042,02-09-2018,Surbhi Sharma,Maharashtra,Mumbai
B-34043,17-06-2018,Rashmi Sharma,Madhya Pradesh,Indore
B-34044,31-08-2018,Ashmeet Sharma,West Bengal,Kolkata
B-34045,28-04-2018,Ajay Patil,Karnataka,Bangalore
B-34046,03-08-2018,Daksh Kumar,Haryana,Chandigarh
B-34047,22-01-2018,Rhea Rao,Maharashtra,Mumbai
B-34048,20-03-2018,Sweta,Maharashtra,Mumbai
B-34049,12-04-2018,Mohan Singh,Haryana,Chandigarh
B-34050,07-09-2018,Snehal Patil,Punjab,Chandigarh
B-34051,24-11-2018,Apoorv,Rajasthan,Udaipur
B-34052,23-04-2018,Bhishm Singh,Maharashtra,Mumbai
B-34053,14-02-2018,Hazel Kumar,Karnataka,Bangalore
B-34054,01-10-2018,Aryan,Madhya Pradesh,Bhopal
B-34055,27-05-2018,Mitali Patil,Nagaland,Kohima
B-34056,30-12-2018,Dipali Rao,Madhya Pradesh,Indore
B-34057,22-12-2018,Karandeep Sharma,Madhya Pradesh,Indore
B-34058,10-12-2018,Suraj Kumar,Gujarat,Surat
B-34059,07-11-2018,Soumyabrata Kumar,Andhra Pradesh,Hyderabad
B-34060,11-06-2018,Swetha Sharma,Madhya Pradesh,Indore
B-34061,16-01-2018,Shiva Sharma,Maharashtra,Pune
B-34062,17-05-2018,Subhashree Kumar,Jammu and Kashmir,Kashmir
B-34063,10-02-2018,Komal Singh,Uttar Pradesh,Lucknow
B-34064,12-09-2018,Savi Singh,Maharashtra,Pune
B-34065,13-01-2018,Priyanka,Madhya Pradesh,Indore
B-34066,14-01-2018,Trupti Rao,Gujarat,Ahmedabad
B-34067,14-02-2018,Sonakshi Jain,Jammu and Kashmir,Kashmir
B-34068,22-11-2018,Saurabh Jain,Maharashtra,Mumbai
B-34069,01-10-2018,Ishit Singh,Maharashtra,Pune
B-34070,12-09-2018,Savi Sharma,Maharashtra,Pune
B-34071,07-12-2018,Abhishek Kumar,Rajasthan,Udaipur
B-34072,24-09-2018,Abhishek Kumar,Maharashtra,Mumbai
B-34073,30-01-2018,Atul,Delhi,Delhi
B-34074,03-01-2018,Monica Sharma,Punjab,Chandigarh
B-34075,01-07-2018,Kishwar Kumar,Madhya Pradesh,Indore
B-34076,19-11-2018,Parakh Patil,Nagaland,Kohima
B-34077,15-09-2018,Shivangi Patil,Madhya Pradesh,Indore
B-34078,22-02-2018,Deepak Patil,Madhya Pradesh,Bhopal
B-34079,01-04-2018,Bharat Rao,Gujarat,Ahmedabad
B-34080,10-10-2018,Utsav,Maharashtra,Mumbai
B-34081,27-12-2018,Gopal Rao,Maharashtra,Mumbai
B-34082,13-04-2018,Vandana Kumar,Himachal Pradesh,Simla
B-34083,24-08-2018,Pooja Rao,Goa,Goa
B-34084,04-01-2018,Shikhar Singh,Maharashtra,Mumbai
B-34085,23-06-2018,Amisha Kumar,Tamil Nadu,Chennai
B-34086,01-05-2018,Yaanvi Jain,Madhya Pradesh,Indore
B-34087,27-03-2018,Sarita Rao,Maharashtra,Pune
B-34088,05-12-2018,Aman Rao,Maharashtra,Mumbai
B-34089,27-05-2018,Mitali,Nagaland,Kohima
B-34090,07-07-2018,Adhvaita Singh,Rajasthan,Jaipur
B-34091,04-06-2018,Aayushi Singh,Madhya Pradesh,Indore
B-34092,04-02-2018,Anmol Singh,Rajasthan,Udaipur
B-34093,15-04-2018,Bhavna Sharma,Sikkim,Gangtok
B-34094,23-01-2018,Jesslyn Jain,Rajasthan,Udaipur
B-34095,09-02-2018,Shubham Rao,Jammu and Kashmir,Kashmir
B-34096,11-09-2018,Surabhi Rao,Maharashtra,Mumbai
B-34097,08-02-2018,Nandita Sharma,Rajasthan,Jaipur
B-34098,23-05-2018,Anjali Jain,Haryana,Chandigarh
B-34099,29-10-2018,Moumita Sharma,Gujarat,Ahmedabad
B-34100,26-10-2018,Aastha Rao,Himachal Pradesh,Simla
B-34101,28-11-2018,Sumeet Rao,Maharashtra,Mumbai
B-34102,17-11-2018,Ankit,Sikkim,Gangtok
B-34103,01-06-2018,Chandni,Rajasthan,Jaipur
B-34104,10-01-2018,Syed Patil,Maharashtra,Pune
B-34105,28-05-2018,Arsheen Sharma,Gujarat,Ahmedabad
B-34106,31-12-2018,Shreya Rao,Uttar Pradesh,Lucknow
B-34107,07-03-2018,Parishi Singh,West Bengal,Kolkata
B-34108,27-12-2018,Gopal Sharma,Maharashtra,Mumbai
B-34109,26-08-2018,Anudeep Singh,Madhya Pradesh,Indore
B-34110,25-05-2018,Charika Rao,Goa,Goa
B-34111,14-08-2018,Nishant,Maharashtra,Mumbai
B-34112,22-02-2018,Deepak Patil,Madhya Pradesh,Bhopal
B-34113,30-10-2018,Pranjali,West Bengal,Kolkata
B-34114,08-11-2018,Shubham Singh,Maharashtra,Pune
B-34115,24-05-2018,Rhea Sharma,Himachal Pradesh,Simla
B-34116,27-01-2018,Shweta Kumar,Rajasthan,Udaipur
B-34117,08-11-2018,Gaurav Sharma,Gujarat,Ahmedabad
B-34118,12-07-2018,Anjali Patil,Maharashtra,Mumbai
B-34119,25-04-2018,Manish Patil,Himachal Pradesh,Simla
B-34120,15-10-2018,Ankur Singh,Madhya Pradesh,Bhopal
B-34121,06-11-2018,Kushal,Nagaland,Kohima
B-34122,03-11-2018,Swati Jain,Madhya Pradesh,Indore
B-34123,03-12-2018,Abhishek Patil,Gujarat,Surat
B-34124,04-03-2018,Nishi Jain,Maharashtra,Mumbai
B-34125,24-09-2018,Abhishek Sharma,Maharashtra,Mumbai
B-34126,01-04-2018,Bharat Singh,Gujarat,Ahmedabad
B-34127,12-07-2018,Anjali Singh,Maharashtra,Mumbai
B-34128,18-11-2018,Vikash Sharma,Goa,Goa
B-34129,13-01-2018,Priyanka Kumar,Madhya Pradesh,Indore
B-34130,16-03-2018,Tulika,Madhya Pradesh,Bhopal
B-34131,28-02-2018,Manish Jain,Himachal Pradesh,Simla
B-34132,11-03-2018,Aditya Jain,Punjab,Chandigarh
B-34133,23-02-2018,Vini Jain,Karnataka,Bangalore
B-34134,05-10-2018,Shivanshu Kumar,Madhya Pradesh,Indore
B-34135,15-11-2018,Aromal Patil,Maharashtra,Mumbai
B-34136,01-12-2018,Vishakha,Uttar Pradesh,Prayagraj
B-34137,26-04-2018,Parth Singh,Maharashtra,Pune
B-34138,18-01-2018,Surbhi Jain,Gujarat,Ahmedabad
B-34139,22-04-2018,Atharv Kumar,West Bengal,Kolkata
B-34140,24-04-2018,Hemant Kumar,Kerala ,Thiruvananthapuram
B-34141,06-03-2018,Paridhi Sharma,Rajasthan,Jaipur
B-34142,31-05-2018,Shreya Jain,Madhya Pradesh,Bhopal
B-34143,02-09-2018,Sanjana Patil,Bihar,Patna
B-34144,12-02-2018,Bharat Singh,Gujarat,Ahmedabad
B-34145,28-10-2018,Harshita Sharma,Maharashtra,Mumbai
B-34146,14-01-2018,Krutika,Andhra Pradesh,Hyderabad
B-34147,24-08-2018,Pooja Patil,Goa,Goa
B-34148,22-03-2018,Hazel Singh,Karnataka,Bangalore
B-34149,01-04-2018,Vrinda Jain,Maharashtra,Pune
B-34150,12-03-2018,Rachna Kumar,Haryana,Chandigarh
B-34151,23-11-2018,Divyeta Rao,Madhya Pradesh,Indore
B-34152,13-10-2018,Praneet Rao,Maharashtra,Mumbai
B-34153,22-03-2018,Kasheen Sharma,West Bengal,Kolkata
B-34154,15-11-2018,Aromal Patil,Maharashtra,Mumbai
B-34155,15-10-2018,Ankur Kumar,Madhya Pradesh,Bhopal
B-34156,13-09-2018,Teena Kumar,Andhra Pradesh,Hyderabad
B-34157,10-05-2018,Sabah Kumar,Maharashtra,Mumbai
B-34158,07-08-2018,Aman Jain,Nagaland,Kohima
B-34159,11-04-2018,Anita Rao,Kerala ,Thiruvananthapuram
B-34160,30-06-2018,Shweta,Madhya Pradesh,Indore
B-34161,30-01-2018,Atul Singh,Delhi,Delhi
B-34162,26-07-2018,Akash Patil,West Bengal,Kolkata
B-34163,21-11-2018,Gunjal Sharma,Gujarat,Surat
B-34164,22-10-2018,Tanushree Patil,Maharashtra,Mumbai
B-34165,27-07-2018,Anubhaw Sharma,Karnataka,Bangalore
B-34166,09-06-2018,Samiksha Patil,Maharashtra,Mumbai
B-34167,27-04-2018,Paridhi Kumar,Rajasthan,Jaipur
B-34168,31-01-2018,Shweta Jain,Rajasthan,Udaipur
B-34169,30-03-2018,Bhishm Singh,Maharashtra,Mumbai
B-34170,28-03-2018,Vini Rao,Karnataka,Bangalore
B-34171,31-01-2018,Ginny Sharma,Madhya Pradesh,Indore
B-34172,03-02-2018,Gaurav,Rajasthan,Udaipur
B-34173,04-02-2018,Yogesh Sharma,Maharashtra,Pune
B-34174,26-04-2018,Ashmi,Madhya Pradesh,Indore
B-34175,28-03-2018,Monisha Singh,Rajasthan,Jaipur
B-34176,02-09-2018,Vaibhavi Sharma,Uttar Pradesh,Lucknow
B-34177,30-07-2018,Arindam Singh,Uttar Pradesh,Lucknow
B-34178,17-01-2018,Shreya,Maharashtra,Mumbai
B-34179,25-03-2018,Anita,Kerala ,Thiruvananthapuram
B-34180,22-02-2018,Deepak Kumar,Madhya Pradesh,Bhopal
B-34181,27-03-2018,Sagar Patil,Nagaland,Kohima
B-34182,22-01-2018,Rhea Jain,Maharashtra,Mumbai
B-34183,31-01-2018,Ginny Patil,Madhya Pradesh,Indore
B-34184,10-03-2018,Mayank Sharma,Maharashtra,Mumbai
B-34185,22-07-2018,Turumella Jain,Madhya Pradesh,Indore
B-34186,16-05-2018,Shruti Kumar,Karnataka,Bangalore
B-34187,27-04-2018,Paridhi Patil,Rajasthan,Jaipur
B-34188,03-06-2018,Bathina Rao,Karnataka,Bangalore
B-34189,04-12-2018,Shivani Rao,Madhya Pradesh,Indore
B-34190,07-10-2018,Vipul Patil,Uttar Pradesh,Lucknow
B-34191,14-12-2018,Jay Sharma,Delhi,Delhi
B-34192,20-12-2018,Utkarsh Rao,Gujarat,Surat
B-34193,23-08-2018,Soumya Kumar,Sikkim,Gangtok
B-34194,14-02-2018,Hazel,Karnataka,Bangalore
B-34195,26-03-2018,Mukesh Patil,Haryana,Chandigarh
B-34196,19-09-2018,Madan Mohan Sharma,Uttar Pradesh,Mathura
B-34197,22-06-2018,Vijay Sharma,Jammu and Kashmir,Kashmir
B-34198,24-04-2018,Hemant,Kerala ,Thiruvananthapuram
B-34199,11-03-2018,Aditya Patil,Punjab,Chandigarh
B-34200,22-09-2018,Akshay,Uttar Pradesh,Lucknow
B-34201,19-12-2018,Sukruta Singh,Punjab,Amritsar
B-34202,26-04-2018,Parth Jain,Maharashtra,Pune
B-34203,18-06-2018,Subhasmita Rao,Rajasthan,Jaipur
B-34204,26-08-2018,Anudeep Singh,Madhya Pradesh,Indore
B-34205,13-02-2018,Pearl Rao,Maharashtra,Pune
B-34206,11-12-2018,Jaydeep Sharma,Madhya Pradesh,Bhopal
B-34207,29-10-2018,Ananya Rao,Andhra Pradesh,Hyderabad
B-34208,04-12-2018,Divyansha Patil,Maharashtra,Mumbai
B-34209,09-04-2018,Jitesh Singh,Uttar Pradesh,Lucknow
B-34210,21-03-2018,Pournamasi Singh,Madhya Pradesh,Indore
B-34211,04-01-2018,Bhutekar Jain,Madhya Pradesh,Indore
B-34212,21-01-2018,Paromita Jain,Punjab,Amritsar
B-34213,04-05-2018,Aditya Jain,Punjab,Chandigarh
B-34214,31-05-2018,Shreya Patil,Madhya Pradesh,Bhopal
B-34215,27-03-2018,Sarita Singh,Maharashtra,Pune
B-34216,18-01-2018,Mahima Rao,Madhya Pradesh,Indore
B-34217,19-05-2018,Pournamasi Jain,Madhya Pradesh,Indore
B-34218,13-05-2018,Tulika,Madhya Pradesh,Bhopal
B-34219,20-08-2018,Mohan Singh,Maharashtra,Mumbai
B-34220,04-01-2018,Sudhir Jain,Nagaland,Kohima
B-34221,10-12-2018,Ishpreet Jain,Maharashtra,Mumbai
B-34222,21-12-2018,Sanjay Kumar,Maharashtra,Mumbai
B-34223,13-02-2018,Jahan Singh,Madhya Pradesh,Bhopal
B-34224,23-04-2018,Pinky Singh,Jammu and Kashmir,Kashmir
B-34225,28-03-2018,Atharv Sharma,West Bengal,Kolkata
B-34226,18-01-2018,Shreya Patil,Andhra Pradesh,Hyderabad
B-34227,11-03-2018,Aditya Singh,Punjab,Chandigarh
B-34228,22-09-2018,Akshay Kumar,Uttar Pradesh,Lucknow
B-34229,11-01-2018,Mhatre Rao,Madhya Pradesh,Indore
B-34230,03-12-2018,Abhishek Patil,Gujarat,Surat
B-34231,22-11-2018,Saurabh Rao,Maharashtra,Mumbai
B-34232,11-09-2018,Surabhi Sharma,Maharashtra,Mumbai
B-34233,04-01-2018,Shikhar Patil,Maharashtra,Mumbai
B-34234,03-12-2018,Abhishek Singh,Gujarat,Surat
B-34235,25-01-2018,Manisha Singh,Rajasthan,Udaipur
B-34236,04-02-2018,Prashant Singh,Delhi,Delhi
B-34237,23-01-2018,Jesslyn Sharma,Rajasthan,Udaipur
B-34238,29-10-2018,Sanjana Singh,Madhya Pradesh,Indore
B-34239,25-12-2018,Sandra Kumar,Punjab,Amritsar
B-34240,21-03-2018,Pournamasi Rao,Madhya Pradesh,Indore
B-34241,26-04-2018,Nidhi Patil,Nagaland,Kohima
B-34242,03-11-2018,Soodesh Kumar,Punjab,Chandigarh
B-34243,18-06-2018,Parna Sharma,Madhya Pradesh,Bhopal
B-34244,17-05-2018,Sweta Singh,Maharashtra,Mumbai
B-34245,20-09-2018,Asish Sharma,Jammu and Kashmir,Kashmir
B-34246,19-01-2018,Pratiksha Jain,Maharashtra,Mumbai
B-34247,06-04-2018,Hazel Patil,Karnataka,Bangalore
B-34248,16-06-2018,Akancha Sharma,Maharashtra,Mumbai
B-34249,06-07-2018,Sakshi Singh,Madhya Pradesh,Bhopal
B-34250,08-09-2018,Duhita Singh,Haryana,Chandigarh
B-34251,08-04-2018,Aarushi Rao,Tamil Nadu,Chennai
B-34252,27-01-2018,Parin Jain,Maharashtra,Mumbai
B-34253,28-03-2018,Vini Patil,Karnataka,Bangalore
B-34254,25-10-2018,Apoorva Sharma,Haryana,Chandigarh
B-34255,18-01-2018,Aparajita Patil,West Bengal,Kolkata
B-34256,07-11-2018,Soumyabrata Jain,Andhra Pradesh,Hyderabad
B-34257,06-03-2018,Paridhi Kumar,Rajasthan,Jaipur
B-34258,16-03-2018,Ankita,Maharashtra,Mumbai
B-34259,16-02-2018,Yogesh,Bihar,Patna
B-34260,16-06-2018,Akancha Kumar,Maharashtra,Mumbai
B-34261,22-08-2018,Shubham Jain,Himachal Pradesh,Simla
B-34262,26-03-2018,Bhavna Kumar,Sikkim,Gangtok
B-34263,06-09-2018,Shreya Sharma,Kerala ,Thiruvananthapuram
B-34264,03-11-2018,Rohan Jain,Himachal Pradesh,Simla
B-34265,01-08-2018,Shubham Sharma,Madhya Pradesh,Indore
B-34266,08-05-2018,Farah Patil,Nagaland,Kohima
B-34267,16-11-2018,Komal,Himachal Pradesh,Simla
B-34268,27-02-2018,Ritu Sharma,Haryana,Chandigarh
B-34269,25-05-2018,Charika Sharma,Goa,Goa
B-34270,16-07-2018,Anchal Sharma,Haryana,Chandigarh
B-34271,02-03-2018,Sanjay Sharma,Goa,Goa
B-34272,20-04-2018,Deepak Sharma,Madhya Pradesh,Bhopal
B-34273,14-03-2018,Anurag Jain,Madhya Pradesh,Indore
B-34274,13-02-2018,Pearl Sharma,Maharashtra,Pune
B-34275,12-10-2018,Mane Patil,Andhra Pradesh,Hyderabad
B-34276,10-02-2018,Komal Patil,Uttar Pradesh,Lucknow
B-34277,22-03-2018,Divsha Sharma,Rajasthan,Jaipur
B-34278,07-05-2018,Anurag Kumar,Madhya Pradesh,Indore
B-34279,12-04-2018,Mohan Sharma,Haryana,Chandigarh
B-34280,15-02-2018,Jitesh Jain,Uttar Pradesh,Lucknow
B-34281,10-03-2018,Sonal Sharma,Bihar,Patna
B-34282,01-10-2018,Ishit Kumar,Maharashtra,Pune
B-34283,04-02-2018,Yogesh,Maharashtra,Pune
B-34284,05-10-2018,Sudheer Jain,Karnataka,Bangalore
B-34285,24-01-2018,Madan Mohan Jain,Uttar Pradesh,Mathura
B-34286,23-02-2018,Hitika Patil,Madhya Pradesh,Indore
B-34287,03-02-2018,Omkar Patil,Delhi,Delhi
B-34288,21-03-2018,Pearl Kumar,Maharashtra,Pune
B-34289,06-01-2018,Vivek Kumar,Goa,Goa
B-34290,27-03-2018,Deepak Kumar,Madhya Pradesh,Bhopal
B-34291,07-06-2018,Krutika Sharma,Bihar,Patna
B-34292,27-08-2018,Noshiba Singh,Gujarat,Ahmedabad
B-34293,26-04-2018,Nidhi,Nagaland,Kohima
B-34294,03-08-2018,Daksh Sharma,Haryana,Chandigarh
B-34295,13-02-2018,Pearl Patil,Maharashtra,Pune
B-34296,17-12-2018,Geetanjali Kumar,Delhi,Delhi
B-34297,05-07-2018,Megha,Maharashtra,Pune
B-34298,19-02-2018,Kanak Rao,Goa,Goa
B-34299,29-10-2018,Sanjana Singh,Madhya Pradesh,Indore
B-34300,09-02-2018,Arpita Sharma,Karnataka,Bangalore
B-34301,05-03-2018,Lisha,Madhya Pradesh,Bhopal
B-34302,24-11-2018,Bhosale Singh,Punjab,Amritsar
B-34303,24-06-2018,Kritika Patil,Uttar Pradesh,Lucknow
B-34304,25-04-2018,Manish Jain,Himachal Pradesh,Simla
B-34305,08-05-2018,Tushina,Goa,Goa
B-34306,08-06-2018,Shreya Kumar,Kerala ,Thiruvananthapuram
B-34307,05-12-2018,Aman Singh,Maharashtra,Mumbai
B-34308,19-02-2018,Vandana Patil,Himachal Pradesh,Simla
B-34309,22-12-2018,Karandeep,Madhya Pradesh,Indore
B-34310,27-05-2018,Mitali Kumar,Nagaland,Kohima
B-34311,22-07-2018,Turumella Sharma,Madhya Pradesh,Indore
B-34312,10-03-2018,Mayank,Maharashtra,Mumbai
B-34313,12-08-2018,Nitant Patil,Rajasthan,Jaipur
B-34314,16-07-2018,Anchal Rao,Haryana,Chandigarh
B-34315,24-09-2018,Aditya Patil,Himachal Pradesh,Simla
B-34316,09-02-2018,Shubham Jain,Jammu and Kashmir,Kashmir
B-34317,29-03-2018,Pinky Kumar,Jammu and Kashmir,Kashmir
B-34318,26-04-2018,Ashmi Singh,Madhya Pradesh,Indore
B-34319,22-07-2018,Turumella Rao,Madhya Pradesh,Indore
B-34320,04-12-2018,Vrinda Patil,Uttar Pradesh,Mathura
B-34321,02-08-2018,Ayush Singh,Punjab,Chandigarh
B-34322,29-06-2018,Riya Sharma,Maharashtra,Mumbai
B-34323,16-03-2018,Tulika Singh,Madhya Pradesh,Bhopal
B-34324,10-11-2018,Abhijeet Patil,Maharashtra,Mumbai
B-34325,31-01-2018,Ginny Sharma,Madhya Pradesh,Indore
B-34326,31-07-2018,Akshat Kumar,Maharashtra,Mumbai
B-34327,03-08-2018,Ashwin Kumar,Goa,Goa
B-34328,28-03-2018,Vini Rao,Karnataka,Bangalore
B-34329,23-02-2018,Pinky Jain,Jammu and Kashmir,Kashmir
B-34330,22-02-2018,Atharv Jain,West Bengal,Kolkata
B-34331,01-10-2018,Aryan Rao,Madhya Pradesh,Bhopal
B-34332,03-04-2018,Divsha Singh,Rajasthan,Jaipur
B-34333,19-08-2018,Shourya,Kerala ,Thiruvananthapuram
B-34334,08-08-2018,Devendra Singh,Andhra Pradesh,Hyderabad
B-34335,25-03-2018,Anita,Kerala ,Thiruvananthapuram
B-34336,23-09-2018,Sajal Singh,Bihar,Patna
B-34337,24-10-2018,Nikita Jain,Punjab,Chandigarh
B-34338,10-10-2018,Utsav,Maharashtra,Mumbai
B-34339,22-08-2018,Shubham Singh,Himachal Pradesh,Simla
B-34340,01-04-2018,Bharat Jain,Gujarat,Ahmedabad
B-34341,28-03-2018,Atharv,West Bengal,Kolkata
B-34342,11-03-2018,Aditya Rao,Punjab,Chandigarh
B-34343,21-05-2018,Chayanika Singh,Kerala ,Thiruvananthapuram
B-34344,24-09-2018,Avish Rao,Kerala ,Thiruvananthapuram
B-34345,26-04-2018,Amit Jain,Sikkim,Gangtok
B-34346,22-09-2018,Akshay Jain,Uttar Pradesh,Lucknow
B-34347,10-10-2018,Harsh Patil,Nagaland,Kohima
B-34348,21-08-2018,Vishakha Patil,Madhya Pradesh,Indore
B-34349,23-02-2018,Hitika Kumar,Madhya Pradesh,Indore
B-34350,26-04-2018,Sanjay Singh,Goa,Goa
B-34351,10-12-2018,Suraj Singh,Gujarat,Surat
B-34352,08-02-2018,Harsh,Delhi,Delhi
B-34353,19-11-2018,Parakh Jain,Nagaland,Kohima
B-34354,24-12-2018,Jayanti Rao,Uttar Pradesh,Prayagraj
B-34355,04-06-2018,Bhawna Rao,Madhya Pradesh,Indore
B-34356,27-04-2018,Paridhi Sharma,Rajasthan,Jaipur
B-34357,22-04-2018,Atharv Kumar,West Bengal,Kolkata
B-34358,28-12-2018,Prajakta Singh,Karnataka,Bangalore
B-34359,06-07-2018,Sakshi Sharma,Madhya Pradesh,Bhopal
B-34360,04-01-2018,Bhutekar Patil,Madhya Pradesh,Indore
B-34361,19-02-2018,Kanak,Goa,Goa
B-34362,29-01-2018,Hemangi,Delhi,Delhi
B-34363,24-03-2018,Yogesh Sharma,Bihar,Patna
B-34364,27-03-2018,Deepak Jain,Madhya Pradesh,Bhopal
B-34365,06-11-2018,Kushal Patil,Nagaland,Kohima
B-34366,21-01-2018,Sudevi Jain,Uttar Pradesh,Prayagraj
B-34367,28-01-2018,Amruta Patil,Delhi,Delhi
B-34368,22-03-2018,Kasheen Sharma,West Bengal,Kolkata
B-34369,09-08-2018,Kartik Sharma,Gujarat,Ahmedabad
B-34370,14-11-2018,Chikku Patil,Madhya Pradesh,Indore
B-34371,25-03-2018,Anita Jain,Kerala ,Thiruvananthapuram
B-34372,04-01-2018,Sudhir Kumar,Nagaland,Kohima
B-34373,06-02-2018,Shubham Sharma,Delhi,Delhi
B-34374,25-08-2018,Madhav Singh,Uttar Pradesh,Mathura
B-34375,24-04-2018,Pooja Jain,Bihar,Patna
B-34376,04-12-2018,Divyansha Singh,Maharashtra,Mumbai
B-34377,03-06-2018,Bathina Rao,Karnataka,Bangalore
B-34378,20-05-2018,Pratyusmita Jain,Bihar,Patna
B-34379,14-02-2018,Hazel Rao,Karnataka,Bangalore
B-34380,15-09-2018,Rohit Rao,Rajasthan,Jaipur
B-34381,15-03-2018,Farah Sharma,Nagaland,Kohima
B-34382,24-02-2018,Pooja Rao,Bihar,Patna
B-34383,27-04-2018,Lisha Jain,Madhya Pradesh,Bhopal
B-34384,01-11-2018,Ashvini Rao,Maharashtra,Mumbai
B-34385,05-05-2018,Rachna Jain,Haryana,Chandigarh
B-34386,05-01-2018,Shikhar Rao,Himachal Pradesh,Simla
B-34387,10-11-2018,Anand,Madhya Pradesh,Indore
B-34388,10-11-2018,Anand,Madhya Pradesh,Indore
B-34389,17-03-2018,Sanskriti Rao,West Bengal,Kolkata
B-34390,22-01-2018,Mitali Jain,Madhya Pradesh,Indore
B-34391,17-12-2018,Geetanjali Rao,Delhi,Delhi
B-34392,26-10-2018,Aastha Singh,Himachal Pradesh,Simla
B-34393,24-09-2018,Sukant Sharma,Sikkim,Gangtok
B-34394,14-08-2018,Nishant Kumar,Maharashtra,Mumbai
B-34395,24-04-2018,Ritu Kumar,Haryana,Chandigarh
B-34396,24-09-2018,Abhishek Kumar,Maharashtra,Mumbai
B-34397,26-03-2018,Bhavna Patil,Sikkim,Gangtok
B-34398,12-12-2018,Pradeep Sharma,Delhi,Delhi
B-34399,01-07-2018,Kishwar Patil,Madhya Pradesh,Indore
B-34400,12-07-2018,Anjali Kumar,Maharashtra,Mumbai
B-34401,29-01-2018,Hemangi Jain,Delhi,Delhi
B-34402,24-04-2018,Sahil,Punjab,Chandigarh
B-34403,15-11-2018,Aromal Rao,Maharashtra,Mumbai
B-34404,02-09-2018,Sakshi Patil,Madhya Pradesh,Indore
B-34405,07-02-2018,Patil Rao,Delhi,Delhi
B-34406,24-11-2018,Divyeshkumar Rao,Uttar Pradesh,Prayagraj
B-34407,12-07-2018,Rashmi Jain,Madhya Pradesh,Indore
B-34408,27-03-2018,Deepak Jain,Madhya Pradesh,Bhopal
B-34409,18-06-2018,Parna Singh,Madhya Pradesh,Bhopal
B-34410,02-02-2018,Mugdha Kumar,Delhi,Delhi
B-34411,03-11-2018,Swati Sharma,Madhya Pradesh,Indore
B-34412,04-12-2018,Sathya Patil,Gujarat,Surat
B-34413,21-11-2018,Gunjal Rao,Gujarat,Surat
B-34414,10-12-2018,Suraj Sharma,Gujarat,Surat
B-34415,26-04-2018,Nidhi Jain,Nagaland,Kohima
B-34416,13-03-2018,Chirag,Maharashtra,Mumbai
B-34417,30-03-2018,Bhishm Patil,Maharashtra,Mumbai
B-34418,17-06-2018,Rashmi Patil,Madhya Pradesh,Indore
B-34419,26-07-2018,Akash Sharma,West Bengal,Kolkata
B-34420,20-11-2018,Pranav Rao,Andhra Pradesh,Hyderabad
B-34421,02-06-2018,Ekta Rao,West Bengal,Kolkata
B-34422,26-04-2018,Parth Kumar,Maharashtra,Pune
B-34423,24-04-2018,Hemant Rao,Kerala ,Thiruvananthapuram
B-34424,08-09-2018,Duhita Patil,Haryana,Chandigarh
B-34425,16-03-2018,Shefali Kumar,Rajasthan,Jaipur
B-34426,26-04-2018,Amit,Sikkim,Gangtok
B-34427,12-08-2018,Nitant Rao,Rajasthan,Jaipur
B-34428,28-02-2018,Manish Kumar,Himachal Pradesh,Simla
B-34429,01-07-2018,Aakanksha Kumar,Madhya Pradesh,Indore
B-34430,17-04-2018,Sagar Rao,Nagaland,Kohima
B-34431,30-12-2018,Dipali Rao,Madhya Pradesh,Indore
B-34432,22-02-2018,Atharv Kumar,West Bengal,Kolkata
B-34433,16-06-2018,Akancha Jain,Maharashtra,Mumbai
B-34434,24-11-2018,Bhosale Jain,Punjab,Amritsar
B-34435,18-06-2018,Suhani Jain,West Bengal,Kolkata
B-34436,27-04-2018,Paridhi,Rajasthan,Jaipur
B-34437,22-11-2018,Saurabh Singh,Maharashtra,Mumbai
B-34438,21-01-2018,Shreyshi Sharma,Gujarat,Surat
B-34439,16-06-2018,Akancha Kumar,Maharashtra,Mumbai
B-34440,09-07-2018,Stuti Rao,Karnataka,Bangalore
B-34441,25-02-2018,Hemant Kumar,Kerala ,Thiruvananthapuram
B-34442,03-04-2018,Divsha Kumar,Rajasthan,Jaipur
B-34443,22-10-2018,Tanushree Patil,Maharashtra,Mumbai
B-34444,05-04-2018,Kasheen Rao,West Bengal,Kolkata
B-34445,05-12-2018,Aman Jain,Maharashtra,Mumbai
B-34446,03-08-2018,Rane Singh,Maharashtra,Mumbai
B-34447,14-01-2018,Trupti Rao,Gujarat,Ahmedabad
B-34448,04-01-2018,Bhutekar,Madhya Pradesh,Indore
B-34449,03-04-2018,Jahan Singh,Madhya Pradesh,Bhopal
B-34450,01-07-2018,Kishwar Jain,Madhya Pradesh,Indore
B-34451,21-08-2018,Vishakha,Madhya Pradesh,Indore
B-34452,26-08-2018,Anudeep Jain,Madhya Pradesh,Indore
B-34453,28-06-2018,Ekta Singh,Madhya Pradesh,Indore
B-34454,15-07-2018,Namrata Jain,Punjab,Chandigarh
B-34455,27-03-2018,Ramesh Singh,Gujarat,Ahmedabad
B-34456,18-01-2018,Surbhi Patil,Gujarat,Ahmedabad
B-34457,23-03-2018,Jitesh Patil,Uttar Pradesh,Lucknow
B-34458,15-12-2018,Phalguni Jain,Madhya Pradesh,Bhopal
B-34459,21-01-2018,Saloni Rao,West Bengal,Kolkata
B-34460,11-01-2018,Mhatre Jain,Madhya Pradesh,Indore
B-34461,03-06-2018,Bathina Jain,Karnataka,Bangalore
B-34462,23-05-2018,Anjali Sharma,Haryana,Chandigarh
B-34463,04-05-2018,Aditya Patil,Punjab,Chandigarh
B-34464,31-05-2018,Shreya Singh,Madhya Pradesh,Bhopal
B-34465,14-06-2018,Bhaggyasree Singh,Maharashtra,Mumbai
B-34466,21-10-2018,Kartik Singh,Madhya Pradesh,Indore
B-34467,15-09-2018,Aayushi,Maharashtra,Mumbai
B-34468,15-03-2018,Farah Jain,Nagaland,Kohima
B-34469,24-04-2018,Ritu Patil,Haryana,Chandigarh
B-34470,03-11-2018,Aniket Patil,Haryana,Chandigarh
B-34471,25-05-2018,Piyali Jain,Sikkim,Gangtok
B-34472,15-03-2018,Farah,Nagaland,Kohima
B-34473,15-05-2018,Sanskriti Jain,West Bengal,Kolkata
B-34474,09-08-2018,Kartik Kumar,Gujarat,Ahmedabad
B-34475,16-03-2018,Priyanka Jain,Maharashtra,Pune
B-34476,12-04-2018,Shrichand Rao,Punjab,Chandigarh
B-34477,06-02-2018,Shubham Sharma,Delhi,Delhi
B-34478,24-11-2018,Bhosale Jain,Punjab,Amritsar
B-34479,24-08-2018,Pooja,Goa,Goa
B-34480,30-08-2018,Surabhi Jain,Rajasthan,Jaipur
B-34481,11-12-2018,Bhargav Sharma,Delhi,Delhi
B-34482,31-05-2018,Shreya Sharma,Madhya Pradesh,Bhopal
B-34483,14-09-2018,Rutuja Rao,Gujarat,Ahmedabad
B-34484,19-08-2018,Shourya Rao,Kerala ,Thiruvananthapuram
B-34485,25-01-2018,Manisha Patil,Rajasthan,Udaipur
B-34486,15-09-2018,Shivangi,Madhya Pradesh,Indore
B-34487,05-02-2018,Diwakar Rao,Delhi,Delhi
B-34488,30-04-2018,Mayank Kumar,Maharashtra,Mumbai
B-34489,08-12-2018,Aishwarya Patil,Uttar Pradesh,Prayagraj
B-34490,23-04-2018,Pinky Kumar,Jammu and Kashmir,Kashmir
B-34491,19-11-2018,Parakh Jain,Nagaland,Kohima
B-34492,19-02-2018,Bhavna Sharma,Sikkim,Gangtok
B-34493,13-01-2018,Jesal Jain,West Bengal,Kolkata
B-34494,24-11-2018,Dashyam Sharma,Gujarat,Surat
B-34495,06-03-2018,Paridhi Jain,Rajasthan,Jaipur
B-34496,04-06-2018,Avni,Maharashtra,Mumbai
B-34497,16-06-2018,Akancha Rao,Maharashtra,Mumbai
B-34498,03-11-2018,Soodesh Kumar,Punjab,Chandigarh
B-34499,24-12-2018,Jayanti Sharma,Uttar Pradesh,Prayagraj
B-34500,29-08-2018,Meghana,Madhya Pradesh,Bhopal
B-34501,19-02-2018,Bhavna Jain,Sikkim,Gangtok
B-34502,14-03-2018,Anurag,Madhya Pradesh,Indore
B-34503,10-12-2018,Amlan Jain,Madhya Pradesh,Indore
B-34504,27-02-2018,Ritu Kumar,Haryana,Chandigarh
B-34505,11-06-2018,Sanjna Kumar,Maharashtra,Mumbai
B-34506,25-03-2018,Anita Rao,Kerala ,Thiruvananthapuram
B-34507,08-08-2018,Devendra Kumar,Andhra Pradesh,Hyderabad
B-34508,01-07-2018,Aakanksha Jain,Madhya Pradesh,Indore
B-34509,18-08-2018,Akshay Jain,Bihar,Patna
B-34510,10-03-2018,Mayank Kumar,Maharashtra,Mumbai
B-34511,26-11-2018,Masurkar Kumar,Punjab,Amritsar
B-34512,03-04-2018,Jahan Patil,Madhya Pradesh,Bhopal
B-34513,17-11-2018,Ankit Singh,Sikkim,Gangtok
B-34514,30-12-2018,Dipali Jain,Madhya Pradesh,Indore
B-34515,23-02-2018,Hitika Kumar,Madhya Pradesh,Indore
B-34516,24-11-2018,Bhosale Patil,Punjab,Amritsar
B-34517,12-02-2018,Bharat Rao,Gujarat,Ahmedabad
B-34518,31-12-2018,Shreya Kumar,Uttar Pradesh,Lucknow
B-34519,18-04-2018,Ramesh,Gujarat,Ahmedabad
B-34520,28-10-2018,Harshita Singh,Maharashtra,Mumbai
B-34521,22-07-2018,Madhulika Jain,Madhya Pradesh,Bhopal
B-34522,22-03-2018,Sonakshi Kumar,Jammu and Kashmir,Kashmir
B-34523,23-04-2018,Bhishm Rao,Maharashtra,Mumbai
B-34524,22-01-2018,Rhea,Maharashtra,Mumbai
B-34525,25-03-2018,Anita Sharma,Kerala ,Thiruvananthapuram
B-34526,01-03-2018,Amit,Sikkim,Gangtok
B-34527,10-12-2018,Ishpreet Patil,Maharashtra,Mumbai
B-34528,01-04-2018,Vrinda Rao,Maharashtra,Pune
B-34529,23-09-2018,Sajal Rao,Bihar,Patna
B-34530,24-04-2018,Pooja Kumar,Bihar,Patna
B-34531,13-03-2018,Chirag Patil,Maharashtra,Mumbai
B-34532,03-08-2018,Rane Rao,Maharashtra,Mumbai
B-34533,03-12-2018,Abhishek Sharma,Gujarat,Surat
B-34534,02-08-2018,Ayush,Punjab,Chandigarh
B-34535,06-10-2018,Dhanraj Patil,Madhya Pradesh,Indore
B-34536,01-09-2018,Shreyoshe Patil,Karnataka,Bangalore
B-34537,07-01-2018,Jaideep Rao,Nagaland,Kohima
B-34538,31-03-2018,Hitika Sharma,Madhya Pradesh,Indore
B-34539,24-11-2018,Mrinal Sharma,Maharashtra,Mumbai
B-34540,22-01-2018,Mitali Kumar,Madhya Pradesh,Indore
B-34541,01-04-2018,Bharat,Gujarat,Ahmedabad
B-34542,27-01-2018,Shweta Patil,Rajasthan,Udaipur
B-34543,11-08-2018,Harsh Rao,Madhya Pradesh,Bhopal
B-34544,04-12-2018,Divyansha Patil,Maharashtra,Mumbai
B-34545,30-09-2018,Sauptik Kumar,Madhya Pradesh,Indore
B-34546,10-06-2018,Sheetal Rao,Madhya Pradesh,Indore
B-34547,12-07-2018,Anjali Singh,Maharashtra,Mumbai
B-34548,27-01-2018,Shweta Patil,Rajasthan,Udaipur
B-34549,24-09-2018,Aditya,Himachal Pradesh,Simla
B-34550,15-04-2018,Bhavna Jain,Sikkim,Gangtok
B-34551,24-03-2018,Yogesh Singh,Bihar,Patna
B-34552,12-01-2018,Saurabh Sharma,Andhra Pradesh,Hyderabad
B-34553,28-04-2018,Ajay Patil,Karnataka,Bangalore
B-34554,31-01-2018,Manjiri Rao,Delhi,Delhi
B-34555,13-09-2018,Teena Rao,Andhra Pradesh,Hyderabad
B-34556,13-01-2018,Jesal,West Bengal,Kolkata
B-34557,19-02-2018,Bhavna,Sikkim,Gangtok
B-34558,18-01-2018,Aparajita Patil,West Bengal,Kolkata
B-34559,30-06-2018,Shweta Jain,Madhya Pradesh,Indore
B-34560,03-11-2018,Rohan Sharma,Himachal Pradesh,Simla
B-34561,04-12-2018,Vrinda Jain,Uttar Pradesh,Mathura
B-34562,23-03-2018,Jitesh Rao,Uttar Pradesh,Lucknow
B-34563,05-03-2018,Lisha,Madhya Pradesh,Bhopal
B-34564,15-09-2018,Shivangi Patil,Madhya Pradesh,Indore
B-34565,12-02-2018,Bharat,Gujarat,Ahmedabad
B-34566,22-04-2018,Monisha Patil,Rajasthan,Jaipur
B-34567,07-02-2018,Patil Kumar,Delhi,Delhi
B-34568,07-01-2018,Jaideep,Nagaland,Kohima
B-34569,08-02-2018,Harsh Kumar,Delhi,Delhi
B-34570,25-10-2018,Apoorva Rao,Haryana,Chandigarh
B-34571,28-02-2018,Manish Singh,Himachal Pradesh,Simla
B-34572,17-05-2018,Subhashree Patil,Jammu and Kashmir,Kashmir
B-34573,02-09-2018,Sakshi Rao,Madhya Pradesh,Indore
B-34574,24-11-2018,Dashyam,Gujarat,Surat
B-34575,28-07-2018,Dhirajendu Sharma,Maharashtra,Mumbai
B-34576,27-05-2018,Mitali,Nagaland,Kohima
B-34577,04-06-2018,Avni Jain,Maharashtra,Mumbai
B-34578,03-04-2018,Jahan,Madhya Pradesh,Bhopal
B-34579,06-04-2018,Sonakshi Singh,Jammu and Kashmir,Kashmir
B-34580,07-08-2018,Aman Kumar,Nagaland,Kohima
B-34581,26-11-2018,Masurkar Jain,Punjab,Amritsar
B-34582,25-08-2018,Madhav Kumar,Uttar Pradesh,Mathura
B-34583,12-10-2018,Mane Jain,Andhra Pradesh,Hyderabad
B-34584,10-03-2018,Sharda Singh,Kerala ,Thiruvananthapuram
B-34585,01-12-2018,Vishakha Singh,Uttar Pradesh,Prayagraj
B-34586,01-05-2018,Sonal Jain,Bihar,Patna
B-34587,10-12-2018,Ishpreet Sharma,Maharashtra,Mumbai
B-34588,03-05-2018,Sharda Kumar,Kerala ,Thiruvananthapuram
B-34589,02-06-2018,Ekta Kumar,West Bengal,Kolkata
B-34590,28-10-2018,Harshita Rao,Maharashtra,Mumbai
B-34591,26-04-2018,Nidhi Kumar,Nagaland,Kohima
B-34592,03-02-2018,Omkar Patil,Delhi,Delhi
B-34593,04-01-2018,Rahul Singh,Madhya Pradesh,Indore
B-34594,22-09-2018,Akshay Sharma,Uttar Pradesh,Lucknow
B-34595,12-08-2018,Nitant Singh,Rajasthan,Jaipur
B-34596,20-05-2018,Pratyusmita,Bihar,Patna
B-34597,31-12-2018,Shreya Rao,Uttar Pradesh,Lucknow
B-34598,21-05-2018,Chayanika Rao,Kerala ,Thiruvananthapuram
B-34599,15-11-2018,Aayush Sharma,Uttar Pradesh,Lucknow
B-34600,28-06-2018,Ekta Singh,Madhya Pradesh,Indore
B-34601,11-06-2018,Swetha Jain,Madhya Pradesh,Indore
B-34602,09-04-2018,Yogesh,Bihar,Patna
B-34603,01-10-2018,Ishit Jain,Maharashtra,Pune
B-34604,02-06-2018,Ekta Singh,West Bengal,Kolkata
B-34605,05-10-2018,Yash Kumar,Maharashtra,Mumbai
B-34606,26-06-2018,Maithilee Jain,Madhya Pradesh,Indore
B-34607,19-01-2018,Pratiksha Kumar,Maharashtra,Mumbai
B-34608,31-07-2018,Akshat Sharma,Maharashtra,Mumbai
B-34609,07-09-2018,Snehal,Punjab,Chandigarh
B-34610,20-12-2018,Utkarsh Singh,Gujarat,Surat
B-34611,27-01-2018,Shivangi Jain,Madhya Pradesh,Indore
B-34612,21-05-2018,Chayanika Sharma,Kerala ,Thiruvananthapuram
B-34613,06-07-2018,Sakshi Rao,Madhya Pradesh,Bhopal
B-34614,10-02-2018,Komal Rao,Uttar Pradesh,Lucknow
B-34615,10-12-2018,Ishpreet Kumar,Maharashtra,Mumbai
B-34616,26-11-2018,Masurkar Sharma,Punjab,Amritsar
B-34617,05-11-2018,Abhishek,Goa,Goa
B-34618,11-03-2018,Aditya Patil,Punjab,Chandigarh
B-34619,25-08-2018,Madhav,Uttar Pradesh,Mathura
B-34620,23-04-2018,Bhishm Patil,Maharashtra,Mumbai
B-34621,23-04-2018,Bhishm Jain,Maharashtra,Mumbai
B-34622,04-01-2018,Bhutekar Singh,Madhya Pradesh,Indore
B-34623,28-10-2018,Harshita Rao,Maharashtra,Mumbai
B-34624,10-03-2018,Mayank Patil,Maharashtra,Mumbai
B-34625,08-02-2018,Hitesh Patil,Madhya Pradesh,Bhopal
B-34626,12-04-2018,Shrichand Kumar,Punjab,Chandigarh
B-34627,25-03-2018,Anita Jain,Kerala ,Thiruvananthapuram
B-34628,17-12-2018,Geetanjali Rao,Delhi,Delhi
B-34629,01-11-2018,Ashvini Sharma,Maharashtra,Mumbai
B-34630,14-08-2018,Nishant Patil,Maharashtra,Mumbai
B-34631,08-05-2018,Farah Kumar,Nagaland,Kohima
B-34632,05-01-2018,Nikhil Singh,Punjab,Chandigarh
B-34633,10-02-2018,Komal Sharma,Uttar Pradesh,Lucknow
B-34634,12-04-2018,Shrichand Sharma,Punjab,Chandigarh
B-34635,16-06-2018,Akancha Patil,Maharashtra,Mumbai
B-34636,10-05-2018,Sabah Jain,Maharashtra,Mumbai
B-34637,03-08-2018,Ashwin Singh,Goa,Goa
B-34638,11-05-2018,Priyanka Sharma,Maharashtra,Pune
B-34639,20-08-2018,Mohan,Maharashtra,Mumbai
B-34640,09-12-2018,Anand Rao,Punjab,Amritsar
B-34641,25-12-2018,Sandra,Punjab,Amritsar
B-34642,29-07-2018,Pranav Patil,Madhya Pradesh,Indore
B-34643,01-02-2018,Anjali Patil,Delhi,Delhi
B-34644,15-11-2018,Aromal Jain,Maharashtra,Mumbai
B-34645,11-05-2018,Priyanka Jain,Maharashtra,Pune
B-34646,08-02-2018,Nandita Kumar,Rajasthan,Jaipur
B-34647,27-03-2018,Sagar Patil,Nagaland,Kohima
B-34648,24-11-2018,Bhosale Patil,Punjab,Amritsar
B-34649,22-03-2018,Divsha Jain,Rajasthan,Jaipur
B-34650,27-03-2018,Deepak,Madhya Pradesh,Bhopal
B-34651,30-01-2018,Kajal Patil,Delhi,Delhi
B-34652,24-04-2018,Sahil,Punjab,Chandigarh
B-34653,15-11-2018,Arun Singh,Madhya Pradesh,Indore
B-34654,03-08-2018,Ashwin Singh,Goa,Goa
B-34655,28-08-2018,Sanjova Rao,Maharashtra,Pune
B-34656,24-11-2018,Divyeshkumar Jain,Uttar Pradesh,Prayagraj
B-34657,15-03-2018,Farah Jain,Nagaland,Kohima
B-34658,16-03-2018,Priyanka Rao,Maharashtra,Pune
B-34659,24-04-2018,Hemant Sharma,Kerala ,Thiruvananthapuram
B-34660,09-04-2018,Jitesh Singh,Uttar Pradesh,Lucknow
B-34661,23-04-2018,Pinky,Jammu and Kashmir,Kashmir
B-34662,28-08-2018,Sanjova Patil,Maharashtra,Pune
B-34663,21-02-2018,Sarita Kumar,Maharashtra,Pune
B-34664,23-02-2018,Bhishm Singh,Maharashtra,Mumbai
B-34665,18-01-2018,Aparajita Patil,West Bengal,Kolkata
B-34666,05-01-2018,Vineet,Sikkim,Gangtok
B-34667,08-12-2018,Aishwarya,Uttar Pradesh,Prayagraj
B-34668,11-06-2018,Pooja Singh,Himachal Pradesh,Simla
B-34669,04-01-2018,Sidharth Kumar,Maharashtra,Mumbai
B-34670,07-03-2018,Parishi,West Bengal,Kolkata
B-34671,13-08-2018,Ayush Rao,Maharashtra,Mumbai
B-34672,06-03-2018,Paridhi Patil,Rajasthan,Jaipur
B-34673,02-03-2018,Sanjay Singh,Goa,Goa
B-34674,25-01-2018,Piyam Jain,Punjab,Amritsar
B-34675,05-10-2018,Shivanshu Singh,Madhya Pradesh,Indore
B-34676,29-06-2018,Riya Patil,Maharashtra,Mumbai
B-34677,23-04-2018,Hitika Singh,Madhya Pradesh,Indore
B-34678,04-03-2018,Parth Jain,Maharashtra,Pune
B-34679,21-02-2018,Sarita Rao,Maharashtra,Pune
B-34680,20-11-2018,Pranav Kumar,Andhra Pradesh,Hyderabad
B-34681,07-05-2018,Anurag,Madhya Pradesh,Indore
B-34682,29-06-2018,Riya Kumar,Maharashtra,Mumbai
B-34683,29-12-2018,Shruti Kumar,Maharashtra,Mumbai
B-34684,08-04-2018,Aarushi Rao,Tamil Nadu,Chennai
B-34685,13-01-2018,Shruti Singh,Madhya Pradesh,Indore
B-34686,26-04-2018,Parth,Maharashtra,Pune
B-34687,21-03-2018,Pearl Singh,Maharashtra,Pune
B-34688,20-11-2018,Pranav Kumar,Andhra Pradesh,Hyderabad
B-34689,25-05-2018,Charika Sharma,Goa,Goa
B-34690,18-03-2018,Shruti Sharma,Karnataka,Bangalore
B-34691,13-01-2018,Shruti,Madhya Pradesh,Indore
B-34692,01-10-2018,Aryan,Madhya Pradesh,Bhopal
B-34693,20-02-2018,Manju Rao,Andhra Pradesh,Hyderabad
B-34694,04-12-2018,Vrinda,Uttar Pradesh,Mathura
B-34695,23-01-2018,Jesslyn Singh,Rajasthan,Udaipur
B-34696,24-09-2018,Abhishek Jain,Maharashtra,Mumbai
B-34697,17-07-2018,Inderpreet Rao,Himachal Pradesh,Simla
B-34698,21-11-2018,Gunjal Jain,Gujarat,Surat
B-34699,31-03-2018,Hitika,Madhya Pradesh,Indore
B-34700,08-05-2018,Tushina,Goa,Goa
B-34701,17-05-2018,Subhashree Singh,Jammu and Kashmir,Kashmir
B-34702,15-09-2018,Aayushi Sharma,Maharashtra,Mumbai
B-34703,21-03-2018,Pournamasi Kumar,Madhya Pradesh,Indore
B-34704,04-02-2018,Yohann Patil,Delhi,Delhi
B-34705,05-10-2018,Yash Kumar,Maharashtra,Mumbai
B-34706,19-09-2018,Madan Mohan,Uttar Pradesh,Mathura
B-34707,26-04-2018,Sanjay Rao,Goa,Goa
B-34708,11-07-2018,Surabhi Rao,Tamil Nadu,Chennai
B-34709,20-12-2018,Utkarsh Patil,Gujarat,Surat
B-34710,23-09-2018,Sajal Singh,Bihar,Patna
B-34711,20-10-2018,Shyam Jain,Madhya Pradesh,Indore
B-34712,29-10-2018,Moumita Rao,Gujarat,Ahmedabad
B-34713,11-12-2018,Jaydeep,Madhya Pradesh,Bhopal
B-34714,11-07-2018,Surabhi Kumar,Tamil Nadu,Chennai
B-34715,08-02-2018,Parnavi Kumar,West Bengal,Kolkata
B-34716,09-02-2018,Arpita,Karnataka,Bangalore
B-34717,27-07-2018,Anubhaw Kumar,Karnataka,Bangalore
B-34718,06-04-2018,Sonakshi,Jammu and Kashmir,Kashmir
B-34719,08-02-2018,Nandita Singh,Rajasthan,Jaipur
B-34720,12-12-2018,Pradeep Singh,Delhi,Delhi
B-34721,01-04-2018,Bharat,Gujarat,Ahmedabad
B-34722,28-02-2018,Manish,Himachal Pradesh,Simla
B-34723,11-06-2018,Pooja Sharma,Himachal Pradesh,Simla
B-34724,03-08-2018,Navdeep Patil,Madhya Pradesh,Indore
B-34725,29-10-2018,Ananya Sharma,Andhra Pradesh,Hyderabad
B-34726,26-03-2018,Shrichand Patil,Punjab,Chandigarh
B-34727,28-04-2018,Ajay,Karnataka,Bangalore
B-34728,17-06-2018,Rashmi Sharma,Madhya Pradesh,Indore
B-34729,15-06-2018,Gunjan Rao,Madhya Pradesh,Indore
B-34730,14-02-2018,Sonakshi Rao,Jammu and Kashmir,Kashmir
B-34731,08-11-2018,Shubham,Maharashtra,Pune
B-34732,04-06-2018,Bhawna Sharma,Madhya Pradesh,Indore
B-34733,04-01-2018,Bhutekar Singh,Madhya Pradesh,Indore
B-34734,31-01-2018,Manjiri,Delhi,Delhi
B-34735,05-01-2018,Ankit Patil,Haryana,Chandigarh
B-34736,10-10-2018,Nripraj Kumar,Punjab,Chandigarh
B-34737,30-10-2018,Pranjali Singh,West Bengal,Kolkata
B-34738,06-12-2018,Rohan Jain,Madhya Pradesh,Indore
B-34739,26-07-2018,Akash Kumar,West Bengal,Kolkata
B-34740,08-06-2018,Shreya,Kerala ,Thiruvananthapuram
B-34741,12-03-2018,Rachna Singh,Haryana,Chandigarh
B-34742,07-05-2018,Anurag,Madhya Pradesh,Indore
B-34743,10-03-2018,Mayank,Maharashtra,Mumbai
B-34744,31-03-2018,Hitika Sharma,Madhya Pradesh,Indore
B-34745,24-11-2018,Dashyam Jain,Gujarat,Surat
B-34746,28-08-2018,Sanjova Kumar,Maharashtra,Pune
B-34747,21-03-2018,Jahan Singh,Madhya Pradesh,Bhopal
B-34748,25-01-2018,Manisha,Rajasthan,Udaipur
B-34749,14-01-2018,Krutika Sharma,Andhra Pradesh,Hyderabad
B-34750,27-04-2018,Parishi,West Bengal,Kolkata
B-34751,06-01-2018,Vivek Singh,Goa,Goa
B-34752,30-01-2018,Kajal Singh,Delhi,Delhi
B-34753,14-08-2018,Priyanshu Singh,Madhya Pradesh,Indore
B-34754,18-07-2018,Wale,Maharashtra,Mumbai
B-34755,03-11-2018,Swati Singh,Madhya Pradesh,Indore
B-34756,21-08-2018,Vishakha Kumar,Madhya Pradesh,Indore
B-34757,03-08-2018,Rane,Maharashtra,Mumbai
B-34758,29-08-2018,Meghana Patil,Madhya Pradesh,Bhopal
B-34759,31-07-2018,Akshat Rao,Maharashtra,Mumbai
B-34760,14-03-2018,Anurag Jain,Madhya Pradesh,Indore
B-34761,14-11-2018,Chikku Sharma,Madhya Pradesh,Indore
B-34762,01-10-2018,Aryan Patil,Madhya Pradesh,Bhopal
B-34763,27-03-2018,Ramesh Sharma,Gujarat,Ahmedabad
B-34764,01-08-2018,Shubham Jain,Madhya Pradesh,Indore
B-34765,06-04-2018,Sonakshi Rao,Jammu and Kashmir,Kashmir
B-34766,03-12-2018,Abhishek Kumar,Gujarat,Surat
B-34767,22-03-2018,Sonakshi Patil,Jammu and Kashmir,Kashmir
B-34768,13-10-2018,Praneet Jain,Maharashtra,Mumbai
B-34769,24-03-2018,Yogesh Sharma,Bihar,Patna
B-34770,26-10-2018,Aastha,Himachal Pradesh,Simla
B-34771,05-02-2018,Diwakar,Delhi,Delhi
B-34772,01-11-2018,Ashvini Sharma,Maharashtra,Mumbai
B-34773,01-10-2018,Aryan Rao,Madhya Pradesh,Bhopal
B-34774,26-03-2018,Shrichand Rao,Punjab,Chandigarh
B-34775,14-05-2018,Shefali Singh,Rajasthan,Jaipur
B-34776,04-12-2018,Shivani Jain,Madhya Pradesh,Indore
B-34777,06-01-2018,Vivek Rao,Goa,Goa
B-34778,19-02-2018,Kanak Jain,Goa,Goa
B-34779,23-04-2018,Bhishm Singh,Maharashtra,Mumbai
B-34780,03-03-2018,Nidhi Patil,Nagaland,Kohima
B-34781,07-12-2018,Abhishek Rao,Rajasthan,Udaipur
B-34782,08-08-2018,Devendra Sharma,Andhra Pradesh,Hyderabad
B-34783,28-03-2018,Monisha Singh,Rajasthan,Jaipur
B-34784,05-10-2018,Ankit,Maharashtra,Mumbai
B-34785,10-09-2018,Aditi Patil,Madhya Pradesh,Indore
B-34786,27-03-2018,Deepak Sharma,Madhya Pradesh,Bhopal
B-34787,27-03-2018,Sarita Patil,Maharashtra,Pune
B-34788,22-07-2018,Rishabh Kumar,Rajasthan,Jaipur
B-34789,14-08-2018,Vaibhav Jain,Madhya Pradesh,Indore
B-34790,10-11-2018,Abhijeet Jain,Maharashtra,Mumbai
B-34791,14-11-2018,Chikku Sharma,Madhya Pradesh,Indore
B-34792,24-04-2018,Sahil,Punjab,Chandigarh
B-34793,06-04-2018,Sonakshi Jain,Jammu and Kashmir,Kashmir
B-34794,22-09-2018,Akshay Rao,Uttar Pradesh,Lucknow
B-34795,29-04-2018,Kirti Sharma,Jammu and Kashmir,Kashmir
B-34796,27-01-2018,Shweta Patil,Rajasthan,Udaipur
B-34797,07-05-2018,Anurag Jain,Madhya Pradesh,Indore
B-34798,09-07-2018,Stuti Rao,Karnataka,Bangalore
B-34799,29-08-2018,Meghana Singh,Madhya Pradesh,Bhopal
B-34800,09-04-2018,Jitesh Singh,Uttar Pradesh,Lucknow
B-34801,28-02-2018,Manish Rao,Himachal Pradesh,Simla
B-34802,27-08-2018,Noshiba Sharma,Gujarat,Ahmedabad
B-34803,04-02-2018,Yogesh Rao,Maharashtra,Pune
B-34804,27-10-2018,Mahima,Sikkim,Gangtok
B-34805,20-10-2018,Shyam Singh,Madhya Pradesh,Indore
B-34806,07-06-2018,Krutika Patil,Bihar,Patna
B-34807,17-07-2018,Inderpreet Sharma,Himachal Pradesh,Simla
B-34808,13-04-2018,Vandana Patil,Himachal Pradesh,Simla
B-34809,15-11-2018,Manibalan Jain,Kerala ,Thiruvananthapuram
B-34810,18-01-2018,Muskan Jain,Madhya Pradesh,Indore
B-34811,11-12-2018,Bhargav Singh,Delhi,Delhi
B-34812,23-04-2018,Hitika Patil,Madhya Pradesh,Indore
B-34813,26-03-2018,Vandana Singh,Himachal Pradesh,Simla
B-34814,26-03-2018,Bhavna Jain,Sikkim,Gangtok
B-34815,08-01-2018,Ankur,Andhra Pradesh,Hyderabad
B-34816,18-06-2018,Subhasmita Sharma,Rajasthan,Jaipur
B-34817,14-01-2018,Krutika Singh,Andhra Pradesh,Hyderabad
B-34818,26-06-2018,Maithilee Singh,Madhya Pradesh,Indore
B-34819,13-01-2018,Mukund Patil,Maharashtra,Pune
B-34820,02-06-2018,Ekta Kumar,West Bengal,Kolkata
B-34821,20-05-2018,Pratyusmita,Bihar,Patna
B-34822,02-06-2018,Ekta Patil,West Bengal,Kolkata
B-34823,17-02-2018,Anita Singh,Kerala ,Thiruvananthapuram
B-34824,08-11-2018,Abhijeet Patil,Madhya Pradesh,Bhopal
B-34825,19-01-2018,Pratiksha Patil,Maharashtra,Mumbai
B-34826,28-11-2018,Sumeet Rao,Maharashtra,Mumbai
B-34827,11-06-2018,Swetha Rao,Madhya Pradesh,Indore
B-34828,12-07-2018,Manshul Jain,Uttar Pradesh,Lucknow
B-34829,22-07-2018,Rishabh Singh,Rajasthan,Jaipur
B-34830,20-04-2018,Sarita Jain,Maharashtra,Pune
B-34831,25-01-2018,Manisha Singh,Rajasthan,Udaipur
B-34832,17-04-2018,Sagar Sharma,Nagaland,Kohima
B-34833,10-12-2018,Swapnil Sharma,Delhi,Delhi
B-34834,19-07-2018,Sheetal Jain,Madhya Pradesh,Indore
B-34835,08-06-2018,Shreya Sharma,Kerala ,Thiruvananthapuram
B-34836,06-04-2018,Hazel,Karnataka,Bangalore
B-34837,20-04-2018,Deepak Sharma,Madhya Pradesh,Bhopal
B-34838,19-12-2018,Sukruta Singh,Punjab,Amritsar
B-34839,30-07-2018,Arindam Kumar,Uttar Pradesh,Lucknow
B-34840,10-03-2018,Sharda Kumar,Kerala ,Thiruvananthapuram
B-34841,25-12-2018,Sandra,Punjab,Amritsar
B-34842,28-05-2018,Arsheen Singh,Gujarat,Ahmedabad
B-34843,24-04-2018,Ritu Patil,Haryana,Chandigarh
B-34844,13-03-2018,Chirag Rao,Maharashtra,Mumbai
B-34845,25-03-2018,Anita Singh,Kerala ,Thiruvananthapuram
B-34846,21-03-2018,Jahan Rao,Madhya Pradesh,Bhopal
B-34847,27-01-2018,Aayushi Singh,Gujarat,Surat
B-34848,14-03-2018,Anurag Jain,Madhya Pradesh,Indore
B-34849,26-04-2018,Ashmi Singh,Madhya Pradesh,Indore
B-34850,09-03-2018,Kirti Jain,Jammu and Kashmir,Kashmir
B-34851,31-05-2018,Shreya Patil,Madhya Pradesh,Bhopal
B-34852,23-04-2018,Pinky,Jammu and Kashmir,Kashmir
B-34853,03-11-2018,Aniket Singh,Haryana,Chandigarh
B-34854,22-04-2018,Atharv Singh,West Bengal,Kolkata
B-34855,25-08-2018,Madhav Patil,Uttar Pradesh,Mathura
B-34856,27-01-2018,Parin Patil,Maharashtra,Mumbai
B-34857,20-04-2018,Sarita Rao,Maharashtra,Pune
B-34858,04-03-2018,Nishi Sharma,Maharashtra,Mumbai
B-34859,07-10-2018,Vipul Kumar,Uttar Pradesh,Lucknow
B-34860,13-01-2018,Shruti Kumar,Madhya Pradesh,Indore
B-34861,17-03-2018,Sanskriti,West Bengal,Kolkata
B-34862,18-01-2018,Shreya Jain,Andhra Pradesh,Hyderabad
B-34863,29-10-2018,Ananya,Andhra Pradesh,Hyderabad
B-34864,08-08-2018,Devendra Patil,Andhra Pradesh,Hyderabad
B-34865,19-02-2018,Bhavna Rao,Sikkim,Gangtok
B-34866,10-03-2018,Sharda Kumar,Kerala ,Thiruvananthapuram
B-34867,08-03-2018,Ajay Kumar,Karnataka,Bangalore
B-34868,09-09-2018,Mousam Sharma,Maharashtra,Mumbai
B-34869,19-05-2018,Pournamasi,Madhya Pradesh,Indore
B-34870,15-02-2018,Jitesh,Uttar Pradesh,Lucknow
B-34871,03-11-2018,Aniket Singh,Haryana,Chandigarh
B-34872,13-01-2018,Shruti,Madhya Pradesh,Indore
B-34873,09-02-2018,Arpita Patil,Karnataka,Bangalore
B-34874,10-03-2018,Harivansh Singh,Uttar Pradesh,Mathura
B-34875,12-12-2018,Pradeep Sharma,Delhi,Delhi
B-34876,19-01-2018,Tejeswini Singh,Maharashtra,Pune
B-34877,25-02-2018,Hemant,Kerala ,Thiruvananthapuram
B-34878,13-01-2018,Priyanka Jain,Madhya Pradesh,Indore
B-34879,10-03-2018,Harivansh Jain,Uttar Pradesh,Mathura
B-34880,04-03-2018,Nishi,Maharashtra,Mumbai
B-34881,02-02-2018,Mugdha Singh,Delhi,Delhi
B-34882,04-06-2018,Bhawna Kumar,Madhya Pradesh,Indore
B-34883,19-02-2018,Mukesh Kumar,Haryana,Chandigarh
B-34884,08-11-2018,Shubham Sharma,Maharashtra,Pune
B-34885,09-12-2018,Anand Singh,Punjab,Amritsar
B-34886,05-10-2018,Yash Jain,Maharashtra,Mumbai
B-34887,14-12-2018,Jay Kumar,Delhi,Delhi
B-34888,08-11-2018,Abhijeet,Madhya Pradesh,Bhopal
B-34889,22-01-2018,Mitali,Madhya Pradesh,Indore
B-34890,12-10-2018,Mane Patil,Andhra Pradesh,Hyderabad
B-34891,28-05-2018,Mahima,Maharashtra,Pune
B-34892,28-05-2018,Arsheen,Gujarat,Ahmedabad
B-34893,08-01-2018,Ankur Kumar,Andhra Pradesh,Hyderabad
B-34894,21-11-2018,Gunjal Jain,Gujarat,Surat
B-34895,03-11-2018,Mrunal Singh,Maharashtra,Mumbai
B-34896,01-12-2018,Vishakha Rao,Uttar Pradesh,Prayagraj
B-34897,29-10-2018,Ananya,Andhra Pradesh,Hyderabad
B-34898,24-09-2018,Abhishek Kumar,Maharashtra,Mumbai
B-34899,04-12-2018,Sathya Sharma,Gujarat,Surat
B-34900,19-02-2018,Kanak Kumar,Goa,Goa
B-34901,02-01-2018,Girase Patil,Kerala ,Thiruvananthapuram
B-34902,18-10-2018,Rohan Patil,Maharashtra,Mumbai
B-34903,26-03-2018,Bhavna Rao,Sikkim,Gangtok
B-34904,09-04-2018,Jitesh Patil,Uttar Pradesh,Lucknow
B-34905,05-11-2018,Abhishek Kumar,Goa,Goa
B-34906,17-06-2018,Rashmi Patil,Madhya Pradesh,Indore
B-34907,15-02-2018,Jitesh Patil,Uttar Pradesh,Lucknow
B-34908,13-01-2018,Shruti Rao,Madhya Pradesh,Indore
B-34909,02-12-2018,Rohan Rao,Punjab,Amritsar
B-34910,13-12-2018,Sujay Singh,Maharashtra,Pune
B-34911,27-03-2018,Manju Patil,Andhra Pradesh,Hyderabad
B-34912,25-08-2018,Madhav Kumar,Uttar Pradesh,Mathura
B-34913,16-03-2018,Nida Sharma,Madhya Pradesh,Indore
B-34914,22-01-2018,Mitali Jain,Madhya Pradesh,Indore
B-34915,02-09-2018,Sanjana Singh,Bihar,Patna
B-34916,26-04-2018,Parth Kumar,Maharashtra,Pune
B-34917,10-10-2018,Swapnil Jain,Madhya Pradesh,Indore
B-34918,20-01-2018,Oshin Rao,Maharashtra,Pune
B-34919,19-11-2018,Parakh Sharma,Nagaland,Kohima
B-34920,18-07-2018,Wale,Maharashtra,Mumbai
B-34921,22-08-2018,Shubham,Himachal Pradesh,Simla
B-34922,20-04-2018,Deepak,Madhya Pradesh,Bhopal
B-34923,21-06-2018,Noopur Kumar,Karnataka,Bangalore
B-34924,22-05-2018,Tanvi Patil,Punjab,Chandigarh
B-34925,05-03-2018,Lisha Jain,Madhya Pradesh,Bhopal
B-34926,28-05-2018,Akanksha Rao,Andhra Pradesh,Hyderabad
B-34927,08-07-2018,Raksha Singh,West Bengal,Kolkata
B-34928,24-03-2018,Yogesh Rao,Bihar,Patna
B-34929,05-07-2018,Megha Jain,Maharashtra,Pune
B-34930,15-03-2018,Farah Rao,Nagaland,Kohima
B-34931,12-12-2018,Pradeep Patil,Delhi,Delhi
B-34932,04-02-2018,Anmol Jain,Rajasthan,Udaipur
B-34933,22-02-2018,Deepak,Madhya Pradesh,Bhopal
B-34934,04-06-2018,Aayushi Rao,Madhya Pradesh,Indore
B-34935,18-02-2018,Shrichand Sharma,Punjab,Chandigarh
B-34936,16-03-2018,Tulika,Madhya Pradesh,Bhopal
B-34937,23-01-2018,Jesslyn Jain,Rajasthan,Udaipur
B-34938,12-04-2018,Shrichand Singh,Punjab,Chandigarh
B-34939,03-08-2018,Rane Patil,Maharashtra,Mumbai
B-34940,31-01-2018,Ginny Jain,Madhya Pradesh,Indore
B-34941,06-09-2018,Shreya Sharma,Kerala ,Thiruvananthapuram
B-34942,24-11-2018,Bhosale Rao,Punjab,Amritsar
B-34943,19-08-2018,Shourya Singh,Kerala ,Thiruvananthapuram
B-34944,19-02-2018,Mukesh,Haryana,Chandigarh
B-34945,19-01-2018,Tejeswini Rao,Maharashtra,Pune
B-34946,07-10-2018,Vipul Patil,Uttar Pradesh,Lucknow
B-34947,18-01-2018,Mahima Singh,Madhya Pradesh,Indore
B-34948,01-05-2018,Yaanvi Patil,Madhya Pradesh,Indore
B-34949,26-04-2018,Ashmi Rao,Madhya Pradesh,Indore
B-34950,08-06-2018,Shreya Singh,Kerala ,Thiruvananthapuram
B-34951,02-02-2018,Mugdha,Delhi,Delhi
B-34952,06-03-2018,Paridhi Jain,Rajasthan,Jaipur
B-34953,04-03-2018,Nishi,Maharashtra,Mumbai
B-34954,07-05-2018,Anurag Sharma,Madhya Pradesh,Indore
B-34955,28-03-2018,Vini Kumar,Karnataka,Bangalore
B-34956,08-06-2018,Shreya Patil,Kerala ,Thiruvananthapuram
B-34957,10-10-2018,Hrisheekesh Kumar,Maharashtra,Mumbai
B-34958,28-03-2018,Atharv Jain,West Bengal,Kolkata
B-34959,28-02-2018,Manish Rao,Himachal Pradesh,Simla
B-34960,24-08-2018,Pooja Jain,Goa,Goa
B-34961,05-01-2018,Vineet Rao,Sikkim,Gangtok
B-34962,08-02-2018,Nandita Singh,Rajasthan,Jaipur
B-34963,28-05-2018,Akanksha Sharma,Andhra Pradesh,Hyderabad
B-34964,22-10-2018,Tanushree Rao,Maharashtra,Mumbai
B-34965,04-02-2018,Yohann Patil,Delhi,Delhi
B-34966,04-06-2018,Avni Patil,Maharashtra,Mumbai
B-34967,18-01-2018,Mahima Kumar,Madhya Pradesh,Indore
B-34968,16-10-2018,Ajay Jain,West Bengal,Kolkata
B-34969,01-07-2018,Shivani Rao,Maharashtra,Mumbai
B-34970,22-03-2018,Divsha Rao,Rajasthan,Jaipur
B-34971,12-02-2018,Bharat Sharma,Gujarat,Ahmedabad
B-34972,11-06-2018,Pooja Jain,Himachal Pradesh,Simla
B-34973,19-08-2018,Shourya,Kerala ,Thiruvananthapuram
B-34974,02-06-2018,Ekta Singh,West Bengal,Kolkata
B-34975,18-01-2018,Shreya Singh,Andhra Pradesh,Hyderabad
B-34976,08-10-2018,Apsingekar Sharma,Bihar,Patna
B-34977,29-01-2018,Hemangi Patil,Delhi,Delhi
B-34978,14-01-2018,Krutika Singh,Andhra Pradesh,Hyderabad
B-34979,19-09-2018,Madan Mohan Sharma,Uttar Pradesh,Mathura
B-34980,19-02-2018,Mukesh Jain,Haryana,Chandigarh
B-34981,19-01-2018,Pratiksha Singh,Maharashtra,Mumbai
B-34982,05-10-2018,Yash Patil,Maharashtra,Mumbai
B-34983,06-11-2018,Kushal,Nagaland,Kohima
B-34984,14-02-2018,Aarushi,Tamil Nadu,Chennai
B-34985,24-11-2018,Siddharth Singh,Madhya Pradesh,Indore
B-34986,02-01-2018,Girase Jain,Kerala ,Thiruvananthapuram
B-34987,23-10-2018,Sheetal Sharma,Madhya Pradesh,Indore
B-34988,23-06-2018,Amisha Sharma,Tamil Nadu,Chennai
B-34989,24-04-2018,Sahil Patil,Punjab,Chandigarh
B-34990,25-05-2018,Piyali Patil,Sikkim,Gangtok
B-34991,14-08-2018,Vaibhav Sharma,Madhya Pradesh,Indore
B-34992,04-12-2018,Sathya Rao,Gujarat,Surat
B-34993,18-06-2018,Parna Patil,Madhya Pradesh,Bhopal
B-34994,10-10-2018,Nripraj Sharma,Punjab,Chandigarh
B-34995,29-06-2018,Riya Rao,Maharashtra,Mumbai
B-34996,05-03-2018,Lisha Rao,Madhya Pradesh,Bhopal
B-34997,28-08-2018,Sanjova Singh,Maharashtra,Pune
B-34998,03-11-2018,Snel Patil,Kerala ,Thiruvananthapuram
B-34999,08-12-2018,Aishwarya Singh,Uttar Pradesh,Prayagraj
B-35000,23-12-2018,Neha Patil,Rajasthan,Udaipur
B-35001,09-12-2018,Anand,Punjab,Amritsar
B-35002,24-06-2018,Kritika Patil,Uttar Pradesh,Lucknow
B-35003,03-02-2018,Mansi Rao,Madhya Pradesh,Indore
B-35004,18-06-2018,Subhasmita Singh,Rajasthan,Jaipur
B-35005,09-12-2018,Anand Sharma,Punjab,Amritsar
B-35006,03-11-2018,Aniket Kumar,Haryana,Chandigarh
B-35007,09-09-2018,Mousam Patil,Maharashtra,Mumbai
B-35008,25-04-2018,Manish Sharma,Himachal Pradesh,Simla
B-35009,16-12-2018,Preksha Kumar,Delhi,Delhi
B-35010,24-04-2018,Hemant Sharma,Kerala ,Thiruvananthapuram
B-35011,25-02-2018,Hemant Sharma,Kerala ,Thiruvananthapuram
B-35012,01-07-2018,Aakanksha Rao,Madhya Pradesh,Indore
B-35013,24-11-2018,Apoorv Jain,Rajasthan,Udaipur
B-35014,18-02-2018,Shrichand Jain,Punjab,Chandigarh
B-35015,05-02-2018,Diwakar Sharma,Delhi,Delhi
B-35016,24-04-2018,Sahil Kumar,Punjab,Chandigarh
B-35017,01-07-2018,Aakanksha,Madhya Pradesh,Indore
B-35018,19-03-2018,Subhashree,Jammu and Kashmir,Kashmir
B-35019,02-03-2018,Sanjay Rao,Goa,Goa
B-35020,28-06-2018,Ekta Singh,Madhya Pradesh,Indore
B-35021,05-10-2018,Ankit,Maharashtra,Mumbai
B-35022,04-12-2018,Aditi,Rajasthan,Udaipur
B-35023,08-08-2018,Devendra Kumar,Andhra Pradesh,Hyderabad
B-35024,27-04-2018,Lisha Rao,Madhya Pradesh,Bhopal
B-35025,27-04-2018,Paridhi Patil,Rajasthan,Jaipur
B-35026,16-10-2018,Dheeraj Jain,Rajasthan,Jaipur
B-35027,29-10-2018,Krishna Singh,Madhya Pradesh,Indore
B-35028,28-03-2018,Monisha Singh,Rajasthan,Jaipur
B-35029,16-03-2018,Tulika,Madhya Pradesh,Bhopal
B-35030,04-03-2018,Nishi Rao,Maharashtra,Mumbai
B-35031,16-11-2018,Komal Sharma,Himachal Pradesh,Simla
B-35032,19-08-2018,Shourya Kumar,Kerala ,Thiruvananthapuram
B-35033,27-04-2018,Parishi Patil,West Bengal,Kolkata
B-35034,05-10-2018,Yash Kumar,Maharashtra,Mumbai
B-35035,08-05-2018,Tushina Rao,Goa,Goa
B-35036,10-10-2018,Utsav Sharma,Maharashtra,Mumbai
B-35037,28-03-2018,Vini Jain,Karnataka,Bangalore
B-35038,25-01-2018,Priyanka Rao,Uttar Pradesh,Prayagraj
B-35039,03-08-2018,Rane Patil,Maharashtra,Mumbai
B-35040,28-01-2018,Amruta,Delhi,Delhi
B-35041,13-05-2018,Tulika Jain,Madhya Pradesh,Bhopal
B-35042,14-12-2018,Jay Patil,Delhi,Delhi
B-35043,24-03-2018,Yogesh Sharma,Bihar,Patna
B-35044,31-10-2018,Sneha Patil,Karnataka,Bangalore
B-35045,19-07-2018,Sheetal Patil,Madhya Pradesh,Indore
B-35046,30-07-2018,Arindam Kumar,Uttar Pradesh,Lucknow
B-35047,04-02-2018,Yohann,Delhi,Delhi
B-35048,17-06-2018,Rashmi Kumar,Madhya Pradesh,Indore
B-35049,04-01-2018,Sudhir Kumar,Nagaland,Kohima
B-35050,02-12-2018,Rohan Jain,Punjab,Amritsar
B-35051,10-02-2018,Komal Singh,Uttar Pradesh,Lucknow
B-35052,22-03-2018,Hazel Patil,Karnataka,Bangalore
B-35053,03-02-2018,Gaurav,Rajasthan,Udaipur
B-35054,10-12-2018,Swapnil Patil,Delhi,Delhi
B-35055,26-04-2018,Nishi Sharma,Maharashtra,Mumbai
B-35056,14-06-2018,Bhaggyasree Singh,Maharashtra,Mumbai
B-35057,04-02-2018,Yohann Patil,Delhi,Delhi
B-35058,22-07-2018,Madhulika Patil,Madhya Pradesh,Bhopal
B-35059,27-01-2018,Shweta Jain,Rajasthan,Udaipur
B-35060,05-01-2018,Ankit Kumar,Haryana,Chandigarh
B-35061,19-11-2018,Parakh Jain,Nagaland,Kohima
B-35062,21-03-2018,Pournamasi Kumar,Madhya Pradesh,Indore
B-35063,02-12-2018,Rohan Jain,Punjab,Amritsar
B-35064,05-10-2018,Yash Singh,Maharashtra,Mumbai
B-35065,29-10-2018,Sanjana Jain,Madhya Pradesh,Indore
B-35066,26-02-2018,Sahil Jain,Punjab,Chandigarh
B-35067,26-07-2018,Akash Patil,West Bengal,Kolkata
B-35068,12-08-2018,Nitant Singh,Rajasthan,Jaipur
B-35069,11-07-2018,Surabhi Rao,Tamil Nadu,Chennai
B-35070,31-12-2018,Shreya Kumar,Uttar Pradesh,Lucknow
B-35071,09-04-2018,Jitesh Singh,Uttar Pradesh,Lucknow
B-35072,17-02-2018,Anita Patil,Kerala ,Thiruvananthapuram
B-35073,31-12-2018,Shreya Jain,Uttar Pradesh,Lucknow
B-35074,15-03-2018,Tushina Singh,Goa,Goa
B-35075,14-08-2018,Vaibhav Patil,Madhya Pradesh,Indore
B-35076,01-07-2018,Swetlana Kumar,Goa,Goa
B-35077,25-08-2018,Madhav Rao,Uttar Pradesh,Mathura
B-35078,14-11-2018,Chikku Sharma,Madhya Pradesh,Indore
B-35079,10-08-2018,Shivam Singh,Maharashtra,Pune
B-35080,22-06-2018,Vijay Sharma,Jammu and Kashmir,Kashmir
B-35081,06-05-2018,Chirag Patil,Maharashtra,Mumbai
B-35082,09-09-2018,Mousam Jain,Maharashtra,Mumbai
B-35083,01-10-2018,Ishit Jain,Maharashtra,Pune
B-35084,22-04-2018,Vini Jain,Karnataka,Bangalore
B-35085,03-08-2018,Daksh Patil,Haryana,Chandigarh
B-35086,26-02-2018,Sahil Sharma,Punjab,Chandigarh
B-35087,03-02-2018,Mansi Patil,Madhya Pradesh,Indore
B-35088,20-04-2018,Deepak Kumar,Madhya Pradesh,Bhopal
B-35089,03-11-2018,Aniket Patil,Haryana,Chandigarh
B-35090,11-07-2018,Surabhi Jain,Tamil Nadu,Chennai
B-35091,20-04-2018,Sarita,Maharashtra,Pune
B-35092,22-09-2018,Akshay Sharma,Uttar Pradesh,Lucknow
B-35093,15-05-2018,Sanskriti Kumar,West Bengal,Kolkata
B-35094,14-08-2018,Nishant,Maharashtra,Mumbai
B-35095,04-01-2018,Shikhar Jain,Maharashtra,Mumbai
B-35096,28-11-2018,Brijesh Patil,Rajasthan,Udaipur
B-35097,28-08-2018,Sanjova Rao,Maharashtra,Pune
B-35098,30-08-2018,Surabhi,Rajasthan,Jaipur
B-35099,15-11-2018,Amol Singh,Bihar,Patna
B-35100,15-09-2018,Aayushi Rao,Maharashtra,Mumbai
B-35101,22-04-2018,Atharv Kumar,West Bengal,Kolkata
B-35102,21-03-2018,Pearl Jain,Maharashtra,Pune
B-35103,10-07-2018,Srishti Sharma,Jammu and Kashmir,Kashmir
B-35104,22-06-2018,Vijay Patil,Jammu and Kashmir,Kashmir
B-35105,22-07-2018,Rishabh Kumar,Rajasthan,Jaipur
B-35106,19-02-2018,Vandana Kumar,Himachal Pradesh,Simla
B-35107,03-04-2018,Jahan Jain,Madhya Pradesh,Bhopal
B-35108,28-02-2018,Manish Sharma,Himachal Pradesh,Simla
B-35109,22-01-2018,Rhea Rao,Maharashtra,Mumbai
B-35110,03-11-2018,Soodesh Jain,Punjab,Chandigarh
B-35111,27-01-2018,Parin,Maharashtra,Mumbai
B-35112,03-06-2018,Bathina Kumar,Karnataka,Bangalore
B-35113,07-02-2018,Patil Patil,Delhi,Delhi
B-35114,11-06-2018,Swetha Singh,Madhya Pradesh,Indore
B-35115,06-05-2018,Chirag Singh,Maharashtra,Mumbai
B-35116,28-06-2018,Ekta Jain,Madhya Pradesh,Indore
B-35117,14-03-2018,Anurag Sharma,Madhya Pradesh,Indore
B-35118,02-06-2018,Ekta Kumar,West Bengal,Kolkata
B-35119,10-06-2018,Sheetal,Madhya Pradesh,Indore
B-35120,30-01-2018,Kajal Rao,Delhi,Delhi
B-35121,26-04-2018,Nidhi Singh,Nagaland,Kohima
B-35122,10-12-2018,Suraj Kumar,Gujarat,Surat
B-35123,04-12-2018,Shivani Kumar,Madhya Pradesh,Indore
B-35124,10-07-2018,Srishti Patil,Jammu and Kashmir,Kashmir
B-35125,07-08-2018,Aman Kumar,Nagaland,Kohima
B-35126,28-01-2018,Amruta Sharma,Delhi,Delhi
B-35127,18-08-2018,Akshay Sharma,Bihar,Patna
B-35128,18-01-2018,Mahima Sharma,Madhya Pradesh,Indore
B-35129,17-04-2018,Sagar Rao,Nagaland,Kohima
B-35130,03-08-2018,Navdeep Patil,Madhya Pradesh,Indore
B-35131,14-08-2018,Priyanshu,Madhya Pradesh,Indore
B-35132,03-11-2018,Snel,Kerala ,Thiruvananthapuram
B-35133,08-03-2018,Ajay Patil,Karnataka,Bangalore
B-35134,29-07-2018,Pranav Jain,Madhya Pradesh,Indore
B-35135,16-11-2018,Komal Jain,Himachal Pradesh,Simla
B-35136,10-09-2018,Aditi Rao,Madhya Pradesh,Indore
B-35137,21-11-2018,Gunjal Patil,Gujarat,Surat
B-35138,13-02-2018,Pearl Rao,Maharashtra,Pune
B-35139,16-03-2018,Tulika Jain,Madhya Pradesh,Bhopal
B-35140,14-05-2018,Shefali Singh,Rajasthan,Jaipur
B-35141,15-04-2018,Kanak Kumar,Goa,Goa
B-35142,16-03-2018,Tulika Kumar,Madhya Pradesh,Bhopal
B-35143,29-07-2018,Pranav Sharma,Madhya Pradesh,Indore
B-35144,14-08-2018,Nishant Rao,Maharashtra,Mumbai
B-35145,28-01-2018,Amruta Sharma,Delhi,Delhi
B-35146,11-06-2018,Pooja Rao,Himachal Pradesh,Simla
B-35147,05-02-2018,Diwakar Singh,Delhi,Delhi
B-35148,09-09-2018,Mousam Patil,Maharashtra,Mumbai
B-35149,18-11-2018,Vikash Rao,Goa,Goa
B-35150,07-07-2018,Adhvaita Patil,Rajasthan,Jaipur
B-35151,04-12-2018,Monu Singh,Punjab,Amritsar
B-35152,22-07-2018,Ameesha Kumar,Maharashtra,Pune
B-35153,07-12-2018,Abhishek Patil,Rajasthan,Udaipur
B-35154,10-11-2018,Anand Patil,Madhya Pradesh,Indore
B-35155,16-10-2018,Ajay Rao,West Bengal,Kolkata
B-35156,13-01-2018,Mukund Singh,Maharashtra,Pune
B-35157,01-07-2018,Kishwar Patil,Madhya Pradesh,Indore
B-35158,24-08-2018,Pooja Jain,Goa,Goa
B-35159,22-07-2018,Madhulika Singh,Madhya Pradesh,Bhopal
B-35160,19-07-2018,Sheetal Jain,Madhya Pradesh,Indore
B-35161,22-06-2018,Vijay Singh,Jammu and Kashmir,Kashmir
B-35162,08-12-2018,Aishwarya Sharma,Uttar Pradesh,Prayagraj
B-35163,06-03-2018,Paridhi,Rajasthan,Jaipur
B-35164,09-07-2018,Stuti Rao,Karnataka,Bangalore
B-35165,24-09-2018,Sukant Sharma,Sikkim,Gangtok
B-35166,16-06-2018,Akancha Kumar,Maharashtra,Mumbai
B-35167,23-02-2018,Pinky Rao,Jammu and Kashmir,Kashmir
B-35168,07-03-2018,Parishi Sharma,West Bengal,Kolkata
B-35169,20-09-2018,Asish Rao,Jammu and Kashmir,Kashmir
B-35170,20-04-2018,Deepak,Madhya Pradesh,Bhopal
B-35171,30-12-2018,Dipali Jain,Madhya Pradesh,Indore
B-35172,13-01-2018,Mukund Rao,Maharashtra,Pune
B-35173,29-06-2018,Riya Singh,Maharashtra,Mumbai
B-35174,04-12-2018,Sathya Kumar,Gujarat,Surat
B-35175,14-12-2018,Jay Jain,Delhi,Delhi
B-35176,22-07-2018,Madhulika Kumar,Madhya Pradesh,Bhopal
B-35177,22-03-2018,Aarushi,Tamil Nadu,Chennai
B-35178,28-04-2018,Ajay Singh,Karnataka,Bangalore
B-35179,18-08-2018,Akshay,Bihar,Patna
B-35180,21-01-2018,Shreyshi Patil,Gujarat,Surat
B-35181,24-06-2018,Kritika Rao,Uttar Pradesh,Lucknow
B-35182,15-03-2018,Farah Singh,Nagaland,Kohima
B-35183,14-10-2018,Sandeep Sharma,Madhya Pradesh,Indore
B-35184,08-11-2018,Gaurav,Gujarat,Ahmedabad
B-35185,24-09-2018,Sukant Jain,Sikkim,Gangtok
B-35186,09-09-2018,Mousam,Maharashtra,Mumbai
B-35187,08-10-2018,Apsingekar Singh,Bihar,Patna
B-35188,27-08-2018,Noshiba Patil,Gujarat,Ahmedabad
B-35189,15-03-2018,Farah Patil,Nagaland,Kohima
B-35190,30-06-2018,Shweta Rao,Madhya Pradesh,Indore
B-35191,04-03-2018,Nishi Sharma,Maharashtra,Mumbai
B-35192,04-12-2018,Monu Patil,Punjab,Amritsar
B-35193,14-02-2018,Sonakshi Singh,Jammu and Kashmir,Kashmir
B-35194,22-06-2018,Vijay Jain,Jammu and Kashmir,Kashmir
B-35195,04-01-2018,Sudhir Singh,Nagaland,Kohima
B-35196,15-11-2018,Aromal Rao,Maharashtra,Mumbai
B-35197,26-12-2018,Akshata Sharma,Gujarat,Surat
B-35198,13-04-2018,Vandana Singh,Himachal Pradesh,Simla
B-35199,11-05-2018,Nida Patil,Madhya Pradesh,Indore
B-35200,28-03-2018,Monisha Patil,Rajasthan,Jaipur
B-35201,20-11-2018,Pranav Singh,Andhra Pradesh,Hyderabad
B-35202,03-08-2018,Navdeep Jain,Madhya Pradesh,Indore
B-35203,23-10-2018,Sheetal,Madhya Pradesh,Indore
B-35204,16-11-2018,Komal Patil,Himachal Pradesh,Simla
B-35205,15-07-2018,Namrata Sharma,Punjab,Chandigarh
B-35206,22-07-2018,Madhulika Kumar,Madhya Pradesh,Bhopal
B-35207,29-04-2018,Kirti Kumar,Jammu and Kashmir,Kashmir
B-35208,24-09-2018,Avish Sharma,Kerala ,Thiruvananthapuram
B-35209,09-08-2018,Kartik Singh,Gujarat,Ahmedabad
B-35210,25-05-2018,Piyali Patil,Sikkim,Gangtok
B-35211,15-09-2018,Aayushi Sharma,Maharashtra,Mumbai
B-35212,12-01-2018,Saurabh Patil,Andhra Pradesh,Hyderabad
B-35213,22-03-2018,Sonakshi Kumar,Jammu and Kashmir,Kashmir
B-35214,28-02-2018,Manish,Himachal Pradesh,Simla
B-35215,18-01-2018,Aparajita Sharma,West Bengal,Kolkata
B-35216,27-04-2018,Parishi,West Bengal,Kolkata
B-35217,16-02-2018,Yogesh Kumar,Bihar,Patna
B-35218,24-09-2018,Abhishek Sharma,Maharashtra,Mumbai
B-35219,06-11-2018,Kushal Kumar,Nagaland,Kohima
B-35220,07-06-2018,Krutika Jain,Bihar,Patna
B-35221,22-03-2018,Sonakshi Sharma,Jammu and Kashmir,Kashmir
B-35222,02-12-2018,Rohan Patil,Punjab,Amritsar
B-35223,05-10-2018,Ankit Sharma,Maharashtra,Mumbai
B-35224,01-07-2018,Swetlana Patil,Goa,Goa
B-35225,27-07-2018,Anubhaw Singh,Karnataka,Bangalore
B-35226,01-08-2018,Shubham Kumar,Madhya Pradesh,Indore
B-35227,31-05-2018,Shreya Kumar,Madhya Pradesh,Bhopal
B-35228,25-01-2018,Manisha Patil,Rajasthan,Udaipur
B-35229,31-10-2018,Sneha,Karnataka,Bangalore
B-35230,03-02-2018,Mansi Patil,Madhya Pradesh,Indore
B-35231,27-01-2018,Aayushi,Gujarat,Surat
B-35232,06-10-2018,Dhanraj Jain,Madhya Pradesh,Indore
B-35233,09-10-2018,Suman Jain,Kerala ,Thiruvananthapuram
B-35234,25-12-2018,Sandra Singh,Punjab,Amritsar
B-35235,01-07-2018,Shivani Sharma,Maharashtra,Mumbai
B-35236,18-06-2018,Parna,Madhya Pradesh,Bhopal
B-35237,09-04-2018,Jitesh Rao,Uttar Pradesh,Lucknow
B-35238,03-08-2018,Daksh Jain,Haryana,Chandigarh
B-35239,09-02-2018,Arpita Rao,Karnataka,Bangalore
B-35240,29-03-2018,Pinky Singh,Jammu and Kashmir,Kashmir
B-35241,26-04-2018,Parth Kumar,Maharashtra,Pune
B-35242,04-06-2018,Avni Patil,Maharashtra,Mumbai
B-35243,06-04-2018,Sonakshi Jain,Jammu and Kashmir,Kashmir
B-35244,11-04-2018,Anita Patil,Kerala ,Thiruvananthapuram
B-35245,11-06-2018,Pooja,Himachal Pradesh,Simla
B-35246,17-07-2018,Inderpreet Sharma,Himachal Pradesh,Simla
B-35247,07-11-2018,Soumyabrata Sharma,Andhra Pradesh,Hyderabad
B-35248,24-11-2018,Bhosale Jain,Punjab,Amritsar
B-35249,13-01-2018,Shantanu Singh,Maharashtra,Mumbai
B-35250,10-09-2018,Aditi Patil,Madhya Pradesh,Indore
B-35251,28-08-2018,Sanjova Patil,Maharashtra,Pune
B-35252,15-04-2018,Bhavna Kumar,Sikkim,Gangtok
B-35253,29-10-2018,Palak Singh,Maharashtra,Mumbai
B-35254,05-10-2018,Yash Patil,Maharashtra,Mumbai
B-35255,19-02-2018,Bhavna Kumar,Sikkim,Gangtok
B-35256,29-03-2018,Pinky,Jammu and Kashmir,Kashmir
B-35257,27-03-2018,Sarita Patil,Maharashtra,Pune
B-35258,03-08-2018,Rane Rao,Maharashtra,Mumbai
B-35259,25-02-2018,Hemant Sharma,Kerala ,Thiruvananthapuram
B-35260,04-01-2018,Rahul Rao,Madhya Pradesh,Indore
B-35261,08-03-2018,Ajay Kumar,Karnataka,Bangalore
B-35262,24-09-2018,Avish Rao,Kerala ,Thiruvananthapuram
B-35263,08-04-2018,Aarushi Patil,Tamil Nadu,Chennai
B-35264,04-12-2018,Shivani Patil,Madhya Pradesh,Indore
B-35265,24-11-2018,Siddharth Sharma,Madhya Pradesh,Indore
B-35266,06-07-2018,Sakshi Singh,Madhya Pradesh,Bhopal
B-35267,01-10-2018,Shishu Singh,Andhra Pradesh,Hyderabad
B-35268,23-02-2018,Pinky Kumar,Jammu and Kashmir,Kashmir
B-35269,02-09-2018,Sakshi Singh,Madhya Pradesh,Indore
B-35270,24-09-2018,Sukrith Jain,Maharashtra,Mumbai
B-35271,30-04-2018,Mayank Singh,Maharashtra,Mumbai
B-35272,07-01-2018,Jaideep Sharma,Nagaland,Kohima
B-35273,21-03-2018,Jahan Singh,Madhya Pradesh,Bhopal
B-35274,13-09-2018,Teena Singh,Andhra Pradesh,Hyderabad
B-35275,08-02-2018,Nandita Singh,Rajasthan,Jaipur
B-35276,03-01-2018,Monica,Punjab,Chandigarh
B-35277,22-04-2018,Monisha Jain,Rajasthan,Jaipur
B-35278,28-03-2018,Atharv Singh,West Bengal,Kolkata
B-35279,11-06-2018,Swetha Jain,Madhya Pradesh,Indore
B-35280,14-06-2018,Bhaggyasree Sharma,Maharashtra,Mumbai
B-35281,03-01-2018,Monica Sharma,Punjab,Chandigarh
B-35282,28-01-2018,Amruta Singh,Delhi,Delhi
B-35283,31-08-2018,Ashmeet Kumar,West Bengal,Kolkata
B-35284,22-02-2018,Deepak Patil,Madhya Pradesh,Bhopal
B-35285,14-02-2018,Aarushi Singh,Tamil Nadu,Chennai
B-35286,29-10-2018,Palak Kumar,Maharashtra,Mumbai
B-35287,27-04-2018,Parishi Patil,West Bengal,Kolkata
B-35288,18-01-2018,Muskan Patil,Madhya Pradesh,Indore
B-35289,26-12-2018,Akshata Sharma,Gujarat,Surat
B-35290,24-03-2018,Yogesh Sharma,Bihar,Patna
B-35291,10-10-2018,Nripraj Rao,Punjab,Chandigarh
B-35292,27-03-2018,Ramesh Sharma,Gujarat,Ahmedabad
B-35293,15-11-2018,Akshay Rao,Tamil Nadu,Chennai
B-35294,22-02-2018,Monisha,Rajasthan,Jaipur
B-35295,27-03-2018,Ramesh,Gujarat,Ahmedabad
B-35296,02-09-2018,Sanjana Singh,Bihar,Patna
B-35297,27-01-2018,Shivangi Singh,Madhya Pradesh,Indore
B-35298,31-03-2018,Hitika Jain,Madhya Pradesh,Indore
B-35299,02-09-2018,Sakshi,Madhya Pradesh,Indore
B-35300,05-10-2018,Ankit Jain,Maharashtra,Mumbai
B-35301,12-07-2018,Rashmi Singh,Madhya Pradesh,Indore
B-35302,04-05-2018,Aditya,Punjab,Chandigarh
B-35303,24-09-2018,Sukrith Singh,Maharashtra,Mumbai
B-35304,08-07-2018,Raksha Jain,West Bengal,Kolkata
B-35305,01-10-2018,Divyansh Jain,Gujarat,Ahmedabad
B-35306,20-08-2018,Mohan Singh,Maharashtra,Mumbai
B-35307,31-07-2018,Akshat,Maharashtra,Mumbai
B-35308,24-09-2018,Siddharth Singh,Madhya Pradesh,Indore
B-35309,24-03-2018,Yogesh Singh,Bihar,Patna
B-35310,23-02-2018,Pinky Jain,Jammu and Kashmir,Kashmir
B-35311,10-10-2018,Nripraj Singh,Punjab,Chandigarh
B-35312,09-09-2018,Mousam Singh,Maharashtra,Mumbai
B-35313,29-08-2018,Meghana Jain,Madhya Pradesh,Bhopal
B-35314,04-02-2018,Prashant,Delhi,Delhi
B-35315,08-11-2018,Gaurav Patil,Gujarat,Ahmedabad
B-35316,08-05-2018,Tushina Rao,Goa,Goa
B-35317,22-10-2018,Tanushree Singh,Maharashtra,Mumbai
B-35318,11-04-2018,Anita Patil,Kerala ,Thiruvananthapuram
B-35319,15-11-2018,Arun Kumar,Madhya Pradesh,Indore
B-35320,09-08-2018,Kartik Singh,Gujarat,Ahmedabad
B-35321,21-07-2018,Kiran Kumar,Maharashtra,Mumbai
B-35322,15-04-2018,Kanak Jain,Goa,Goa
B-35323,13-09-2018,Teena Jain,Andhra Pradesh,Hyderabad
B-35324,11-12-2018,Abhijit Sharma,Delhi,Delhi
B-35325,17-07-2018,Inderpreet Singh,Himachal Pradesh,Simla
B-35326,10-05-2018,Sabah,Maharashtra,Mumbai
B-35327,08-11-2018,Abhijeet Singh,Madhya Pradesh,Bhopal
B-35328,23-04-2018,Bhishm Singh,Maharashtra,Mumbai
B-35329,05-01-2018,Shikhar Rao,Himachal Pradesh,Simla
B-35330,31-03-2018,Hitika Singh,Madhya Pradesh,Indore
B-35331,27-01-2018,Shivangi Sharma,Madhya Pradesh,Indore
B-35332,20-03-2018,Sweta Kumar,Maharashtra,Mumbai
B-35333,03-12-2018,Abhishek Kumar,Gujarat,Surat
B-35334,06-01-2018,Vivek Sharma,Goa,Goa
B-35335,11-06-2018,Sanjna Sharma,Maharashtra,Mumbai
B-35336,27-07-2018,Anubhaw Rao,Karnataka,Bangalore
B-35337,10-09-2018,Aditi Rao,Madhya Pradesh,Indore
B-35338,04-02-2018,Anmol Rao,Rajasthan,Udaipur
B-35339,26-11-2018,Masurkar Sharma,Punjab,Amritsar
B-35340,26-04-2018,Nidhi Patil,Nagaland,Kohima
B-35341,10-12-2018,Ishpreet Patil,Maharashtra,Mumbai
B-35342,17-02-2018,Anita Patil,Kerala ,Thiruvananthapuram
B-35343,27-01-2018,Shweta Rao,Rajasthan,Udaipur
B-35344,24-09-2018,Abhishek Kumar,Maharashtra,Mumbai
B-35345,08-02-2018,Hitesh,Madhya Pradesh,Bhopal
B-35346,31-03-2018,Hitika Patil,Madhya Pradesh,Indore
B-35347,09-06-2018,Samiksha,Maharashtra,Mumbai
B-35348,28-05-2018,Akanksha Singh,Andhra Pradesh,Hyderabad
B-35349,10-12-2018,Amlan Patil,Madhya Pradesh,Indore
B-35350,04-03-2018,Nishi Sharma,Maharashtra,Mumbai
B-35351,24-11-2018,Mrinal,Maharashtra,Mumbai
B-35352,08-02-2018,Harsh Patil,Delhi,Delhi
B-35353,10-06-2018,Sheetal Kumar,Madhya Pradesh,Indore
B-35354,12-04-2018,Mohan Singh,Haryana,Chandigarh
B-35355,29-06-2018,Riya Rao,Maharashtra,Mumbai
B-35356,27-12-2018,Gopal Singh,Maharashtra,Mumbai
B-35357,26-07-2018,Akash,West Bengal,Kolkata
B-35358,13-01-2018,Mukund,Maharashtra,Pune
B-35359,19-02-2018,Kanak Rao,Goa,Goa
B-35360,24-04-2018,Sahil Rao,Punjab,Chandigarh
B-35361,06-01-2018,Vivek Singh,Goa,Goa
B-35362,29-10-2018,Ananya Kumar,Andhra Pradesh,Hyderabad
B-35363,16-02-2018,Yogesh Sharma,Bihar,Patna
B-35364,18-04-2018,Manju Jain,Andhra Pradesh,Hyderabad
B-35365,29-12-2018,Shruti Jain,Maharashtra,Mumbai
B-35366,15-11-2018,Manibalan Kumar,Kerala ,Thiruvananthapuram
B-35367,09-04-2018,Yogesh Jain,Bihar,Patna
B-35368,21-11-2018,Gunjal Patil,Gujarat,Surat
B-35369,10-06-2018,Sheetal Rao,Madhya Pradesh,Indore
B-35370,03-06-2018,Bathina,Karnataka,Bangalore
B-35371,13-03-2018,Chirag Singh,Maharashtra,Mumbai
B-35372,25-01-2018,Priyanka,Uttar Pradesh,Prayagraj
B-35373,30-07-2018,Arindam Singh,Uttar Pradesh,Lucknow
B-35374,29-10-2018,Ananya Jain,Andhra Pradesh,Hyderabad
B-35375,29-04-2018,Kirti Jain,Jammu and Kashmir,Kashmir
B-35376,08-02-2018,Harsh Kumar,Delhi,Delhi
B-35377,12-01-2018,Saurabh Patil,Andhra Pradesh,Hyderabad
B-35378,14-08-2018,Vaibhav Kumar,Madhya Pradesh,Indore
B-35379,21-05-2018,Chayanika Singh,Kerala ,Thiruvananthapuram
B-35380,10-11-2018,Abhijeet Kumar,Maharashtra,Mumbai
B-35381,09-10-2018,Suman Patil,Kerala ,Thiruvananthapuram
B-35382,11-04-2018,Anita Singh,Kerala ,Thiruvananthapuram
B-35383,05-11-2018,Abhishek Patil,Goa,Goa
B-35384,12-04-2018,Shrichand Rao,Punjab,Chandigarh
B-35385,08-11-2018,Abhijeet Sharma,Madhya Pradesh,Bhopal
B-35386,16-02-2018,Yogesh Rao,Bihar,Patna
B-35387,03-11-2018,Mrunal Patil,Maharashtra,Mumbai
B-35388,19-08-2018,Shourya Rao,Kerala ,Thiruvananthapuram
B-35389,11-06-2018,Sanjna Singh,Maharashtra,Mumbai
B-35390,29-10-2018,Palak Sharma,Maharashtra,Mumbai
B-35391,20-02-2018,Manju,Andhra Pradesh,Hyderabad
B-35392,04-11-2018,K Singh,Sikkim,Gangtok
B-35393,27-03-2018,Ramesh Singh,Gujarat,Ahmedabad
B-35394,16-01-2018,Shiva,Maharashtra,Pune
B-35395,07-03-2018,Parishi Sharma,West Bengal,Kolkata
B-35396,17-04-2018,Sagar Jain,Nagaland,Kohima
B-35397,13-01-2018,Shruti Patil,Madhya Pradesh,Indore
B-35398,14-08-2018,Priyanshu Singh,Madhya Pradesh,Indore
B-35399,20-09-2018,Asish,Jammu and Kashmir,Kashmir
B-35400,24-11-2018,Divyeshkumar Sharma,Uttar Pradesh,Prayagraj
B-35401,22-08-2018,Shubham Sharma,Himachal Pradesh,Simla
B-35402,10-10-2018,Swapnil Singh,Madhya Pradesh,Indore
B-35403,25-11-2018,Lalita,Uttar Pradesh,Mathura
B-35404,20-04-2018,Deepak Patil,Madhya Pradesh,Bhopal
B-35405,06-09-2018,Shreya Rao,Kerala ,Thiruvananthapuram
B-35406,03-11-2018,Aniket Singh,Haryana,Chandigarh
B-35407,08-12-2018,Aishwarya Kumar,Uttar Pradesh,Prayagraj
B-35408,10-10-2018,Hrisheekesh,Maharashtra,Mumbai
B-35409,13-12-2018,Sujay,Maharashtra,Pune
B-35410,30-08-2018,Surabhi Patil,Rajasthan,Jaipur
B-35411,26-03-2018,Shrichand Rao,Punjab,Chandigarh
B-35412,31-03-2018,Hitika,Madhya Pradesh,Indore
B-35413,22-04-2018,Atharv Sharma,West Bengal,Kolkata
B-35414,01-07-2018,Kishwar Kumar,Madhya Pradesh,Indore
B-35415,07-05-2018,Anurag Jain,Madhya Pradesh,Indore
B-35416,18-08-2018,Akshay Rao,Bihar,Patna
B-35417,09-03-2018,Kirti Singh,Jammu and Kashmir,Kashmir
B-35418,04-01-2018,Sidharth Kumar,Maharashtra,Mumbai
B-35419,24-04-2018,Pooja Jain,Bihar,Patna
B-35420,01-05-2018,Yaanvi Kumar,Madhya Pradesh,Indore
B-35421,15-10-2018,Ankur Rao,Madhya Pradesh,Bhopal
B-35422,10-10-2018,Hrisheekesh,Maharashtra,Mumbai
B-35423,06-05-2018,Chirag Patil,Maharashtra,Mumbai
B-35424,27-03-2018,Sarita Sharma,Maharashtra,Pune
B-35425,25-12-2018,Sandra Rao,Punjab,Amritsar
B-35426,07-01-2018,Jaideep Kumar,Nagaland,Kohima
B-35427,10-10-2018,Nripraj Patil,Punjab,Chandigarh
B-35428,21-01-2018,Shreyshi Sharma,Gujarat,Surat
B-35429,16-03-2018,Priyanka,Maharashtra,Pune
B-35430,08-10-2018,Apsingekar Jain,Bihar,Patna
B-35431,10-12-2018,Amlan Kumar,Madhya Pradesh,Indore
B-35432,10-11-2018,Abhijeet Kumar,Maharashtra,Mumbai
B-35433,17-02-2018,Anita Kumar,Kerala ,Thiruvananthapuram
B-35434,18-06-2018,Suhani Singh,West Bengal,Kolkata
B-35435,05-12-2018,Aman Sharma,Maharashtra,Mumbai
B-35436,16-06-2018,Akancha Singh,Maharashtra,Mumbai
B-35437,23-02-2018,Pinky Patil,Jammu and Kashmir,Kashmir
B-35438,16-05-2018,Shruti Kumar,Karnataka,Bangalore
B-35439,22-04-2018,Monisha Sharma,Rajasthan,Jaipur
B-35440,21-01-2018,Sudevi Jain,Uttar Pradesh,Prayagraj
B-35441,25-08-2018,Madhav Sharma,Uttar Pradesh,Mathura
B-35442,03-11-2018,Swati Sharma,Madhya Pradesh,Indore
B-35443,16-01-2018,Shiva,Maharashtra,Pune
B-35444,06-02-2018,Shubham Sharma,Delhi,Delhi
B-35445,18-01-2018,Aparajita Sharma,West Bengal,Kolkata
B-35446,09-04-2018,Jitesh Sharma,Uttar Pradesh,Lucknow
B-35447,27-03-2018,Sagar Kumar,Nagaland,Kohima
B-35448,20-10-2018,Shyam Jain,Madhya Pradesh,Indore
B-35449,05-10-2018,Sudheer Jain,Karnataka,Bangalore
B-35450,15-11-2018,Arun Patil,Madhya Pradesh,Indore
B-35451,19-03-2018,Subhashree Kumar,Jammu and Kashmir,Kashmir
B-35452,27-12-2018,Gopal Patil,Maharashtra,Mumbai
B-35453,14-02-2018,Sonakshi Singh,Jammu and Kashmir,Kashmir
B-35454,07-05-2018,Anurag Rao,Madhya Pradesh,Indore
B-35455,04-03-2018,Parth Kumar,Maharashtra,Pune
B-35456,07-07-2018,Adhvaita Kumar,Rajasthan,Jaipur
B-35457,04-02-2018,Anmol Rao,Rajasthan,Udaipur
B-35458,10-10-2018,Kshitij Jain,Madhya Pradesh,Indore
B-35459,08-02-2018,Harsh Sharma,Delhi,Delhi
B-35460,31-05-2018,Shreya Jain,Madhya Pradesh,Bhopal
B-35461,14-08-2018,Vaibhav Sharma,Madhya Pradesh,Indore
B-35462,08-11-2018,Gaurav Jain,Gujarat,Ahmedabad
B-35463,07-07-2018,Adhvaita Rao,Rajasthan,Jaipur
B-35464,25-11-2018,Lalita Sharma,Uttar Pradesh,Mathura
B-35465,03-05-2018,Sharda Rao,Kerala ,Thiruvananthapuram
B-35466,03-11-2018,Mrunal Kumar,Maharashtra,Mumbai
B-35467,16-06-2018,Akancha Rao,Maharashtra,Mumbai
B-35468,20-04-2018,Deepak Singh,Madhya Pradesh,Bhopal
B-35469,30-01-2018,Kajal Kumar,Delhi,Delhi
B-35470,18-06-2018,Suhani,West Bengal,Kolkata
B-35471,22-07-2018,Ameesha Jain,Maharashtra,Pune
B-35472,10-08-2018,Shivam Rao,Maharashtra,Pune
B-35473,14-10-2018,Sandeep Patil,Madhya Pradesh,Indore
B-35474,29-10-2018,Ananya Jain,Andhra Pradesh,Hyderabad
B-35475,07-01-2018,Jaideep Jain,Nagaland,Kohima
B-35476,01-04-2018,Vrinda Singh,Maharashtra,Pune
B-35477,01-10-2018,Shishu Sharma,Andhra Pradesh,Hyderabad
B-35478,03-11-2018,Swati Patil,Madhya Pradesh,Indore
B-35479,11-06-2018,Pooja Rao,Himachal Pradesh,Simla
B-35480,24-09-2018,Sukrith Sharma,Maharashtra,Mumbai
B-35481,13-02-2018,Pearl Kumar,Maharashtra,Pune
B-35482,12-07-2018,Manshul Rao,Uttar Pradesh,Lucknow
B-35483,22-03-2018,Kasheen Kumar,West Bengal,Kolkata
B-35484,20-02-2018,Ramesh Singh,Gujarat,Ahmedabad
B-35485,06-12-2018,Rohan Kumar,Madhya Pradesh,Indore
B-35486,27-01-2018,Aayushi Singh,Gujarat,Surat
B-35487,01-11-2018,Ashvini Sharma,Maharashtra,Mumbai
B-35488,02-12-2018,Rohan Jain,Punjab,Amritsar
B-35489,09-02-2018,Kalyani,Tamil Nadu,Chennai
B-35490,16-03-2018,Ankita,Maharashtra,Mumbai
B-35491,15-11-2018,Arun Kumar,Madhya Pradesh,Indore
B-35492,09-04-2018,Yogesh Rao,Bihar,Patna
B-35493,30-07-2018,Arindam Kumar,Uttar Pradesh,Lucknow
B-35494,26-03-2018,Kanak Kumar,Goa,Goa
B-35495,11-05-2018,Nida,Madhya Pradesh,Indore
B-35496,18-06-2018,Suhani Singh,West Bengal,Kolkata
B-35497,23-03-2018,Jitesh Singh,Uttar Pradesh,Lucknow
B-35498,04-02-2018,Yogesh Sharma,Maharashtra,Pune
B-35499,14-03-2018,Anurag Rao,Madhya Pradesh,Indore
